block_num,Block_length_target,Goal_Bonded,Inflation_Rate_Change,Min_Inflation_Rate,Max_Inflation_Rate,Min_Signatures,Blocks_per_year,Validator_id,inflation_rate,total_supply,self_bonded_rew_denom,self_bonded_rew_amt,commission_denom,commission_amt,community_tax,min_proposer_bonus,max_proposer_bonus,timestamp,block_len,n_validators,atom_staked_v,percent_staked,sign_ratio,total_block_fees
12570575,7.23302752293578,0.6666,0.13,0.07,0.2,0.6666,4360000,cosmosvaloper1c4k24jzduc365kywrsvf5ujz4ya6mwympnc4en,0.1294683641602177,313400979167732,uatom,439.851733108298,uatom,814932315.8158958,0.02,0.01,0.04,2022-10-24T06:28:58.864875204Z,6.12345,175,14822218.455435,64.02,1.0,6376.0
12570576,7.23302752293578,0.6666,0.13,0.07,0.2,0.6666,4360000,cosmosvaloper1c4k24jzduc365kywrsvf5ujz4ya6mwympnc4en,0.1294683743487931,313400988474042,uatom,439.92079609383,uatom,815060274.1482382,0.02,0.01,0.04,2022-10-24T06:29:05.214338419Z,6.35,175,14822218.455435,64.02,1.0,8161.0
12570577,7.23302752293578,0.6666,0.13,0.07,0.2,0.6666,4360000,cosmosvaloper1c4k24jzduc365kywrsvf5ujz4ya6mwympnc4en,0.129468384537374,313400997780353,uatom,439.98987232436,uatom,815188257.0206119,0.02,0.01,0.04,2022-10-24T06:29:11.642173479Z,6.428,175,14822218.455435,64.02,1.0,12293.0
12570578,7.23302752293578,0.6666,0.13,0.07,0.2,0.6666,4360000,cosmosvaloper1c4k24jzduc365kywrsvf5ujz4ya6mwympnc4en,0.1294683947259582,313401007086665,uatom,440.058979211812,uatom,815316296.6934355,0.02,0.01,0.04,2022-10-24T06:29:17.913277171Z,6.271,175,14822218.455435,64.02,1.0,6231.0
12570579,7.23302752293578,0.6666,0.13,0.07,0.2,0.6666,4360000,cosmosvaloper1c4k24jzduc365kywrsvf5ujz4ya6mwympnc4en,0.1294684049145712,313401016392978,uatom,440.128041150466,uatom,815444253.0861458,0.02,0.01,0.04,2022-10-24T06:29:24.643454819Z,6.73,175,14822218.455435,64.02,1.0,11456.0
12570580,7.23302752293578,0.6666,0.13,0.07,0.2,0.6666,4360000,cosmosvaloper1c4k24jzduc365kywrsvf5ujz4ya6mwympnc4en,0.1294684151031896,313401025699292,uatom,440.197141844514,uatom,815572281.2839711,0.02,0.01,0.04,2022-10-24T06:29:31.006918411Z,6.363,175,14822218.455435,64.02,1.0,12070.0
12570581,7.23302752293578,0.6666,0.13,0.07,0.2,0.6666,4360000,cosmosvaloper1c4k24jzduc365kywrsvf5ujz4ya6mwympnc4en,0.1294684354804918,313401044311923,uatom,440.33535279045,uatom,815828355.3881721,0.02,0.01,0.04,2022-10-24T06:29:37.597191053Z,6.591,175,14822218.455435,64.02,1.0,12126.0
12570583,7.23302752293578,0.6666,0.13,0.07,0.2,0.6666,4360000,cosmosvaloper1c4k24jzduc365kywrsvf5ujz4ya6mwympnc4en,0.1294684456691635,313401053618240,uatom,440.404400448084,uatom,815956285.3213302,0.02,0.01,0.04,2022-10-24T06:29:50.326470203Z,6.12345,175,14822218.455435,64.02,1.0,3818.0
12570584,7.23302752293578,0.6666,0.13,0.07,0.2,0.6666,4360000,cosmosvaloper1c4k24jzduc365kywrsvf5ujz4ya6mwympnc4en,0.1294684558578418,313401062924558,uatom,440.473444545496,uatom,816084208.6581923,0.02,0.01,0.04,2022-10-24T06:29:57.123169383Z,6.797,175,14822218.455435,64.02,1.0,28784.0
12570586,7.23302752293578,0.6666,0.13,0.07,0.2,0.6666,4360000,cosmosvaloper1c4k24jzduc365kywrsvf5ujz4ya6mwympnc4en,0.129468476235279,313401081537197,uatom,440.611733197562,uatom,816340426.7345482,0.02,0.01,0.04,2022-10-24T06:30:10.734772597Z,6.12345,175,14822218.455435,64.02,1.0,13341.0
12570587,7.23302752293578,0.6666,0.13,0.07,0.2,0.6666,4360000,cosmosvaloper1c4k24jzduc365kywrsvf5ujz4ya6mwympnc4en,0.1294684966120837,313401100149840,uatom,440.800260647824,uatom,816689726.1161261,0.02,0.01,0.04,2022-10-24T06:30:17.479002722Z,6.745,175,14822218.455435,64.02,1.0,14543.0
12570588,7.23302752293578,0.6666,0.13,0.07,0.2,0.6666,4360000,cosmosvaloper1c4k24jzduc365kywrsvf5ujz4ya6mwympnc4en,0.1294684966120837,313401100149840,uatom,440.800260647824,uatom,816689726.1161261,0.02,0.01,0.04,2022-10-24T06:30:30.084053943Z,12.605,175,14822218.455435,64.02,1.0,7993.0
12570589,7.23302752293578,0.6666,0.13,0.07,0.2,0.6666,4360000,cosmosvaloper1c4k24jzduc365kywrsvf5ujz4ya6mwympnc4en,0.1294685169882349,313401118762487,uatom,440.98877886048,uatom,817039008.3824782,0.02,0.01,0.04,2022-10-24T06:30:36.776880042Z,6.692,175,14822218.455435,64.02,1.0,23434.0
12570591,7.23302752293578,0.6666,0.13,0.07,0.2,0.6666,4360000,cosmosvaloper1c4k24jzduc365kywrsvf5ujz4ya6mwympnc4en,0.1294685271763287,313401128068812,uatom,441.058097840248,uatom,817167441.0151318,0.02,0.01,0.04,2022-10-24T06:30:49.771819440Z,6.12345,175,14822218.455435,64.02,1.0,10596.0
12570592,7.23302752293578,0.6666,0.13,0.07,0.2,0.6666,4360000,cosmosvaloper1c4k24jzduc365kywrsvf5ujz4ya6mwympnc4en,0.1294685373644291,313401137375138,uatom,441.127380477282,uatom,817295806.3127946,0.02,0.01,0.04,2022-10-24T06:30:56.261173213Z,6.49,175,14822218.455435,64.02,1.0,16604.0
12570593,7.23302752293578,0.6666,0.13,0.07,0.2,0.6666,4360000,cosmosvaloper1c4k24jzduc365kywrsvf5ujz4ya6mwympnc4en,0.1294685475525324,313401146681465,uatom,441.196705984898,uatom,817424251.0400943,0.02,0.01,0.04,2022-10-24T06:31:02.941656214Z,6.68,175,14822218.455435,64.02,1.0,2162.0
12570594,7.23302752293578,0.6666,0.13,0.07,0.2,0.6666,4360000,cosmosvaloper1c4k24jzduc365kywrsvf5ujz4ya6mwympnc4en,0.1294685577406423,313401155987794,uatom,441.265787229146,uatom,817552243.201772,0.02,0.01,0.04,2022-10-24T06:31:09.473555267Z,6.532,175,14822218.455435,64.02,1.0,0.0
12570595,7.23302752293578,0.6666,0.13,0.07,0.2,0.6666,4360000,cosmosvaloper1c4k24jzduc365kywrsvf5ujz4ya6mwympnc4en,0.1294685679287586,313401165294124,uatom,441.334818673342,uatom,817680143.0950414,0.02,0.01,0.04,2022-10-24T06:31:16.447642100Z,6.974,175,14822218.455435,64.02,1.0,19988.0
12570596,7.23302752293578,0.6666,0.13,0.07,0.2,0.6666,4360000,cosmosvaloper1c4k24jzduc365kywrsvf5ujz4ya6mwympnc4en,0.1294685781168856,313401174600455,uatom,441.403982583844,uatom,817808288.4188805,0.02,0.01,0.04,2022-10-24T06:31:22.723526821Z,6.276,175,14822218.455435,64.02,1.0,4825.0
12570597,7.23302752293578,0.6666,0.13,0.07,0.2,0.6666,4360000,cosmosvaloper1c4k24jzduc365kywrsvf5ujz4ya6mwympnc4en,0.1294685883050184,313401183906787,uatom,441.47303405306,uatom,817936225.4140521,0.02,0.01,0.04,2022-10-24T06:31:29.282876015Z,6.559,175,14822218.455435,64.02,1.0,13818.0
12570598,7.23302752293578,0.6666,0.13,0.07,0.2,0.6666,4360000,cosmosvaloper1c4k24jzduc365kywrsvf5ujz4ya6mwympnc4en,0.1294685984931577,313401193213120,uatom,441.542152223094,uatom,818064285.9909903,0.02,0.01,0.04,2022-10-24T06:31:35.658880323Z,6.376,175,14822218.455435,64.02,1.0,18773.0
12570599,7.23302752293578,0.6666,0.13,0.07,0.2,0.6666,4360000,cosmosvaloper1c4k24jzduc365kywrsvf5ujz4ya6mwympnc4en,0.1294686086813036,313401202519454,uatom,441.611307146792,uatom,818192414.6642807,0.02,0.01,0.04,2022-10-24T06:31:42.125541707Z,6.467,175,14822218.455435,64.02,1.0,39128.0
12570600,7.23302752293578,0.6666,0.13,0.07,0.2,0.6666,4360000,cosmosvaloper1c4k24jzduc365kywrsvf5ujz4ya6mwympnc4en,0.1294686290576124,313401221132125,uatom,441.749808612566,uatom,818449027.0370429,0.02,0.01,0.04,2022-10-24T06:31:48.536287825Z,6.411,175,14822218.455435,64.02,1.0,2169.0
12570601,7.23302752293578,0.6666,0.13,0.07,0.2,0.6666,4360000,cosmosvaloper1c4k24jzduc365kywrsvf5ujz4ya6mwympnc4en,0.1294686392457754,313401230438462,uatom,441.869223049422,uatom,818670275.3957686,0.02,0.01,0.04,2022-10-24T06:31:54.977090211Z,6.441,175,14822218.455435,64.02,1.0,14680.0
12570603,7.23302752293578,0.6666,0.13,0.07,0.2,0.6666,4360000,cosmosvaloper1c4k24jzduc365kywrsvf5ujz4ya6mwympnc4en,0.1294686494341161,313401239744800,uatom,441.938373434188,uatom,818798395.6594279,0.02,0.01,0.04,2022-10-24T06:32:08.144087992Z,6.12345,175,14822218.455435,64.02,1.0,6762.0
12570604,7.23302752293578,0.6666,0.13,0.07,0.2,0.6666,4360000,cosmosvaloper1c4k24jzduc365kywrsvf5ujz4ya6mwympnc4en,0.1294686596224622,313401249051139,uatom,442.007439320782,uatom,818926359.3667924,0.02,0.01,0.04,2022-10-24T06:32:14.793190175Z,6.649,175,14822218.455435,64.02,1.0,10360.0
12570605,7.23302752293578,0.6666,0.13,0.07,0.2,0.6666,4360000,cosmosvaloper1c4k24jzduc365kywrsvf5ujz4ya6mwympnc4en,0.1294686698108092,313401258357479,uatom,442.076531951598,uatom,819054372.6252455,0.02,0.01,0.04,2022-10-24T06:32:21.769827642Z,6.976,175,14822218.455435,64.02,1.0,3474.0
12570606,7.23302752293578,0.6666,0.13,0.07,0.2,0.6666,4360000,cosmosvaloper1c4k24jzduc365kywrsvf5ujz4ya6mwympnc4en,0.1294686799991627,313401267663820,uatom,442.145573522918,uatom,819182291.28182,0.02,0.01,0.04,2022-10-24T06:32:34.079466672Z,12.31,175,14822218.455435,64.02,1.0,1557.0
12570607,7.23302752293578,0.6666,0.13,0.07,0.2,0.6666,4360000,cosmosvaloper1c4k24jzduc365kywrsvf5ujz4ya6mwympnc4en,0.1294686901875227,313401276970162,uatom,442.214600883462,uatom,819310183.6089947,0.02,0.01,0.04,2022-10-24T06:32:40.500708884Z,6.421,175,14822218.455435,64.02,1.0,10294.0
12570608,7.23302752293578,0.6666,0.13,0.07,0.2,0.6666,4360000,cosmosvaloper1c4k24jzduc365kywrsvf5ujz4ya6mwympnc4en,0.129468710564249,313401295582849,uatom,442.352900174024,uatom,819566421.3961108,0.02,0.01,0.04,2022-10-24T06:32:47.010186627Z,6.51,175,14822218.455435,64.02,1.0,4715.0
12570610,7.23302752293578,0.6666,0.13,0.07,0.2,0.6666,4360000,cosmosvaloper1c4k24jzduc365kywrsvf5ujz4ya6mwympnc4en,0.1294687207526154,313401304889194,uatom,442.421940112102,uatom,819694337.0266551,0.02,0.01,0.04,2022-10-24T06:32:56.033474565Z,6.12345,175,14822218.455435,64.02,1.0,1285.0
12570611,7.23302752293578,0.6666,0.13,0.07,0.2,0.6666,4360000,cosmosvaloper1c4k24jzduc365kywrsvf5ujz4ya6mwympnc4en,0.1294687309409882,313401314195540,uatom,442.490965481032,uatom,819822225.663809,0.02,0.01,0.04,2022-10-24T06:33:02.434471025Z,6.401,175,14822218.455435,64.02,1.0,0.0
12570612,7.23302752293578,0.6666,0.13,0.07,0.2,0.6666,4360000,cosmosvaloper1c4k24jzduc365kywrsvf5ujz4ya6mwympnc4en,0.1294687411293613,313401323501887,uatom,442.560107904078,uatom,819950331.1761771,0.02,0.01,0.04,2022-10-24T06:33:08.868510347Z,6.434,175,14822218.455435,64.02,1.0,7607.0
12570613,7.23302752293578,0.6666,0.13,0.07,0.2,0.6666,4360000,cosmosvaloper1c4k24jzduc365kywrsvf5ujz4ya6mwympnc4en,0.1294687513177392,313401332808235,uatom,442.62942186704,uatom,820078754.5138069,0.02,0.01,0.04,2022-10-24T06:33:15.258233899Z,6.39,175,14822218.455435,64.02,1.0,0.0
12570614,7.23302752293578,0.6666,0.13,0.07,0.2,0.6666,4360000,cosmosvaloper1c4k24jzduc365kywrsvf5ujz4ya6mwympnc4en,0.1294687615061229,313401342114584,uatom,442.698747814148,uatom,820207200.0553894,0.02,0.01,0.04,2022-10-24T06:33:22.030259759Z,6.772,175,14822218.455435,64.02,1.0,14886.0
12570615,7.23302752293578,0.6666,0.13,0.07,0.2,0.6666,4360000,cosmosvaloper1c4k24jzduc365kywrsvf5ujz4ya6mwympnc4en,0.1294687716945126,313401351420934,uatom,442.815942093176,uatom,820424334.9560739,0.02,0.01,0.04,2022-10-24T06:33:28.677186009Z,6.647,175,14822218.455435,64.02,1.0,6102.0
12570616,7.23302752293578,0.6666,0.13,0.07,0.2,0.6666,4360000,cosmosvaloper1c4k24jzduc365kywrsvf5ujz4ya6mwympnc4en,0.1294687920713085,313401370033637,uatom,442.954220288334,uatom,820680533.658105,0.02,0.01,0.04,2022-10-24T06:33:35.185357705Z,6.508,175,14822218.455435,64.02,1.0,27129.0
12570617,7.23302752293578,0.6666,0.13,0.07,0.2,0.6666,4360000,cosmosvaloper1c4k24jzduc365kywrsvf5ujz4ya6mwympnc4en,0.1294688022597163,313401379339990,uatom,443.023264356626,uatom,820808456.9410138,0.02,0.01,0.04,2022-10-24T06:33:41.641966231Z,6.456,175,14822218.455435,64.02,1.0,3800.0
12570619,7.23302752293578,0.6666,0.13,0.07,0.2,0.6666,4360000,cosmosvaloper1c4k24jzduc365kywrsvf5ujz4ya6mwympnc4en,0.1294688124481305,313401388646344,uatom,443.09228025154,uatom,820936328.0249307,0.02,0.01,0.04,2022-10-24T06:33:55.291264929Z,6.12345,175,14822218.455435,64.02,1.0,10511.0
12570620,7.23302752293578,0.6666,0.13,0.07,0.2,0.6666,4360000,cosmosvaloper1c4k24jzduc365kywrsvf5ujz4ya6mwympnc4en,0.1294688226365509,313401397952699,uatom,443.161374103426,uatom,821064343.5457535,0.02,0.01,0.04,2022-10-24T06:34:01.914924553Z,6.623,175,14822218.455435,64.02,1.0,6057.0
12570621,7.23302752293578,0.6666,0.13,0.07,0.2,0.6666,4360000,cosmosvaloper1c4k24jzduc365kywrsvf5ujz4ya6mwympnc4en,0.1294688328249779,313401407259055,uatom,443.230434931874,uatom,821192297.881498,0.02,0.01,0.04,2022-10-24T06:34:08.717955180Z,6.803,175,14822218.455435,64.02,1.0,2500.0
12570622,7.23302752293578,0.6666,0.13,0.07,0.2,0.6666,4360000,cosmosvaloper1c4k24jzduc365kywrsvf5ujz4ya6mwympnc4en,0.1294688430134113,313401416565412,uatom,443.299469389032,uatom,821320203.3571172,0.02,0.01,0.04,2022-10-24T06:34:15.087488782Z,6.37,175,14822218.455435,64.02,1.0,6250.0
12570623,7.23302752293578,0.6666,0.13,0.07,0.2,0.6666,4360000,cosmosvaloper1c4k24jzduc365kywrsvf5ujz4ya6mwympnc4en,0.1294688532018513,313401425871770,uatom,443.3685316636,uatom,821448160.3721992,0.02,0.01,0.04,2022-10-24T06:34:21.558829177Z,6.471,175,14822218.455435,64.02,1.0,0.0
12570624,7.23302752293578,0.6666,0.13,0.07,0.2,0.6666,4360000,cosmosvaloper1c4k24jzduc365kywrsvf5ujz4ya6mwympnc4en,0.1294688633902978,313401435178129,uatom,443.43756613559,uatom,821576065.8752987,0.02,0.01,0.04,2022-10-24T06:34:28.050581420Z,6.492,175,14822218.455435,64.02,1.0,13568.0
12570625,7.23302752293578,0.6666,0.13,0.07,0.2,0.6666,4360000,cosmosvaloper1c4k24jzduc365kywrsvf5ujz4ya6mwympnc4en,0.1294688735787499,313401444484489,uatom,443.506682695262,uatom,821704123.4685917,0.02,0.01,0.04,2022-10-24T06:34:39.627007824Z,11.577,175,14822218.455435,64.02,1.0,8552.0
12570626,7.23302752293578,0.6666,0.13,0.07,0.2,0.6666,4360000,cosmosvaloper1c4k24jzduc365kywrsvf5ujz4ya6mwympnc4en,0.1294688837672085,313401453790850,uatom,443.575762063704,uatom,821832112.154818,0.02,0.01,0.04,2022-10-24T06:34:46.298461004Z,6.671,175,14822218.455435,64.02,1.0,1601.0
12570627,7.23302752293578,0.6666,0.13,0.07,0.2,0.6666,4360000,cosmosvaloper1c4k24jzduc365kywrsvf5ujz4ya6mwympnc4en,0.1294688939556736,313401463097212,uatom,443.644789890616,uatom,821960005.3460675,0.02,0.01,0.04,2022-10-24T06:34:52.821345462Z,6.523,175,14822218.455435,64.02,1.0,849.0
12570628,7.23302752293578,0.6666,0.13,0.07,0.2,0.6666,4360000,cosmosvaloper1c4k24jzduc365kywrsvf5ujz4ya6mwympnc4en,0.1294689041441452,313401472403575,uatom,443.764027510652,uatom,822180926.1026032,0.02,0.01,0.04,2022-10-24T06:34:59.572198372Z,6.751,175,14822218.455435,64.02,1.0,5942.0
12570629,7.23302752293578,0.6666,0.13,0.07,0.2,0.6666,4360000,cosmosvaloper1c4k24jzduc365kywrsvf5ujz4ya6mwympnc4en,0.1294689143326233,313401481709939,uatom,443.833087545242,uatom,822308878.9675094,0.02,0.01,0.04,2022-10-24T06:35:05.996208619Z,6.424,175,14822218.455435,64.02,1.0,7459.0
12570631,7.23302752293578,0.6666,0.13,0.07,0.2,0.6666,4360000,cosmosvaloper1c4k24jzduc365kywrsvf5ujz4ya6mwympnc4en,0.1294689347095991,313401500322670,uatom,443.971192960414,uatom,822564757.5467011,0.02,0.01,0.04,2022-10-24T06:35:18.927910520Z,6.12345,175,14822218.455435,64.02,1.0,0.0
12570632,7.23302752293578,0.6666,0.13,0.07,0.2,0.6666,4360000,cosmosvaloper1c4k24jzduc365kywrsvf5ujz4ya6mwympnc4en,0.1294689448980963,313401509629037,uatom,444.040270874976,uatom,822692743.539212,0.02,0.01,0.04,2022-10-24T06:35:25.365346656Z,6.438,175,14822218.455435,64.02,1.0,3500.0
12570633,7.23302752293578,0.6666,0.13,0.07,0.2,0.6666,4360000,cosmosvaloper1c4k24jzduc365kywrsvf5ujz4ya6mwympnc4en,0.1294689550866,313401518935405,uatom,444.109312829364,uatom,822820662.9055283,0.02,0.01,0.04,2022-10-24T06:35:31.922254169Z,6.557,175,14822218.455435,64.02,1.0,6013.0
12570634,7.23302752293578,0.6666,0.13,0.07,0.2,0.6666,4360000,cosmosvaloper1c4k24jzduc365kywrsvf5ujz4ya6mwympnc4en,0.1294689652751102,313401528241774,uatom,444.17837342757,uatom,822948616.8146893,0.02,0.01,0.04,2022-10-24T06:35:38.445692350Z,6.523,175,14822218.455435,64.02,1.0,6993.0
12570635,7.23302752293578,0.6666,0.13,0.07,0.2,0.6666,4360000,cosmosvaloper1c4k24jzduc365kywrsvf5ujz4ya6mwympnc4en,0.129468975463627,313401537548144,uatom,444.247441300872,uatom,823076584.2029792,0.02,0.01,0.04,2022-10-24T06:35:45.243489859Z,6.798,175,14822218.455435,64.02,1.0,0.0
12570636,7.23302752293578,0.6666,0.13,0.07,0.2,0.6666,4360000,cosmosvaloper1c4k24jzduc365kywrsvf5ujz4ya6mwympnc4en,0.1294689856521502,313401546854515,uatom,444.316457321514,uatom,823204455.5198418,0.02,0.01,0.04,2022-10-24T06:35:51.671746810Z,6.428,175,14822218.455435,64.02,1.0,25639.0
12570637,7.23302752293578,0.6666,0.13,0.07,0.2,0.6666,4360000,cosmosvaloper1c4k24jzduc365kywrsvf5ujz4ya6mwympnc4en,0.1294689958406799,313401556160887,uatom,444.38566348869,uatom,823332679.1358836,0.02,0.01,0.04,2022-10-24T06:35:58.059209592Z,6.388,175,14822218.455435,64.02,1.0,8444.0
12570638,7.23302752293578,0.6666,0.13,0.07,0.2,0.6666,4360000,cosmosvaloper1c4k24jzduc365kywrsvf5ujz4ya6mwympnc4en,0.1294690060291921,313401565467260,uatom,444.454742145196,uatom,823460666.5030515,0.02,0.01,0.04,2022-10-24T06:36:04.744039317Z,6.685,175,14822218.455435,64.02,1.0,7514.0
12570639,7.23302752293578,0.6666,0.13,0.07,0.2,0.6666,4360000,cosmosvaloper1c4k24jzduc365kywrsvf5ujz4ya6mwympnc4en,0.1294690162177108,313401574773634,uatom,444.52381391224,uatom,823588641.1055803,0.02,0.01,0.04,2022-10-24T06:36:11.387532488Z,6.643,175,14822218.455435,64.02,1.0,1752.0
12570640,7.23302752293578,0.6666,0.13,0.07,0.2,0.6666,4360000,cosmosvaloper1c4k24jzduc365kywrsvf5ujz4ya6mwympnc4en,0.129469026406234,313401584080009,uatom,444.592842948152,uatom,823716536.5368357,0.02,0.01,0.04,2022-10-24T06:36:17.825156020Z,6.438,175,14822218.455435,64.02,1.0,0.0
12570641,7.23302752293578,0.6666,0.13,0.07,0.2,0.6666,4360000,cosmosvaloper1c4k24jzduc365kywrsvf5ujz4ya6mwympnc4en,0.1294690365947638,313401593386385,uatom,444.661858998652,uatom,823844407.9090161,0.02,0.01,0.04,2022-10-24T06:36:24.589548380Z,6.764,175,14822218.455435,64.02,1.0,12410.0
12570642,7.23302752293578,0.6666,0.13,0.07,0.2,0.6666,4360000,cosmosvaloper1c4k24jzduc365kywrsvf5ujz4ya6mwympnc4en,0.1294690467832933,313401602692762,uatom,444.781244902094,uatom,824065603.4016813,0.02,0.01,0.04,2022-10-24T06:36:31.367191726Z,6.778,175,14822218.455435,64.02,1.0,5908.0
12570643,7.23302752293578,0.6666,0.13,0.07,0.2,0.6666,4360000,cosmosvaloper1c4k24jzduc365kywrsvf5ujz4ya6mwympnc4en,0.1294690569718172,313401611999140,uatom,444.850304780794,uatom,824193555.9777542,0.02,0.01,0.04,2022-10-24T06:36:37.886045542Z,6.519,175,14822218.455435,64.02,1.0,16648.0
12570644,7.23302752293578,0.6666,0.13,0.07,0.2,0.6666,4360000,cosmosvaloper1c4k24jzduc365kywrsvf5ujz4ya6mwympnc4en,0.1294690671603495,313401621305519,uatom,444.91944431265,uatom,824321656.1333901,0.02,0.01,0.04,2022-10-24T06:36:49.515624537Z,11.629,175,14822218.455435,64.02,1.0,8765.0
12570645,7.23302752293578,0.6666,0.13,0.07,0.2,0.6666,4360000,cosmosvaloper1c4k24jzduc365kywrsvf5ujz4ya6mwympnc4en,0.1294690773488796,313401630611899,uatom,444.988525387832,uatom,824449647.9818252,0.02,0.01,0.04,2022-10-24T06:36:56.066226567Z,6.551,175,14822218.455435,64.02,1.0,6284.0
12570646,7.23302752293578,0.6666,0.13,0.07,0.2,0.6666,4360000,cosmosvaloper1c4k24jzduc365kywrsvf5ujz4ya6mwympnc4en,0.1294690875374163,313401639918280,uatom,445.05758807203,uatom,824577605.7558649,0.02,0.01,0.04,2022-10-24T06:37:02.280486954Z,6.214,175,14822218.455435,64.02,1.0,0.0
12570647,7.23302752293578,0.6666,0.13,0.07,0.2,0.6666,4360000,cosmosvaloper1c4k24jzduc365kywrsvf5ujz4ya6mwympnc4en,0.1294690977259594,313401649224662,uatom,445.126604159116,uatom,824705477.1958287,0.02,0.01,0.04,2022-10-24T06:37:09.012703979Z,6.732,175,14822218.455435,64.02,1.0,5365.0
12570648,7.23302752293578,0.6666,0.13,0.07,0.2,0.6666,4360000,cosmosvaloper1c4k24jzduc365kywrsvf5ujz4ya6mwympnc4en,0.129469107914509,313401658531045,uatom,445.195660040436,uatom,824833422.3656503,0.02,0.01,0.04,2022-10-24T06:37:15.348875116Z,6.336,175,14822218.455435,64.02,1.0,0.0
12570649,7.23302752293578,0.6666,0.13,0.07,0.2,0.6666,4360000,cosmosvaloper1c4k24jzduc365kywrsvf5ujz4ya6mwympnc4en,0.1294691181030652,313401667837429,uatom,445.264677982158,uatom,824961297.2418418,0.02,0.01,0.04,2022-10-24T06:37:21.798353452Z,6.45,175,14822218.455435,64.02,1.0,12039.0
12570650,7.23302752293578,0.6666,0.13,0.07,0.2,0.6666,4360000,cosmosvaloper1c4k24jzduc365kywrsvf5ujz4ya6mwympnc4en,0.1294691282916224,313401677143814,uatom,445.33378337267,uatom,825089334.1411694,0.02,0.01,0.04,2022-10-24T06:37:28.202767658Z,6.404,175,14822218.455435,64.02,1.0,20000.0
12570651,7.23302752293578,0.6666,0.13,0.07,0.2,0.6666,4360000,cosmosvaloper1c4k24jzduc365kywrsvf5ujz4ya6mwympnc4en,0.1294691384801861,313401686450200,uatom,445.402947809344,uatom,825217480.4398872,0.02,0.01,0.04,2022-10-24T06:37:34.592118470Z,6.39,175,14822218.455435,64.02,1.0,4500.0
12570652,7.23302752293578,0.6666,0.13,0.07,0.2,0.6666,4360000,cosmosvaloper1c4k24jzduc365kywrsvf5ujz4ya6mwympnc4en,0.1294691486687563,313401695756587,uatom,445.471997303772,uatom,825345413.7762176,0.02,0.01,0.04,2022-10-24T06:37:40.974969188Z,6.382,175,14822218.455435,64.02,1.0,8859.0
12570653,7.23302752293578,0.6666,0.13,0.07,0.2,0.6666,4360000,cosmosvaloper1c4k24jzduc365kywrsvf5ujz4ya6mwympnc4en,0.129469158857333,313401705062975,uatom,445.541079131942,uatom,825473407.0197731,0.02,0.01,0.04,2022-10-24T06:37:47.351839551Z,6.377,175,14822218.455435,64.02,1.0,30338.0
12570654,7.23302752293578,0.6666,0.13,0.07,0.2,0.6666,4360000,cosmosvaloper1c4k24jzduc365kywrsvf5ujz4ya6mwympnc4en,0.1294691690459151,313401714369364,uatom,445.61032025571,uatom,825601695.4025954,0.02,0.01,0.04,2022-10-24T06:37:53.909335105Z,6.558,175,14822218.455435,64.02,1.0,21765.0
12570655,7.23302752293578,0.6666,0.13,0.07,0.2,0.6666,4360000,cosmosvaloper1c4k24jzduc365kywrsvf5ujz4ya6mwympnc4en,0.1294691792344965,313401723675754,uatom,445.679497809558,uatom,825729866.0045146,0.02,0.01,0.04,2022-10-24T06:38:00.615227737Z,6.706,175,14822218.455435,64.02,1.0,5659.0
12570656,7.23302752293578,0.6666,0.13,0.07,0.2,0.6666,4360000,cosmosvaloper1c4k24jzduc365kywrsvf5ujz4ya6mwympnc4en,0.1294691894230844,313401732982145,uatom,445.798797393536,uatom,825950901.5664358,0.02,0.01,0.04,2022-10-24T06:38:07.384949557Z,6.769,175,14822218.455435,64.02,1.0,10163.0
12570657,7.23302752293578,0.6666,0.13,0.07,0.2,0.6666,4360000,cosmosvaloper1c4k24jzduc365kywrsvf5ujz4ya6mwympnc4en,0.1294691996116776,313401742288537,uatom,445.867888919764,uatom,826078912.7783312,0.02,0.01,0.04,2022-10-24T06:38:13.890020667Z,6.506,175,14822218.455435,64.02,1.0,9581.0
12570658,7.23302752293578,0.6666,0.13,0.07,0.2,0.6666,4360000,cosmosvaloper1c4k24jzduc365kywrsvf5ujz4ya6mwympnc4en,0.1294692098002651,313401751594930,uatom,445.936976137298,uatom,826206916.0071768,0.02,0.01,0.04,2022-10-24T06:38:25.219998024Z,11.329,175,14822218.455435,64.02,1.0,0.0
12570659,7.23302752293578,0.6666,0.13,0.07,0.2,0.6666,4360000,cosmosvaloper1c4k24jzduc365kywrsvf5ujz4ya6mwympnc4en,0.1294692199888591,313401760901324,uatom,446.005992309248,uatom,826334787.6043754,0.02,0.01,0.04,2022-10-24T06:38:31.560565609Z,6.341,175,14822218.455435,64.02,1.0,40733.0
12570660,7.23302752293578,0.6666,0.13,0.07,0.2,0.6666,4360000,cosmosvaloper1c4k24jzduc365kywrsvf5ujz4ya6mwympnc4en,0.1294692301774396,313401770207719,uatom,446.075310560572,uatom,826463218.8873851,0.02,0.01,0.04,2022-10-24T06:38:37.891405386Z,6.331,175,14822218.455435,64.02,1.0,13643.0
12570661,7.23302752293578,0.6666,0.13,0.07,0.2,0.6666,4360000,cosmosvaloper1c4k24jzduc365kywrsvf5ujz4ya6mwympnc4en,0.1294692403660266,313401779514115,uatom,446.144429107332,uatom,826591280.1623094,0.02,0.01,0.04,2022-10-24T06:38:44.542534896Z,6.651,175,14822218.455435,64.02,1.0,7681.0
12570662,7.23302752293578,0.6666,0.13,0.07,0.2,0.6666,4360000,cosmosvaloper1c4k24jzduc365kywrsvf5ujz4ya6mwympnc4en,0.1294692505546201,313401788820512,uatom,446.21350225312,uatom,826719257.3193465,0.02,0.01,0.04,2022-10-24T06:38:50.893187813Z,6.351,175,14822218.455435,64.02,1.0,8496.0
12570663,7.23302752293578,0.6666,0.13,0.07,0.2,0.6666,4360000,cosmosvaloper1c4k24jzduc365kywrsvf5ujz4ya6mwympnc4en,0.1294692607432201,313401798126910,uatom,446.282581450362,uatom,826847245.6883763,0.02,0.01,0.04,2022-10-24T06:38:57.502325047Z,6.609,175,14822218.455435,64.02,1.0,5000.0
12570664,7.23302752293578,0.6666,0.13,0.07,0.2,0.6666,4360000,cosmosvaloper1c4k24jzduc365kywrsvf5ujz4ya6mwympnc4en,0.129469281120433,313401816739709,uatom,446.420828514618,uatom,827103386.7117804,0.02,0.01,0.04,2022-10-24T06:39:09.343910768Z,11.841,175,14822218.455435,64.02,1.0,2869.0
12570666,7.23302752293578,0.6666,0.13,0.07,0.2,0.6666,4360000,cosmosvaloper1c4k24jzduc365kywrsvf5ujz4ya6mwympnc4en,0.129469291309049,313401826046110,uatom,446.48988017524,uatom,827231324.0615839,0.02,0.01,0.04,2022-10-24T06:39:18.594721980Z,6.12345,175,14822218.455435,64.02,1.0,10119.0
12570667,7.23302752293578,0.6666,0.13,0.07,0.2,0.6666,4360000,cosmosvaloper1c4k24jzduc365kywrsvf5ujz4ya6mwympnc4en,0.1294693014976709,313401835352512,uatom,446.55897143727,uatom,827359334.783983,0.02,0.01,0.04,2022-10-24T06:39:25.426951613Z,6.832,175,14822218.455435,64.02,1.0,13511.0
12570668,7.23302752293578,0.6666,0.13,0.07,0.2,0.6666,4360000,cosmosvaloper1c4k24jzduc365kywrsvf5ujz4ya6mwympnc4en,0.1294693116862969,313401844658915,uatom,446.628087861772,uatom,827487392.1268353,0.02,0.01,0.04,2022-10-24T06:39:31.674479670Z,6.248,175,14822218.455435,64.02,1.0,4766.0
12570669,7.23302752293578,0.6666,0.13,0.07,0.2,0.6666,4360000,cosmosvaloper1c4k24jzduc365kywrsvf5ujz4ya6mwympnc4en,0.1294693218749293,313401853965319,uatom,446.747376158032,uatom,827708406.7751279,0.02,0.01,0.04,2022-10-24T06:39:38.411295440Z,6.737,175,14822218.455435,64.02,1.0,0.0
12570670,7.23302752293578,0.6666,0.13,0.07,0.2,0.6666,4360000,cosmosvaloper1c4k24jzduc365kywrsvf5ujz4ya6mwympnc4en,0.1294693320635683,313401863271724,uatom,446.816392399174,uatom,827836278.5005261,0.02,0.01,0.04,2022-10-24T06:39:44.856163354Z,6.445,175,14822218.455435,64.02,1.0,3664.0
12570671,7.23302752293578,0.6666,0.13,0.07,0.2,0.6666,4360000,cosmosvaloper1c4k24jzduc365kywrsvf5ujz4ya6mwympnc4en,0.1294693422522138,313401872578130,uatom,446.885435819936,uatom,827964200.5837072,0.02,0.01,0.04,2022-10-24T06:39:51.322364798Z,6.466,175,14822218.455435,64.02,1.0,11557.0
12570673,7.23302752293578,0.6666,0.13,0.07,0.2,0.6666,4360000,cosmosvaloper1c4k24jzduc365kywrsvf5ujz4ya6mwympnc4en,0.1294693626295239,313401891190945,uatom,447.023682513224,uatom,828220340.9197865,0.02,0.01,0.04,2022-10-24T06:40:04.781012772Z,6.12345,175,14822218.455435,64.02,1.0,2596.0
12570674,7.23302752293578,0.6666,0.13,0.07,0.2,0.6666,4360000,cosmosvaloper1c4k24jzduc365kywrsvf5ujz4ya6mwympnc4en,0.1294693728181887,313401900497354,uatom,447.092719384746,uatom,828348250.8686867,0.02,0.01,0.04,2022-10-24T06:40:11.277481116Z,6.496,175,14822218.455435,64.02,1.0,0.0
12570675,7.23302752293578,0.6666,0.13,0.07,0.2,0.6666,4360000,cosmosvaloper1c4k24jzduc365kywrsvf5ujz4ya6mwympnc4en,0.1294693931955376,313401919110175,uatom,447.230755394476,uatom,828604000.8550533,0.02,0.01,0.04,2022-10-24T06:40:18.240935045Z,6.963,175,14822218.455435,64.02,1.0,101.0
12570676,7.23302752293578,0.6666,0.13,0.07,0.2,0.6666,4360000,cosmosvaloper1c4k24jzduc365kywrsvf5ujz4ya6mwympnc4en,0.1294694033842154,313401928416587,uatom,447.299882386926,uatom,828732077.7779607,0.02,0.01,0.04,2022-10-24T06:40:24.564703051Z,6.324,175,14822218.455435,64.02,1.0,14745.0
12570678,7.23302752293578,0.6666,0.13,0.07,0.2,0.6666,4360000,cosmosvaloper1c4k24jzduc365kywrsvf5ujz4ya6mwympnc4en,0.129469413572892,313401937723000,uatom,447.369069566742,uatom,828860266.2146544,0.02,0.01,0.04,2022-10-24T06:40:38.032367987Z,6.12345,175,14822218.455435,64.02,1.0,8550.0
12570679,7.23302752293578,0.6666,0.13,0.07,0.2,0.6666,4360000,cosmosvaloper1c4k24jzduc365kywrsvf5ujz4ya6mwympnc4en,0.1294694237615748,313401947029414,uatom,447.438149279316,uatom,828988255.5384803,0.02,0.01,0.04,2022-10-24T06:40:44.474237057Z,6.442,175,14822218.455435,64.02,1.0,5673.0
12570680,7.23302752293578,0.6666,0.13,0.07,0.2,0.6666,4360000,cosmosvaloper1c4k24jzduc365kywrsvf5ujz4ya6mwympnc4en,0.1294694339502641,313401956335829,uatom,447.507207661082,uatom,829116205.3410676,0.02,0.01,0.04,2022-10-24T06:40:50.986125698Z,6.512,175,14822218.455435,64.02,1.0,2448.0
12570681,7.23302752293578,0.6666,0.13,0.07,0.2,0.6666,4360000,cosmosvaloper1c4k24jzduc365kywrsvf5ujz4ya6mwympnc4en,0.1294694441389599,313401965642245,uatom,447.576242133682,uatom,829244110.845297,0.02,0.01,0.04,2022-10-24T06:40:57.714100925Z,6.728,175,14822218.455435,64.02,1.0,10085.0
12570682,7.23302752293578,0.6666,0.13,0.07,0.2,0.6666,4360000,cosmosvaloper1c4k24jzduc365kywrsvf5ujz4ya6mwympnc4en,0.1294694543276623,313401974948662,uatom,447.695598734696,uatom,829465252.0470893,0.02,0.01,0.04,2022-10-24T06:41:10.197500458Z,12.483,175,14822218.455435,64.02,1.0,9259.0
12570683,7.23302752293578,0.6666,0.13,0.07,0.2,0.6666,4360000,cosmosvaloper1c4k24jzduc365kywrsvf5ujz4ya6mwympnc4en,0.1294694645163711,313401984255080,uatom,447.814944766378,uatom,829686373.6662623,0.02,0.01,0.04,2022-10-24T06:41:16.976159581Z,6.779,175,14822218.455435,64.02,1.0,2500.0
12570684,7.23302752293578,0.6666,0.13,0.07,0.2,0.6666,4360000,cosmosvaloper1c4k24jzduc365kywrsvf5ujz4ya6mwympnc4en,0.1294694747050864,313401993561499,uatom,447.883979646858,uatom,829814279.9262017,0.02,0.01,0.04,2022-10-24T06:41:23.395593945Z,6.419,175,14822218.455435,64.02,1.0,4171.0
12570685,7.23302752293578,0.6666,0.13,0.07,0.2,0.6666,4360000,cosmosvaloper1c4k24jzduc365kywrsvf5ujz4ya6mwympnc4en,0.1294694848938083,313402002867919,uatom,447.95302692688,uatom,829942209.1597314,0.02,0.01,0.04,2022-10-24T06:41:29.942961029Z,6.547,175,14822218.455435,64.02,1.0,10412.0
12570686,7.23302752293578,0.6666,0.13,0.07,0.2,0.6666,4360000,cosmosvaloper1c4k24jzduc365kywrsvf5ujz4ya6mwympnc4en,0.1294694950825366,313402012174340,uatom,448.022120497536,uatom,830070224.1594987,0.02,0.01,0.04,2022-10-24T06:41:36.235465124Z,6.293,175,14822218.455435,64.02,1.0,5511.0
12570687,7.23302752293578,0.6666,0.13,0.07,0.2,0.6666,4360000,cosmosvaloper1c4k24jzduc365kywrsvf5ujz4ya6mwympnc4en,0.1294695052712638,313402021480762,uatom,448.091177729822,uatom,830198171.8323572,0.02,0.01,0.04,2022-10-24T06:41:43.110352354Z,6.875,175,14822218.455435,64.02,1.0,34965.0
12570688,7.23302752293578,0.6666,0.13,0.07,0.2,0.6666,4360000,cosmosvaloper1c4k24jzduc365kywrsvf5ujz4ya6mwympnc4en,0.1294695154599526,313402030787185,uatom,448.160453400214,uatom,830326524.2223791,0.02,0.01,0.04,2022-10-24T06:41:49.663914474Z,6.553,175,14822218.455435,64.02,1.0,15670.0
12570689,7.23302752293578,0.6666,0.13,0.07,0.2,0.6666,4360000,cosmosvaloper1c4k24jzduc365kywrsvf5ujz4ya6mwympnc4en,0.1294695256486444,313402040093609,uatom,448.229585984002,uatom,830454611.5047938,0.02,0.01,0.04,2022-10-24T06:41:56.453382049Z,6.79,175,14822218.455435,64.02,1.0,5046.0
12570690,7.23302752293578,0.6666,0.13,0.07,0.2,0.6666,4360000,cosmosvaloper1c4k24jzduc365kywrsvf5ujz4ya6mwympnc4en,0.1294695358373428,313402049400034,uatom,448.298639773236,uatom,830582552.7984419,0.02,0.01,0.04,2022-10-24T06:42:02.928158634Z,6.475,175,14822218.455435,64.02,1.0,5000.0
12570691,7.23302752293578,0.6666,0.13,0.07,0.2,0.6666,4360000,cosmosvaloper1c4k24jzduc365kywrsvf5ujz4ya6mwympnc4en,0.1294695460260477,313402058706460,uatom,448.367693227716,uatom,830710493.4718691,0.02,0.01,0.04,2022-10-24T06:42:09.555308326Z,6.627,175,14822218.455435,64.02,1.0,2897.0
12570692,7.23302752293578,0.6666,0.13,0.07,0.2,0.6666,4360000,cosmosvaloper1c4k24jzduc365kywrsvf5ujz4ya6mwympnc4en,0.1294695562147591,313402068012887,uatom,448.436731093782,uatom,830838405.263434,0.02,0.01,0.04,2022-10-24T06:42:16.012859061Z,6.457,175,14822218.455435,64.02,1.0,6935.0
12570693,7.23302752293578,0.6666,0.13,0.07,0.2,0.6666,4360000,cosmosvaloper1c4k24jzduc365kywrsvf5ujz4ya6mwympnc4en,0.1294695664034715,313402077319315,uatom,448.50579891304,uatom,830966372.5515938,0.02,0.01,0.04,2022-10-24T06:42:22.462230873Z,6.45,175,14822218.455435,64.02,1.0,7000.0
12570694,7.23302752293578,0.6666,0.13,0.07,0.2,0.6666,4360000,cosmosvaloper1c4k24jzduc365kywrsvf5ujz4ya6mwympnc4en,0.1294695765921905,313402086625744,uatom,448.574867221752,uatom,831094340.7466053,0.02,0.01,0.04,2022-10-24T06:42:28.782726786Z,6.32,175,14822218.455435,64.02,1.0,6661.0
12570695,7.23302752293578,0.6666,0.13,0.07,0.2,0.6666,4360000,cosmosvaloper1c4k24jzduc365kywrsvf5ujz4ya6mwympnc4en,0.1294695867809146,313402095932174,uatom,448.64393302214,uatom,831222304.2942467,0.02,0.01,0.04,2022-10-24T06:42:35.452834872Z,6.67,175,14822218.455435,64.02,1.0,8111.0
12570696,7.23302752293578,0.6666,0.13,0.07,0.2,0.6666,4360000,cosmosvaloper1c4k24jzduc365kywrsvf5ujz4ya6mwympnc4en,0.1294696071583715,313402105238605,uatom,448.83233561809,uatom,831571372.3485891,0.02,0.01,0.04,2022-10-24T06:42:42.193192675Z,6.741,175,14822218.455435,64.02,1.0,7377.0
12570697,7.23302752293578,0.6666,0.13,0.07,0.2,0.6666,4360000,cosmosvaloper1c4k24jzduc365kywrsvf5ujz4ya6mwympnc4en,0.1294696173471097,313402123851470,uatom,448.901518900552,uatom,831699553.564354,0.02,0.01,0.04,2022-10-24T06:42:48.542232011Z,6.349,175,14822218.455435,64.02,1.0,22500.0
12570698,7.23302752293578,0.6666,0.13,0.07,0.2,0.6666,4360000,cosmosvaloper1c4k24jzduc365kywrsvf5ujz4ya6mwympnc4en,0.1294696275358544,313402133157904,uatom,448.970549391336,uatom,831827451.6911663,0.02,0.01,0.04,2022-10-24T06:42:55.304716695Z,6.762,175,14822218.455435,64.02,1.0,1896.0
12570699,7.23302752293578,0.6666,0.13,0.07,0.2,0.6666,4360000,cosmosvaloper1c4k24jzduc365kywrsvf5ujz4ya6mwympnc4en,0.1294696275358544,313402133157904,uatom,448.970549391336,uatom,831827451.6911663,0.02,0.01,0.04,2022-10-24T06:43:01.976405525Z,6.672,175,14822218.455435,64.02,1.0,20598.0
12570700,7.23302752293578,0.6666,0.13,0.07,0.2,0.6666,4360000,cosmosvaloper1c4k24jzduc365kywrsvf5ujz4ya6mwympnc4en,0.1294696377246037,313402142464339,uatom,449.039718583414,uatom,831955606.800587,0.02,0.01,0.04,2022-10-24T06:43:08.463359864Z,6.487,175,14822218.455435,64.02,1.0,17962.0
12570701,7.23302752293578,0.6666,0.13,0.07,0.2,0.6666,4360000,cosmosvaloper1c4k24jzduc365kywrsvf5ujz4ya6mwympnc4en,0.1294696479133571,313402151770775,uatom,449.108868234354,uatom,832083725.7046304,0.02,0.01,0.04,2022-10-24T06:43:20.116325435Z,11.653,175,14822218.455435,64.02,1.0,4050.0
12570702,7.23302752293578,0.6666,0.13,0.07,0.2,0.6666,4360000,cosmosvaloper1c4k24jzduc365kywrsvf5ujz4ya6mwympnc4en,0.1294696581021171,313402161077212,uatom,449.1779147204,uatom,832211653.4671006,0.02,0.01,0.04,2022-10-24T06:43:26.841813930Z,6.725,175,14822218.455435,64.02,1.0,0.0
12570703,7.23302752293578,0.6666,0.13,0.07,0.2,0.6666,4360000,cosmosvaloper1c4k24jzduc365kywrsvf5ujz4ya6mwympnc4en,0.1294696682908836,313402170383650,uatom,449.246931178754,uatom,832339525.5949409,0.02,0.01,0.04,2022-10-24T06:43:33.241606721Z,6.4,175,14822218.455435,64.02,1.0,5229.0
12570704,7.23302752293578,0.6666,0.13,0.07,0.2,0.6666,4360000,cosmosvaloper1c4k24jzduc365kywrsvf5ujz4ya6mwympnc4en,0.1294696784796566,313402179690089,uatom,449.315986422742,uatom,832467469.5839274,0.02,0.01,0.04,2022-10-24T06:43:40.121301113Z,6.88,175,14822218.455435,64.02,1.0,7929.0
12570705,7.23302752293578,0.6666,0.13,0.07,0.2,0.6666,4360000,cosmosvaloper1c4k24jzduc365kywrsvf5ujz4ya6mwympnc4en,0.1294696988571566,313402198302970,uatom,449.454087818712,uatom,832723340.7164385,0.02,0.01,0.04,2022-10-24T06:43:47.078514621Z,6.957,175,14822218.455435,64.02,1.0,1300.0
12570707,7.23302752293578,0.6666,0.13,0.07,0.2,0.6666,4360000,cosmosvaloper1c4k24jzduc365kywrsvf5ujz4ya6mwympnc4en,0.1294697090459155,313402207609412,uatom,449.523150008576,uatom,832851297.574583,0.02,0.01,0.04,2022-10-24T06:44:00.061429695Z,6.12345,175,14822218.455435,64.02,1.0,8493.0
12570708,7.23302752293578,0.6666,0.13,0.07,0.2,0.6666,4360000,cosmosvaloper1c4k24jzduc365kywrsvf5ujz4ya6mwympnc4en,0.1294697192346808,313402216915855,uatom,449.592229477696,uatom,832979286.4473442,0.02,0.01,0.04,2022-10-24T06:44:06.763289166Z,6.702,175,14822218.455435,64.02,1.0,6057.0
12570710,7.23302752293578,0.6666,0.13,0.07,0.2,0.6666,4360000,cosmosvaloper1c4k24jzduc365kywrsvf5ujz4ya6mwympnc4en,0.1294697396122068,313402235528746,uatom,449.780550653912,uatom,833328203.6490515,0.02,0.01,0.04,2022-10-24T06:44:20.217413852Z,6.12345,175,14822218.455435,64.02,1.0,0.0
12570711,7.23302752293578,0.6666,0.13,0.07,0.2,0.6666,4360000,cosmosvaloper1c4k24jzduc365kywrsvf5ujz4ya6mwympnc4en,0.1294697498009795,313402244835193,uatom,449.849567164562,uatom,833456075.873787,0.02,0.01,0.04,2022-10-24T06:44:27.092825657Z,6.875,175,14822218.455435,64.02,1.0,16186.0
12570712,7.23302752293578,0.6666,0.13,0.07,0.2,0.6666,4360000,cosmosvaloper1c4k24jzduc365kywrsvf5ujz4ya6mwympnc4en,0.1294697599897577,313402254141641,uatom,449.918703717842,uatom,833584170.510784,0.02,0.01,0.04,2022-10-24T06:44:33.799349209Z,6.707,175,14822218.455435,64.02,1.0,4513.0
12570713,7.23302752293578,0.6666,0.13,0.07,0.2,0.6666,4360000,cosmosvaloper1c4k24jzduc365kywrsvf5ujz4ya6mwympnc4en,0.1294697701785416,313402263448090,uatom,449.987753711688,uatom,833712104.7724231,0.02,0.01,0.04,2022-10-24T06:44:40.333704964Z,6.534,175,14822218.455435,64.02,1.0,0.0
12570714,7.23302752293578,0.6666,0.13,0.07,0.2,0.6666,4360000,cosmosvaloper1c4k24jzduc365kywrsvf5ujz4ya6mwympnc4en,0.1294697803673321,313402272754540,uatom,450.056770244584,uatom,833839977.0383792,0.02,0.01,0.04,2022-10-24T06:44:46.711623250Z,6.378,175,14822218.455435,64.02,1.0,321.0
12570715,7.23302752293578,0.6666,0.13,0.07,0.2,0.6666,4360000,cosmosvaloper1c4k24jzduc365kywrsvf5ujz4ya6mwympnc4en,0.129469790556129,313402282060991,uatom,450.125789165088,uatom,833967853.7280352,0.02,0.01,0.04,2022-10-24T06:44:53.213502551Z,6.502,175,14822218.455435,64.02,1.0,3250.0
12570717,7.23302752293578,0.6666,0.13,0.07,0.2,0.6666,4360000,cosmosvaloper1c4k24jzduc365kywrsvf5ujz4ya6mwympnc4en,0.1294698109336783,313402300673896,uatom,450.264067885218,uatom,834224053.4027227,0.02,0.01,0.04,2022-10-24T06:45:06.751458050Z,6.12345,175,14822218.455435,64.02,1.0,0.0
12570718,7.23302752293578,0.6666,0.13,0.07,0.2,0.6666,4360000,cosmosvaloper1c4k24jzduc365kywrsvf5ujz4ya6mwympnc4en,0.1294698211224307,313402309980350,uatom,450.333085633038,uatom,834351927.9196621,0.02,0.01,0.04,2022-10-24T06:45:09.175497451Z,2.424,175,14822218.455435,64.02,1.0,3885.0
12570719,7.23302752293578,0.6666,0.13,0.07,0.2,0.6666,4360000,cosmosvaloper1c4k24jzduc365kywrsvf5ujz4ya6mwympnc4en,0.1294698313111895,313402319286805,uatom,450.402130993492,uatom,834479853.5966567,0.02,0.01,0.04,2022-10-24T06:45:15.738037189Z,6.563,175,14822218.455435,64.02,1.0,0.0
12570720,7.23302752293578,0.6666,0.13,0.07,0.2,0.6666,4360000,cosmosvaloper1c4k24jzduc365kywrsvf5ujz4ya6mwympnc4en,0.1294698414999538,313402328593261,uatom,450.471220827622,uatom,834607861.6734742,0.02,0.01,0.04,2022-10-24T06:45:23.002243225Z,7.264,175,14822218.455435,64.02,1.0,13368.0
12570721,7.23302752293578,0.6666,0.13,0.07,0.2,0.6666,4360000,cosmosvaloper1c4k24jzduc365kywrsvf5ujz4ya6mwympnc4en,0.1294698516887245,313402337899718,uatom,450.540337716026,uatom,834735919.8758329,0.02,0.01,0.04,2022-10-24T06:45:35.352638266Z,12.35,175,14822218.455435,64.02,1.0,5848.0
12570722,7.23302752293578,0.6666,0.13,0.07,0.2,0.6666,4360000,cosmosvaloper1c4k24jzduc365kywrsvf5ujz4ya6mwympnc4en,0.1294698618775018,313402347206176,uatom,450.60939884197,uatom,834863874.7627738,0.02,0.01,0.04,2022-10-24T06:45:41.665996944Z,6.313,175,14822218.455435,64.02,1.0,0.0
12570723,7.23302752293578,0.6666,0.13,0.07,0.2,0.6666,4360000,cosmosvaloper1c4k24jzduc365kywrsvf5ujz4ya6mwympnc4en,0.129469872066275,313402356512635,uatom,450.678496907584,uatom,834991898.090696,0.02,0.01,0.04,2022-10-24T06:45:48.589724840Z,6.924,175,14822218.455435,64.02,1.0,0.0
12570724,7.23302752293578,0.6666,0.13,0.07,0.2,0.6666,4360000,cosmosvaloper1c4k24jzduc365kywrsvf5ujz4ya6mwympnc4en,0.1294698822550547,313402365819095,uatom,450.797693665674,uatom,835212743.1391466,0.02,0.01,0.04,2022-10-24T06:45:55.383146553Z,6.794,175,14822218.455435,64.02,1.0,6740.0
12570725,7.23302752293578,0.6666,0.13,0.07,0.2,0.6666,4360000,cosmosvaloper1c4k24jzduc365kywrsvf5ujz4ya6mwympnc4en,0.1294698924438409,313402375125556,uatom,450.866761425944,uatom,835340710.3180143,0.02,0.01,0.04,2022-10-24T06:46:01.993275949Z,6.61,175,14822218.455435,64.02,1.0,24831.0
12570726,7.23302752293578,0.6666,0.13,0.07,0.2,0.6666,4360000,cosmosvaloper1c4k24jzduc365kywrsvf5ujz4ya6mwympnc4en,0.1294699026326336,313402384432018,uatom,450.935963358562,uatom,835468926.088365,0.02,0.01,0.04,2022-10-24T06:46:08.496650990Z,6.503,175,14822218.455435,64.02,1.0,3403.0
12570727,7.23302752293578,0.6666,0.13,0.07,0.2,0.6666,4360000,cosmosvaloper1c4k24jzduc365kywrsvf5ujz4ya6mwympnc4en,0.1294699128214327,313402393738481,uatom,451.005006386088,uatom,835596847.442968,0.02,0.01,0.04,2022-10-24T06:46:14.857479053Z,6.361,175,14822218.455435,64.02,1.0,4554.0
12570728,7.23302752293578,0.6666,0.13,0.07,0.2,0.6666,4360000,cosmosvaloper1c4k24jzduc365kywrsvf5ujz4ya6mwympnc4en,0.1294699230102384,313402403044945,uatom,451.07405795698,uatom,835724784.6265224,0.02,0.01,0.04,2022-10-24T06:46:21.224445181Z,6.367,175,14822218.455435,64.02,1.0,0.0
12570731,7.23302752293578,0.6666,0.13,0.07,0.2,0.6666,4360000,cosmosvaloper1c4k24jzduc365kywrsvf5ujz4ya6mwympnc4en,0.1294699739543483,313402449577280,uatom,451.419343530556,uatom,836364521.9016532,0.02,0.01,0.04,2022-10-24T06:46:41.023007001Z,6.12345,175,14822218.455435,64.02,1.0,4800.0
12570735,7.23302752293578,0.6666,0.13,0.07,0.2,0.6666,4360000,cosmosvaloper1c4k24jzduc365kywrsvf5ujz4ya6mwympnc4en,0.129470004520842,313402477496693,uatom,451.676771707172,uatom,836841478.985451,0.02,0.01,0.04,2022-10-24T06:47:07.651439565Z,6.12345,175,14822218.455435,64.02,1.0,10528.0
12570737,7.23302752293578,0.6666,0.13,0.07,0.2,0.6666,4360000,cosmosvaloper1c4k24jzduc365kywrsvf5ujz4ya6mwympnc4en,0.1294700248984722,313402496109640,uatom,451.814989653518,uatom,837097566.0598526,0.02,0.01,0.04,2022-10-24T06:47:20.632593598Z,6.12345,175,14822218.455435,64.02,1.0,15304.0
12570739,7.23302752293578,0.6666,0.13,0.07,0.2,0.6666,4360000,cosmosvaloper1c4k24jzduc365kywrsvf5ujz4ya6mwympnc4en,0.1294700350872965,313402505416115,uatom,451.884006330882,uatom,837225438.5934745,0.02,0.01,0.04,2022-10-24T06:47:33.692083067Z,6.12345,175,14822218.455435,64.02,1.0,15852.0
12570740,7.23302752293578,0.6666,0.13,0.07,0.2,0.6666,4360000,cosmosvaloper1c4k24jzduc365kywrsvf5ujz4ya6mwympnc4en,0.1294700452761273,313402514722591,uatom,451.953140573178,uatom,837353528.9487325,0.02,0.01,0.04,2022-10-24T06:47:46.235232663Z,12.543,175,14822218.455435,64.02,1.0,9227.0
12570741,7.23302752293578,0.6666,0.13,0.07,0.2,0.6666,4360000,cosmosvaloper1c4k24jzduc365kywrsvf5ujz4ya6mwympnc4en,0.1294700554648547,313402524029068,uatom,452.022225691986,uatom,837481528.2891061,0.02,0.01,0.04,2022-10-24T06:47:52.928301914Z,6.693,175,14822218.455435,64.02,1.0,8198.0
12570742,7.23302752293578,0.6666,0.13,0.07,0.2,0.6666,4360000,cosmosvaloper1c4k24jzduc365kywrsvf5ujz4ya6mwympnc4en,0.129470065653583,313402533335546,uatom,452.091303187162,uatom,837609513.5045853,0.02,0.01,0.04,2022-10-24T06:48:04.402854194Z,11.474,175,14822218.455435,64.02,1.0,5905.0
12570743,7.23302752293578,0.6666,0.13,0.07,0.2,0.6666,4360000,cosmosvaloper1c4k24jzduc365kywrsvf5ujz4ya6mwympnc4en,0.1294700758423179,313402542642025,uatom,452.160363650134,uatom,837737467.1631874,0.02,0.01,0.04,2022-10-24T06:48:10.821170844Z,6.419,175,14822218.455435,64.02,1.0,5437.0
12570744,7.23302752293578,0.6666,0.13,0.07,0.2,0.6666,4360000,cosmosvaloper1c4k24jzduc365kywrsvf5ujz4ya6mwympnc4en,0.1294700860310484,313402551948505,uatom,452.229420648122,uatom,837865414.4019452,0.02,0.01,0.04,2022-10-24T06:48:17.259806086Z,6.438,175,14822218.455435,64.02,1.0,0.0
12570745,7.23302752293578,0.6666,0.13,0.07,0.2,0.6666,4360000,cosmosvaloper1c4k24jzduc365kywrsvf5ujz4ya6mwympnc4en,0.1294700962197854,313402561254986,uatom,452.298437332836,uatom,837993286.9491796,0.02,0.01,0.04,2022-10-24T06:48:23.728200120Z,6.469,175,14822218.455435,64.02,1.0,9795.0
12570746,7.23302752293578,0.6666,0.13,0.07,0.2,0.6666,4360000,cosmosvaloper1c4k24jzduc365kywrsvf5ujz4ya6mwympnc4en,0.1294701064085189,313402570561468,uatom,452.36752666106,uatom,838121294.0886662,0.02,0.01,0.04,2022-10-24T06:48:30.170896828Z,6.442,175,14822218.455435,64.02,1.0,3234.0
12570747,7.23302752293578,0.6666,0.13,0.07,0.2,0.6666,4360000,cosmosvaloper1c4k24jzduc365kywrsvf5ujz4ya6mwympnc4en,0.1294701165972588,313402579867951,uatom,452.436567340448,uatom,838249211.0926913,0.02,0.01,0.04,2022-10-24T06:48:36.592317203Z,6.422,175,14822218.455435,64.02,1.0,7056.0
12570748,7.23302752293578,0.6666,0.13,0.07,0.2,0.6666,4360000,cosmosvaloper1c4k24jzduc365kywrsvf5ujz4ya6mwympnc4en,0.1294701267860052,313402589174435,uatom,452.505636368034,uatom,838377180.6196148,0.02,0.01,0.04,2022-10-24T06:48:43.170969315Z,6.578,175,14822218.455435,64.02,1.0,0.0
12570749,7.23302752293578,0.6666,0.13,0.07,0.2,0.6666,4360000,cosmosvaloper1c4k24jzduc365kywrsvf5ujz4ya6mwympnc4en,0.1294701369747581,313402598480920,uatom,452.574653075876,uatom,838505053.2097014,0.02,0.01,0.04,2022-10-24T06:48:49.544308376Z,6.374,175,14822218.455435,64.02,1.0,0.0
12570750,7.23302752293578,0.6666,0.13,0.07,0.2,0.6666,4360000,cosmosvaloper1c4k24jzduc365kywrsvf5ujz4ya6mwympnc4en,0.1294701471635175,313402607787406,uatom,452.693881236712,uatom,838725956.4404472,0.02,0.01,0.04,2022-10-24T06:48:56.229037037Z,6.685,175,14822218.455435,64.02,1.0,6586.0
12570751,7.23302752293578,0.6666,0.13,0.07,0.2,0.6666,4360000,cosmosvaloper1c4k24jzduc365kywrsvf5ujz4ya6mwympnc4en,0.1294701573522736,313402617093893,uatom,452.762946801036,uatom,838853919.5507156,0.02,0.01,0.04,2022-10-24T06:49:02.818655741Z,6.589,175,14822218.455435,64.02,1.0,8166.0
12570752,7.23302752293578,0.6666,0.13,0.07,0.2,0.6666,4360000,cosmosvaloper1c4k24jzduc365kywrsvf5ujz4ya6mwympnc4en,0.1294701675410362,313402626400381,uatom,452.832024090024,uatom,838981904.3841785,0.02,0.01,0.04,2022-10-24T06:49:09.391278305Z,6.573,175,14822218.455435,64.02,1.0,11308.0
12570753,7.23302752293578,0.6666,0.13,0.07,0.2,0.6666,4360000,cosmosvaloper1c4k24jzduc365kywrsvf5ujz4ya6mwympnc4en,0.1294701879185652,313402645013360,uatom,452.970170104108,uatom,839237858.1841156,0.02,0.01,0.04,2022-10-24T06:49:16.107772081Z,6.716,175,14822218.455435,64.02,1.0,3867.0
12570754,7.23302752293578,0.6666,0.13,0.07,0.2,0.6666,4360000,cosmosvaloper1c4k24jzduc365kywrsvf5ujz4ya6mwympnc4en,0.1294701879185652,313402645013360,uatom,452.970170104108,uatom,839237858.1841156,0.02,0.01,0.04,2022-10-24T06:49:22.459459247Z,6.352,175,14822218.455435,64.02,1.0,9070.0
12570755,7.23302752293578,0.6666,0.13,0.07,0.2,0.6666,4360000,cosmosvaloper1c4k24jzduc365kywrsvf5ujz4ya6mwympnc4en,0.1294701981073375,313402654319851,uatom,453.039254113884,uatom,839365855.4696982,0.02,0.01,0.04,2022-10-24T06:49:28.886519076Z,6.427,175,14822218.455435,64.02,1.0,0.0
12570756,7.23302752293578,0.6666,0.13,0.07,0.2,0.6666,4360000,cosmosvaloper1c4k24jzduc365kywrsvf5ujz4ya6mwympnc4en,0.1294702082961164,313402663626343,uatom,453.108270868132,uatom,839493728.1457692,0.02,0.01,0.04,2022-10-24T06:49:35.258201236Z,6.372,175,14822218.455435,64.02,1.0,0.0
12570757,7.23302752293578,0.6666,0.13,0.07,0.2,0.6666,4360000,cosmosvaloper1c4k24jzduc365kywrsvf5ujz4ya6mwympnc4en,0.1294702184849018,313402672932836,uatom,453.177287629454,uatom,839621600.8349429,0.02,0.01,0.04,2022-10-24T06:49:41.681697849Z,6.423,175,14822218.455435,64.02,1.0,27068.0
12570758,7.23302752293578,0.6666,0.13,0.07,0.2,0.6666,4360000,cosmosvaloper1c4k24jzduc365kywrsvf5ujz4ya6mwympnc4en,0.1294702286736937,313402682239330,uatom,453.246505133946,uatom,839749845.4565078,0.02,0.01,0.04,2022-10-24T06:49:48.338513292Z,6.657,175,14822218.455435,64.02,1.0,2420.0
12570759,7.23302752293578,0.6666,0.13,0.07,0.2,0.6666,4360000,cosmosvaloper1c4k24jzduc365kywrsvf5ujz4ya6mwympnc4en,0.1294702388624921,313402691545825,uatom,453.315539856772,uatom,839877751.4243491,0.02,0.01,0.04,2022-10-24T06:50:00.066113833Z,11.728,175,14822218.455435,64.02,1.0,5000.0
12570760,7.23302752293578,0.6666,0.13,0.07,0.2,0.6666,4360000,cosmosvaloper1c4k24jzduc365kywrsvf5ujz4ya6mwympnc4en,0.129470249051297,313402700852321,uatom,453.384595070044,uatom,840005695.3564268,0.02,0.01,0.04,2022-10-24T06:50:06.926091535Z,6.86,175,14822218.455435,64.02,1.0,3500.0
12570761,7.23302752293578,0.6666,0.13,0.07,0.2,0.6666,4360000,cosmosvaloper1c4k24jzduc365kywrsvf5ujz4ya6mwympnc4en,0.1294702592401084,313402710158818,uatom,453.45363781696,uatom,840133616.1911212,0.02,0.01,0.04,2022-10-24T06:50:13.342600766Z,6.416,175,14822218.455435,64.02,1.0,0.0
12570762,7.23302752293578,0.6666,0.13,0.07,0.2,0.6666,4360000,cosmosvaloper1c4k24jzduc365kywrsvf5ujz4ya6mwympnc4en,0.1294702694289263,313402719465316,uatom,453.522654615362,uatom,840261488.9489958,0.02,0.01,0.04,2022-10-24T06:50:19.691994090Z,6.349,175,14822218.455435,64.02,1.0,22254.0
12570763,7.23302752293578,0.6666,0.13,0.07,0.2,0.6666,4360000,cosmosvaloper1c4k24jzduc365kywrsvf5ujz4ya6mwympnc4en,0.1294702796177073,313402728771815,uatom,453.591836456404,uatom,840389667.4941312,0.02,0.01,0.04,2022-10-24T06:50:26.218968628Z,6.527,175,14822218.455435,64.02,1.0,0.0
12570764,7.23302752293578,0.6666,0.13,0.07,0.2,0.6666,4360000,cosmosvaloper1c4k24jzduc365kywrsvf5ujz4ya6mwympnc4en,0.1294702898064947,313402738078315,uatom,453.711064790754,uatom,840610571.0463567,0.02,0.01,0.04,2022-10-24T06:50:32.948879178Z,6.73,175,14822218.455435,64.02,1.0,2252.0
12570765,7.23302752293578,0.6666,0.13,0.07,0.2,0.6666,4360000,cosmosvaloper1c4k24jzduc365kywrsvf5ujz4ya6mwympnc4en,0.1294702999952875,313402747384816,uatom,453.780098298084,uatom,840738474.7621564,0.02,0.01,0.04,2022-10-24T06:50:39.686720334Z,6.738,175,14822218.455435,64.02,1.0,0.0
12570766,7.23302752293578,0.6666,0.13,0.07,0.2,0.6666,4360000,cosmosvaloper1c4k24jzduc365kywrsvf5ujz4ya6mwympnc4en,0.1294703101840868,313402756691318,uatom,453.849115112046,uatom,840866347.5488622,0.02,0.01,0.04,2022-10-24T06:50:46.175091147Z,6.489,175,14822218.455435,64.02,1.0,15901.0
12570767,7.23302752293578,0.6666,0.13,0.07,0.2,0.6666,4360000,cosmosvaloper1c4k24jzduc365kywrsvf5ujz4ya6mwympnc4en,0.1294703203728903,313402765997821,uatom,453.918249854558,uatom,840994438.8309096,0.02,0.01,0.04,2022-10-24T06:50:52.783735070Z,6.608,175,14822218.455435,64.02,1.0,10090.0
12570768,7.23302752293578,0.6666,0.13,0.07,0.2,0.6666,4360000,cosmosvaloper1c4k24jzduc365kywrsvf5ujz4ya6mwympnc4en,0.1294703305617003,313402775304325,uatom,453.987341510234,uatom,841122450.2826438,0.02,0.01,0.04,2022-10-24T06:50:59.152523126Z,6.369,175,14822218.455435,64.02,1.0,0.0
12570769,7.23302752293578,0.6666,0.13,0.07,0.2,0.6666,4360000,cosmosvaloper1c4k24jzduc365kywrsvf5ujz4ya6mwympnc4en,0.1294703407505168,313402784610830,uatom,454.05635834507,uatom,841250323.1080209,0.02,0.01,0.04,2022-10-24T06:51:05.828521421Z,6.676,175,14822218.455435,64.02,1.0,26764.0
12570771,7.23302752293578,0.6666,0.13,0.07,0.2,0.6666,4360000,cosmosvaloper1c4k24jzduc365kywrsvf5ujz4ya6mwympnc4en,0.1294703611281619,313402803223843,uatom,454.19484830032,uatom,841506914.154349,0.02,0.01,0.04,2022-10-24T06:51:19.163239500Z,6.12345,175,14822218.455435,64.02,1.0,6808.0
12570772,7.23302752293578,0.6666,0.13,0.07,0.2,0.6666,4360000,cosmosvaloper1c4k24jzduc365kywrsvf5ujz4ya6mwympnc4en,0.129470371316993,313402812530351,uatom,454.26391768363,uatom,841634884.3403491,0.02,0.01,0.04,2022-10-24T06:51:21.612243698Z,2.449,175,14822218.455435,64.02,1.0,1551.0
12570773,7.23302752293578,0.6666,0.13,0.07,0.2,0.6666,4360000,cosmosvaloper1c4k24jzduc365kywrsvf5ujz4ya6mwympnc4en,0.1294703815058306,313402821836860,uatom,454.332946048936,uatom,841762778.5291207,0.02,0.01,0.04,2022-10-24T06:51:28.014294621Z,6.402,175,14822218.455435,64.02,1.0,16418.0
12570774,7.23302752293578,0.6666,0.13,0.07,0.2,0.6666,4360000,cosmosvaloper1c4k24jzduc365kywrsvf5ujz4ya6mwympnc4en,0.1294703916946731,313402831143370,uatom,454.402084674664,uatom,841890877.0059029,0.02,0.01,0.04,2022-10-24T06:51:34.311845488Z,6.297,175,14822218.455435,64.02,1.0,800.0
12570775,7.23302752293578,0.6666,0.13,0.07,0.2,0.6666,4360000,cosmosvaloper1c4k24jzduc365kywrsvf5ujz4ya6mwympnc4en,0.1294704018835222,313402840449881,uatom,454.471107485058,uatom,842018760.9026597,0.02,0.01,0.04,2022-10-24T06:51:41.129993002Z,6.818,175,14822218.455435,64.02,1.0,0.0
12570776,7.23302752293578,0.6666,0.13,0.07,0.2,0.6666,4360000,cosmosvaloper1c4k24jzduc365kywrsvf5ujz4ya6mwympnc4en,0.1294704120723777,313402849756393,uatom,454.54012436974,uatom,842146633.8203943,0.02,0.01,0.04,2022-10-24T06:51:47.651952339Z,6.522,175,14822218.455435,64.02,1.0,5985.0
12570777,7.23302752293578,0.6666,0.13,0.07,0.2,0.6666,4360000,cosmosvaloper1c4k24jzduc365kywrsvf5ujz4ya6mwympnc4en,0.1294704222612348,313402859062906,uatom,454.609185646468,uatom,842274588.9867054,0.02,0.01,0.04,2022-10-24T06:51:54.110068617Z,6.459,175,14822218.455435,64.02,1.0,30481.0
12570778,7.23302752293578,0.6666,0.13,0.07,0.2,0.6666,4360000,cosmosvaloper1c4k24jzduc365kywrsvf5ujz4ya6mwympnc4en,0.1294704324500984,313402868369420,uatom,454.728804643764,uatom,842496216.3503699,0.02,0.01,0.04,2022-10-24T06:52:00.742301175Z,6.632,175,14822218.455435,64.02,1.0,18490.0
12570779,7.23302752293578,0.6666,0.13,0.07,0.2,0.6666,4360000,cosmosvaloper1c4k24jzduc365kywrsvf5ujz4ya6mwympnc4en,0.1294704426389358,313402877675935,uatom,454.79795867041,uatom,842624343.3616259,0.02,0.01,0.04,2022-10-24T06:52:12.306038506Z,11.564,175,14822218.455435,64.02,1.0,8950.0
12570780,7.23302752293578,0.6666,0.13,0.07,0.2,0.6666,4360000,cosmosvaloper1c4k24jzduc365kywrsvf5ujz4ya6mwympnc4en,0.1294704528277798,313402886982451,uatom,454.867041956042,uatom,842752339.3055323,0.02,0.01,0.04,2022-10-24T06:52:18.658139527Z,6.352,175,14822218.455435,64.02,1.0,9139.0
12570781,7.23302752293578,0.6666,0.13,0.07,0.2,0.6666,4360000,cosmosvaloper1c4k24jzduc365kywrsvf5ujz4ya6mwympnc4en,0.1294704630166297,313402896288968,uatom,454.936126640726,uatom,842880337.8415684,0.02,0.01,0.04,2022-10-24T06:52:25.107801172Z,6.449,175,14822218.455435,64.02,1.0,0.0
12570782,7.23302752293578,0.6666,0.13,0.07,0.2,0.6666,4360000,cosmosvaloper1c4k24jzduc365kywrsvf5ujz4ya6mwympnc4en,0.1294704732054861,313402905595486,uatom,455.005143558208,uatom,843008210.8200754,0.02,0.01,0.04,2022-10-24T06:52:31.996950343Z,6.889,175,14822218.455435,64.02,1.0,13869.0
12570783,7.23302752293578,0.6666,0.13,0.07,0.2,0.6666,4360000,cosmosvaloper1c4k24jzduc365kywrsvf5ujz4ya6mwympnc4en,0.129470483394348,313402914902005,uatom,455.074263335294,uatom,843136274.3745213,0.02,0.01,0.04,2022-10-24T06:52:38.443267273Z,6.447,175,14822218.455435,64.02,1.0,2827.0
12570784,7.23302752293578,0.6666,0.13,0.07,0.2,0.6666,4360000,cosmosvaloper1c4k24jzduc365kywrsvf5ujz4ya6mwympnc4en,0.1294704935832163,313402924208525,uatom,455.143301232578,uatom,843264186.2239245,0.02,0.01,0.04,2022-10-24T06:52:44.905810406Z,6.462,175,14822218.455435,64.02,1.0,0.0
12570785,7.23302752293578,0.6666,0.13,0.07,0.2,0.6666,4360000,cosmosvaloper1c4k24jzduc365kywrsvf5ujz4ya6mwympnc4en,0.1294705037720912,313402933515046,uatom,455.212318171964,uatom,843392059.2430147,0.02,0.01,0.04,2022-10-24T06:52:51.471602604Z,6.566,175,14822218.455435,64.02,1.0,0.0
12570786,7.23302752293578,0.6666,0.13,0.07,0.2,0.6666,4360000,cosmosvaloper1c4k24jzduc365kywrsvf5ujz4ya6mwympnc4en,0.1294705139609726,313402942821568,uatom,455.281335118768,uatom,843519932.2758453,0.02,0.01,0.04,2022-10-24T06:52:58.160811116Z,6.689,175,14822218.455435,64.02,1.0,28534.0
12570787,7.23302752293578,0.6666,0.13,0.07,0.2,0.6666,4360000,cosmosvaloper1c4k24jzduc365kywrsvf5ujz4ya6mwympnc4en,0.1294705241498571,313402952128091,uatom,455.350564938842,uatom,843648199.7154429,0.02,0.01,0.04,2022-10-24T06:53:04.756189931Z,6.596,175,14822218.455435,64.02,1.0,3934.0
12570788,7.23302752293578,0.6666,0.13,0.07,0.2,0.6666,4360000,cosmosvaloper1c4k24jzduc365kywrsvf5ujz4ya6mwympnc4en,0.1294705343387431,313402961434615,uatom,455.41961232998,uatom,843776129.1548457,0.02,0.01,0.04,2022-10-24T06:53:11.521116225Z,6.765,175,14822218.455435,64.02,1.0,2940.0
12570789,7.23302752293578,0.6666,0.13,0.07,0.2,0.6666,4360000,cosmosvaloper1c4k24jzduc365kywrsvf5ujz4ya6mwympnc4en,0.1294705445276356,313402970741140,uatom,455.488652355542,uatom,843904044.9474772,0.02,0.01,0.04,2022-10-24T06:53:17.984953048Z,6.463,175,14822218.455435,64.02,1.0,3356.0
12570790,7.23302752293578,0.6666,0.13,0.07,0.2,0.6666,4360000,cosmosvaloper1c4k24jzduc365kywrsvf5ujz4ya6mwympnc4en,0.1294705547165346,313402980047666,uatom,455.557695471902,uatom,844031966.4666694,0.02,0.01,0.04,2022-10-24T06:53:24.584367761Z,6.6,175,14822218.455435,64.02,1.0,759.0
12570791,7.23302752293578,0.6666,0.13,0.07,0.2,0.6666,4360000,cosmosvaloper1c4k24jzduc365kywrsvf5ujz4ya6mwympnc4en,0.1294705649054401,313402989354193,uatom,455.676918113784,uatom,844252859.4720198,0.02,0.01,0.04,2022-10-24T06:53:31.320998221Z,6.736,175,14822218.455435,64.02,1.0,12063.0
12570792,7.23302752293578,0.6666,0.13,0.07,0.2,0.6666,4360000,cosmosvaloper1c4k24jzduc365kywrsvf5ujz4ya6mwympnc4en,0.1294705852832618,313403007967250,uatom,455.815114891064,uatom,844508907.3248551,0.02,0.01,0.04,2022-10-24T06:53:37.721351593Z,6.401,175,14822218.455435,64.02,1.0,9550.0
12570793,7.23302752293578,0.6666,0.13,0.07,0.2,0.6666,4360000,cosmosvaloper1c4k24jzduc365kywrsvf5ujz4ya6mwympnc4en,0.1294705954721867,313403017273780,uatom,455.884165509776,uatom,844636842.7442342,0.02,0.01,0.04,2022-10-24T06:53:44.439372411Z,6.718,175,14822218.455435,64.02,1.0,4364.0
12570795,7.23302752293578,0.6666,0.13,0.07,0.2,0.6666,4360000,cosmosvaloper1c4k24jzduc365kywrsvf5ujz4ya6mwympnc4en,0.1294706056611181,313403026580311,uatom,455.953198598066,uatom,844764745.6836432,0.02,0.01,0.04,2022-10-24T06:53:57.568095630Z,6.12345,175,14822218.455435,64.02,1.0,5050.0
12570796,7.23302752293578,0.6666,0.13,0.07,0.2,0.6666,4360000,cosmosvaloper1c4k24jzduc365kywrsvf5ujz4ya6mwympnc4en,0.129470615850056,313403035886843,uatom,456.022253066616,uatom,844892688.2359147,0.02,0.01,0.04,2022-10-24T06:54:03.924887953Z,6.356,175,14822218.455435,64.02,1.0,23088.0
12570797,7.23302752293578,0.6666,0.13,0.07,0.2,0.6666,4360000,cosmosvaloper1c4k24jzduc365kywrsvf5ujz4ya6mwympnc4en,0.1294706260389684,313403045193376,uatom,456.09144131197,uatom,845020878.6468151,0.02,0.01,0.04,2022-10-24T06:54:15.473254878Z,11.549,175,14822218.455435,64.02,1.0,23902.0
12570798,7.23302752293578,0.6666,0.13,0.07,0.2,0.6666,4360000,cosmosvaloper1c4k24jzduc365kywrsvf5ujz4ya6mwympnc4en,0.1294706362278871,313403054499910,uatom,456.160637445896,uatom,845149083.6734797,0.02,0.01,0.04,2022-10-24T06:54:22.009902284Z,6.536,175,14822218.455435,64.02,1.0,5375.0
12570799,7.23302752293578,0.6666,0.13,0.07,0.2,0.6666,4360000,cosmosvaloper1c4k24jzduc365kywrsvf5ujz4ya6mwympnc4en,0.1294706464168122,313403063806445,uatom,456.229694336906,uatom,845277030.7140291,0.02,0.01,0.04,2022-10-24T06:54:28.828048490Z,6.819,175,14822218.455435,64.02,1.0,6595.0
12570800,7.23302752293578,0.6666,0.13,0.07,0.2,0.6666,4360000,cosmosvaloper1c4k24jzduc365kywrsvf5ujz4ya6mwympnc4en,0.1294706566057329,313403073112981,uatom,456.298760282822,uatom,845404994.5313035,0.02,0.01,0.04,2022-10-24T06:54:35.163436481Z,6.335,175,14822218.455435,64.02,1.0,4674.0
12570801,7.23302752293578,0.6666,0.13,0.07,0.2,0.6666,4360000,cosmosvaloper1c4k24jzduc365kywrsvf5ujz4ya6mwympnc4en,0.1294706667946601,313403082419518,uatom,456.367811990064,uatom,845532931.9674871,0.02,0.01,0.04,2022-10-24T06:54:41.670438108Z,6.507,175,14822218.455435,64.02,1.0,15182.0
12570802,7.23302752293578,0.6666,0.13,0.07,0.2,0.6666,4360000,cosmosvaloper1c4k24jzduc365kywrsvf5ujz4ya6mwympnc4en,0.1294706769835937,313403091726056,uatom,456.43694162835,uatom,845661013.7925394,0.02,0.01,0.04,2022-10-24T06:54:48.151078880Z,6.481,175,14822218.455435,64.02,1.0,11719.0
12570803,7.23302752293578,0.6666,0.13,0.07,0.2,0.6666,4360000,cosmosvaloper1c4k24jzduc365kywrsvf5ujz4ya6mwympnc4en,0.1294706871725327,313403101032595,uatom,456.50604559253,uatom,845789048.0491896,0.02,0.01,0.04,2022-10-24T06:54:55.168206513Z,7.017,175,14822218.455435,64.02,1.0,11467.0
12570804,7.23302752293578,0.6666,0.13,0.07,0.2,0.6666,4360000,cosmosvaloper1c4k24jzduc365kywrsvf5ujz4ya6mwympnc4en,0.1294706973614724,313403110339135,uatom,456.625421300254,uatom,846010224.6516402,0.02,0.01,0.04,2022-10-24T06:55:01.829570300Z,6.661,175,14822218.455435,64.02,1.0,2536.0
12570805,7.23302752293578,0.6666,0.13,0.07,0.2,0.6666,4360000,cosmosvaloper1c4k24jzduc365kywrsvf5ujz4ya6mwympnc4en,0.1294707075504186,313403119645676,uatom,456.694457177964,uatom,846138132.7593281,0.02,0.01,0.04,2022-10-24T06:55:08.524645421Z,6.695,175,14822218.455435,64.02,1.0,0.0
12570806,7.23302752293578,0.6666,0.13,0.07,0.2,0.6666,4360000,cosmosvaloper1c4k24jzduc365kywrsvf5ujz4ya6mwympnc4en,0.1294707279283303,313403138258761,uatom,456.832637284066,uatom,846394149.724391,0.02,0.01,0.04,2022-10-24T06:55:14.899170485Z,6.375,175,14822218.455435,64.02,1.0,19680.0
12570807,7.23302752293578,0.6666,0.13,0.07,0.2,0.6666,4360000,cosmosvaloper1c4k24jzduc365kywrsvf5ujz4ya6mwympnc4en,0.1294707279283303,313403138258761,uatom,456.832637284066,uatom,846394149.724391,0.02,0.01,0.04,2022-10-24T06:55:21.636351591Z,6.737,175,14822218.455435,64.02,1.0,5545.0
12570808,7.23302752293578,0.6666,0.13,0.07,0.2,0.6666,4360000,cosmosvaloper1c4k24jzduc365kywrsvf5ujz4ya6mwympnc4en,0.1294707483062442,313403156871850,uatom,456.970722918062,uatom,846649991.6536788,0.02,0.01,0.04,2022-10-24T06:55:28.089647877Z,6.453,175,14822218.455435,64.02,1.0,1392.0
12570809,7.23302752293578,0.6666,0.13,0.07,0.2,0.6666,4360000,cosmosvaloper1c4k24jzduc365kywrsvf5ujz4ya6mwympnc4en,0.1294707483062442,313403156871850,uatom,456.970722918062,uatom,846649991.6536788,0.02,0.01,0.04,2022-10-24T06:55:34.959759826Z,6.87,175,14822218.455435,64.02,1.0,12660.0
12570810,7.23302752293578,0.6666,0.13,0.07,0.2,0.6666,4360000,cosmosvaloper1c4k24jzduc365kywrsvf5ujz4ya6mwympnc4en,0.1294707584951601,313403166178396,uatom,457.03983390633,uatom,846778038.924505,0.02,0.01,0.04,2022-10-24T06:55:41.186808482Z,6.227,175,14822218.455435,64.02,1.0,23868.0
12570811,7.23302752293578,0.6666,0.13,0.07,0.2,0.6666,4360000,cosmosvaloper1c4k24jzduc365kywrsvf5ujz4ya6mwympnc4en,0.1294707686840825,313403175484943,uatom,457.109028020258,uatom,846906240.2086679,0.02,0.01,0.04,2022-10-24T06:55:48.049406277Z,6.863,175,14822218.455435,64.02,1.0,0.0
12570812,7.23302752293578,0.6666,0.13,0.07,0.2,0.6666,4360000,cosmosvaloper1c4k24jzduc365kywrsvf5ujz4ya6mwympnc4en,0.129470789061946,313403194098040,uatom,457.24716881884,uatom,847162184.3456506,0.02,0.01,0.04,2022-10-24T06:55:54.625975732Z,6.576,175,14822218.455435,64.02,1.0,14373.0
12570813,7.23302752293578,0.6666,0.13,0.07,0.2,0.6666,4360000,cosmosvaloper1c4k24jzduc365kywrsvf5ujz4ya6mwympnc4en,0.129470789061946,313403194098040,uatom,457.24716881884,uatom,847162184.3456506,0.02,0.01,0.04,2022-10-24T06:56:01.176837413Z,6.551,175,14822218.455435,64.02,1.0,3500.0
12570814,7.23302752293578,0.6666,0.13,0.07,0.2,0.6666,4360000,cosmosvaloper1c4k24jzduc365kywrsvf5ujz4ya6mwympnc4en,0.1294707992508871,313403203404590,uatom,457.31621189027,uatom,847290105.7817025,0.02,0.01,0.04,2022-10-24T06:56:07.672002042Z,6.496,175,14822218.455435,64.02,1.0,5789.0
12570815,7.23302752293578,0.6666,0.13,0.07,0.2,0.6666,4360000,cosmosvaloper1c4k24jzduc365kywrsvf5ujz4ya6mwympnc4en,0.1294708094398347,313403212711141,uatom,457.38527194428,uatom,847418058.6826898,0.02,0.01,0.04,2022-10-24T06:56:20.069775428Z,12.397,175,14822218.455435,64.02,1.0,3896.0
12570816,7.23302752293578,0.6666,0.13,0.07,0.2,0.6666,4360000,cosmosvaloper1c4k24jzduc365kywrsvf5ujz4ya6mwympnc4en,0.1294708196287888,313403222017693,uatom,457.454317967268,uatom,847545985.5873199,0.02,0.01,0.04,2022-10-24T06:56:26.575461814Z,6.506,175,14822218.455435,64.02,1.0,24043.0
12570817,7.23302752293578,0.6666,0.13,0.07,0.2,0.6666,4360000,cosmosvaloper1c4k24jzduc365kywrsvf5ujz4ya6mwympnc4en,0.1294708400067161,313403240630800,uatom,457.64279118874,uatom,847895184.495309,0.02,0.01,0.04,2022-10-24T06:56:33.131543752Z,6.556,175,14822218.455435,64.02,1.0,3811.0
12570819,7.23302752293578,0.6666,0.13,0.07,0.2,0.6666,4360000,cosmosvaloper1c4k24jzduc365kywrsvf5ujz4ya6mwympnc4en,0.1294708501956893,313403249937355,uatom,457.711818567628,uatom,848023076.8565737,0.02,0.01,0.04,2022-10-24T06:56:46.732180017Z,6.12345,175,14822218.467461,64.02,1.0,2673.0
12570820,7.23302752293578,0.6666,0.13,0.07,0.2,0.6666,4360000,cosmosvaloper1c4k24jzduc365kywrsvf5ujz4ya6mwympnc4en,0.129470860384669,313403259243911,uatom,457.780855549856,uatom,848150987.0106907,0.02,0.01,0.04,2022-10-24T06:56:53.259785863Z,6.527,175,14822218.467461,64.02,1.0,6250.0
12570821,7.23302752293578,0.6666,0.13,0.07,0.2,0.6666,4360000,cosmosvaloper1c4k24jzduc365kywrsvf5ujz4ya6mwympnc4en,0.1294708705736508,313403268550468,uatom,457.849919066436,uatom,848278946.3270507,0.02,0.01,0.04,2022-10-24T06:56:59.612909155Z,6.353,175,14822218.467461,64.02,1.0,6051.0
12570823,7.23302752293578,0.6666,0.13,0.07,0.2,0.6666,4360000,cosmosvaloper1c4k24jzduc365kywrsvf5ujz4ya6mwympnc4en,0.1294708909515164,313403287163586,uatom,457.988548977872,uatom,848535796.6812272,0.02,0.01,0.04,2022-10-24T06:57:17.494614957Z,6.12345,175,14822218.467461,64.02,1.0,4338.0
12570824,7.23302752293578,0.6666,0.13,0.07,0.2,0.6666,4360000,cosmosvaloper1c4k24jzduc365kywrsvf5ujz4ya6mwympnc4en,0.1294709011404413,313403296470147,uatom,458.057598330322,uatom,848663729.754609,0.02,0.01,0.04,2022-10-24T06:57:19.888675792Z,2.394,175,14822218.467461,64.02,1.0,12105.0
12570825,7.23302752293578,0.6666,0.13,0.07,0.2,0.6666,4360000,cosmosvaloper1c4k24jzduc365kywrsvf5ujz4ya6mwympnc4en,0.1294709113293724,313403305776709,uatom,458.126705279016,uatom,848791769.5410045,0.02,0.01,0.04,2022-10-24T06:57:26.696160243Z,6.808,175,14822218.467461,64.02,1.0,1051.0
12570826,7.23302752293578,0.6666,0.13,0.07,0.2,0.6666,4360000,cosmosvaloper1c4k24jzduc365kywrsvf5ujz4ya6mwympnc4en,0.1294709317072538,313403324389836,uatom,458.2647474522,uatom,849047530.9470861,0.02,0.01,0.04,2022-10-24T06:57:33.394787073Z,6.698,175,14822218.467461,64.02,1.0,0.0
12570827,7.23302752293578,0.6666,0.13,0.07,0.2,0.6666,4360000,cosmosvaloper1c4k24jzduc365kywrsvf5ujz4ya6mwympnc4en,0.1294709418962041,313403333696401,uatom,458.334035595292,uatom,849175906.4463506,0.02,0.01,0.04,2022-10-24T06:57:39.913249788Z,6.519,175,14822218.467461,64.02,1.0,36535.0
