block_num,Block_length_target,Goal_Bonded,Inflation_Rate_Change,Min_Inflation_Rate,Max_Inflation_Rate,Min_Signatures,Blocks_per_year,Validator_id,timestamp,sign_ratio,atom_staked_v,percent_staked,commission_amt,total_supply,v_commission,inflation_rate,community_tax,min_proposer_bonus,max_proposer_bonus,total_block_fees,n_validators
12713423,7.23302752293578,0.6666,0.13,0.07,0.2,0.6666,4360000,cosmosvaloper1svwt2mr4x2mx0hcmty0mxsa4rmlfau4lwx2l69,2022-11-04T12:28:39.426961226Z,1.0,185752,64.26,16133882.300349792,314740618008364,8.0,0.1308912375013339,0.02,0.01,0.04,6378,175
12713424,7.23302752293578,0.6666,0.13,0.07,0.2,0.6666,4360000,cosmosvaloper1svwt2mr4x2mx0hcmty0mxsa4rmlfau4lwx2l69,2022-11-04T12:28:46.004136204Z,1.0,185752,64.26,16134528.310906133,314740627457169,8.0,0.13089124685074,0.02,0.01,0.04,10114,175
12713425,7.23302752293578,0.6666,0.13,0.07,0.2,0.6666,4360000,cosmosvaloper1svwt2mr4x2mx0hcmty0mxsa4rmlfau4lwx2l69,2022-11-04T12:28:52.291506246Z,1.0,185752,64.26,16135174.576787166,314740636905975,8.0,0.1308912562001527,0.02,0.01,0.04,6452,175
12713426,7.23302752293578,0.6666,0.13,0.07,0.2,0.6666,4360000,cosmosvaloper1svwt2mr4x2mx0hcmty0mxsa4rmlfau4lwx2l69,2022-11-04T12:28:58.731760251Z,1.0,185752,64.26,16135820.592536088,314740646354782,8.0,0.1308912655496726,0.02,0.01,0.04,2779,175
12713427,7.23302752293578,0.6666,0.13,0.07,0.2,0.6666,4360000,cosmosvaloper1svwt2mr4x2mx0hcmty0mxsa4rmlfau4lwx2l69,2022-11-04T12:29:05.029213054Z,1.0,185752,64.26,16136466.357401336,314740655803590,8.0,0.1308912748991992,0.02,0.01,0.04,0,175
12713428,7.23302752293578,0.6666,0.13,0.07,0.2,0.6666,4360000,cosmosvaloper1svwt2mr4x2mx0hcmty0mxsa4rmlfau4lwx2l69,2022-11-04T12:29:11.664129337Z,1.0,185752,64.26,16137111.932760892,314740665252399,8.0,0.1308912842487323,0.02,0.01,0.04,8821,175
12713429,7.23302752293578,0.6666,0.13,0.07,0.2,0.6666,4360000,cosmosvaloper1svwt2mr4x2mx0hcmty0mxsa4rmlfau4lwx2l69,2022-11-04T12:29:23.298518473Z,1.0,185752,64.26,16137758.262217997,314740674701209,8.0,0.130891293598272,0.02,0.01,0.04,1803,175
12713430,7.23302752293578,0.6666,0.13,0.07,0.2,0.6666,4360000,cosmosvaloper1svwt2mr4x2mx0hcmty0mxsa4rmlfau4lwx2l69,2022-11-04T12:29:29.969044424Z,1.0,185752,64.26,16138403.960901417,314740684150020,8.0,0.1308913029478183,0.02,0.01,0.04,17806,175
12713431,7.23302752293578,0.6666,0.13,0.07,0.2,0.6666,4360000,cosmosvaloper1svwt2mr4x2mx0hcmty0mxsa4rmlfau4lwx2l69,2022-11-04T12:29:36.267128763Z,1.0,185752,64.26,16139050.753033668,314740693598832,8.0,0.1308913122973713,0.02,0.01,0.04,22417,175
12713432,7.23302752293578,0.6666,0.13,0.07,0.2,0.6666,4360000,cosmosvaloper1svwt2mr4x2mx0hcmty0mxsa4rmlfau4lwx2l69,2022-11-04T12:29:42.708918340Z,1.0,185752,64.26,16139697.860273767,314740703047645,8.0,0.1308913216469285,0.02,0.01,0.04,1845,175
12713433,7.23302752293578,0.6666,0.13,0.07,0.2,0.6666,4360000,cosmosvaloper1svwt2mr4x2mx0hcmty0mxsa4rmlfau4lwx2l69,2022-11-04T12:29:48.857983942Z,1.0,185752,64.26,16140343.562031744,314740712496459,8.0,0.1308913309964924,0.02,0.01,0.04,9680,175
12713434,7.23302752293578,0.6666,0.13,0.07,0.2,0.6666,4360000,cosmosvaloper1svwt2mr4x2mx0hcmty0mxsa4rmlfau4lwx2l69,2022-11-04T12:29:55.667183637Z,1.0,185752,64.26,16140989.79916605,314740721945274,8.0,0.1308913403460628,0.02,0.01,0.04,0,175
12713435,7.23302752293578,0.6666,0.13,0.07,0.2,0.6666,4360000,cosmosvaloper1svwt2mr4x2mx0hcmty0mxsa4rmlfau4lwx2l69,2022-11-04T12:30:02.478813646Z,1.0,185752,64.26,16141635.391877595,314740731394090,8.0,0.1308913496956398,0.02,0.01,0.04,7269,175
12713436,7.23302752293578,0.6666,0.13,0.07,0.2,0.6666,4360000,cosmosvaloper1svwt2mr4x2mx0hcmty0mxsa4rmlfau4lwx2l69,2022-11-04T12:30:09.453444499Z,1.0,185752,64.26,16142281.481313763,314740740842906,8.0,0.1308913590452233,0.02,0.01,0.04,13926,175
12713437,7.23302752293578,0.6666,0.13,0.07,0.2,0.6666,4360000,cosmosvaloper1svwt2mr4x2mx0hcmty0mxsa4rmlfau4lwx2l69,2022-11-04T12:30:16.103378863Z,1.0,185752,64.26,16142928.025591165,314740750291723,8.0,0.1308913683947994,0.02,0.01,0.04,3679,175
12713438,7.23302752293578,0.6666,0.13,0.07,0.2,0.6666,4360000,cosmosvaloper1svwt2mr4x2mx0hcmty0mxsa4rmlfau4lwx2l69,2022-11-04T12:30:22.644509817Z,1.0,185752,64.26,16143573.86980798,314740759740541,8.0,0.130891377744382,0.02,0.01,0.04,17100,175
12713439,7.23302752293578,0.6666,0.13,0.07,0.2,0.6666,4360000,cosmosvaloper1svwt2mr4x2mx0hcmty0mxsa4rmlfau4lwx2l69,2022-11-04T12:30:29.372457213Z,1.0,185752,64.26,16144220.631044827,314740769189360,8.0,0.130891387093961,0.02,0.01,0.04,10200,175
12713440,7.23302752293578,0.6666,0.13,0.07,0.2,0.6666,4360000,cosmosvaloper1svwt2mr4x2mx0hcmty0mxsa4rmlfau4lwx2l69,2022-11-04T12:30:35.727191669Z,1.0,185752,64.26,16144866.920905758,314740778638180,8.0,0.1308913964435467,0.02,0.01,0.04,6993,175
12713441,7.23302752293578,0.6666,0.13,0.07,0.2,0.6666,4360000,cosmosvaloper1svwt2mr4x2mx0hcmty0mxsa4rmlfau4lwx2l69,2022-11-04T12:30:42.490913477Z,1.0,185752,64.26,16145512.991683988,314740788087001,8.0,0.1308914057931389,0.02,0.01,0.04,15560,175
12713442,7.23302752293578,0.6666,0.13,0.07,0.2,0.6666,4360000,cosmosvaloper1svwt2mr4x2mx0hcmty0mxsa4rmlfau4lwx2l69,2022-11-04T12:30:49.221294654Z,1.0,185752,64.26,16146159.630965035,314740797535823,8.0,0.1308914151427378,0.02,0.01,0.04,9424,175
12713443,7.23302752293578,0.6666,0.13,0.07,0.2,0.6666,4360000,cosmosvaloper1svwt2mr4x2mx0hcmty0mxsa4rmlfau4lwx2l69,2022-11-04T12:30:55.476803705Z,1.0,185752,64.26,16146805.85108164,314740806984646,8.0,0.1308914244923432,0.02,0.01,0.04,7826,175
12713444,7.23302752293578,0.6666,0.13,0.07,0.2,0.6666,4360000,cosmosvaloper1svwt2mr4x2mx0hcmty0mxsa4rmlfau4lwx2l69,2022-11-04T12:31:01.865969279Z,1.0,185752,64.26,16147451.962085675,314740816433470,8.0,0.1308914338419573,0.02,0.01,0.04,13817,175
12713445,7.23302752293578,0.6666,0.13,0.07,0.2,0.6666,4360000,cosmosvaloper1svwt2mr4x2mx0hcmty0mxsa4rmlfau4lwx2l69,2022-11-04T12:31:08.736751825Z,1.0,185752,64.26,16148747.79998916,314740835331121,8.0,0.1308914525412002,0.02,0.01,0.04,4543,175
12713446,7.23302752293578,0.6666,0.13,0.07,0.2,0.6666,4360000,cosmosvaloper1svwt2mr4x2mx0hcmty0mxsa4rmlfau4lwx2l69,2022-11-04T12:31:15.361180452Z,1.0,185752,64.26,16148747.79998916,314740835331121,8.0,0.1308914525412002,0.02,0.01,0.04,2627,175
12713447,7.23302752293578,0.6666,0.13,0.07,0.2,0.6666,4360000,cosmosvaloper1svwt2mr4x2mx0hcmty0mxsa4rmlfau4lwx2l69,2022-11-04T12:31:17.786093791Z,1.0,185752,64.26,16149394.016246788,314740844779948,8.0,0.1308914618908316,0.02,0.01,0.04,11702,175
12713448,7.23302752293578,0.6666,0.13,0.07,0.2,0.6666,4360000,cosmosvaloper1svwt2mr4x2mx0hcmty0mxsa4rmlfau4lwx2l69,2022-11-04T12:31:29.071541838Z,1.0,185752,64.26,16150040.392339466,314740854228776,8.0,0.1308914712404571,0.02,0.01,0.04,12023,175
12713449,7.23302752293578,0.6666,0.13,0.07,0.2,0.6666,4360000,cosmosvaloper1svwt2mr4x2mx0hcmty0mxsa4rmlfau4lwx2l69,2022-11-04T12:31:35.390208511Z,1.0,185752,64.26,16150686.7904323,314740863677605,8.0,0.130891480590088,0.02,0.01,0.04,21001,175
12713450,7.23302752293578,0.6666,0.13,0.07,0.2,0.6666,4360000,cosmosvaloper1svwt2mr4x2mx0hcmty0mxsa4rmlfau4lwx2l69,2022-11-04T12:31:41.709078353Z,1.0,185752,64.26,16151333.801966311,314740873126435,8.0,0.1308914899397255,0.02,0.01,0.04,5000,175
12713451,7.23302752293578,0.6666,0.13,0.07,0.2,0.6666,4360000,cosmosvaloper1svwt2mr4x2mx0hcmty0mxsa4rmlfau4lwx2l69,2022-11-04T12:31:47.901445539Z,1.0,185752,64.26,16151979.7203218,314740882575266,8.0,0.1308914992893696,0.02,0.01,0.04,10443,175
12713452,7.23302752293578,0.6666,0.13,0.07,0.2,0.6666,4360000,cosmosvaloper1svwt2mr4x2mx0hcmty0mxsa4rmlfau4lwx2l69,2022-11-04T12:31:54.333036094Z,1.0,185752,64.26,16152635.078669148,314740892024098,8.0,0.1308915086390199,0.02,0.01,0.04,0,175
12713453,7.23302752293578,0.6666,0.13,0.07,0.2,0.6666,4360000,cosmosvaloper1svwt2mr4x2mx0hcmty0mxsa4rmlfau4lwx2l69,2022-11-04T12:32:00.950697377Z,1.0,185752,64.26,16153280.832472865,314740901472931,8.0,0.1308915179886769,0.02,0.01,0.04,18112,175
12713454,7.23302752293578,0.6666,0.13,0.07,0.2,0.6666,4360000,cosmosvaloper1svwt2mr4x2mx0hcmty0mxsa4rmlfau4lwx2l69,2022-11-04T12:32:07.261776602Z,1.0,185752,64.26,16153927.672661647,314740910921765,8.0,0.13089152733834,0.02,0.01,0.04,6916,175
12713455,7.23302752293578,0.6666,0.13,0.07,0.2,0.6666,4360000,cosmosvaloper1svwt2mr4x2mx0hcmty0mxsa4rmlfau4lwx2l69,2022-11-04T12:32:13.595505121Z,1.0,185752,64.26,16154573.801586963,314740920370600,8.0,0.1308915366879978,0.02,0.01,0.04,5096,175
12713456,7.23302752293578,0.6666,0.13,0.07,0.2,0.6666,4360000,cosmosvaloper1svwt2mr4x2mx0hcmty0mxsa4rmlfau4lwx2l69,2022-11-04T12:32:20.090501999Z,1.0,185752,64.26,16155219.72684312,314740929819436,8.0,0.1308915460376618,0.02,0.01,0.04,16785,175
12713457,7.23302752293578,0.6666,0.13,0.07,0.2,0.6666,4360000,cosmosvaloper1svwt2mr4x2mx0hcmty0mxsa4rmlfau4lwx2l69,2022-11-04T12:32:26.646552582Z,1.0,185752,64.26,16155866.450765328,314740939268273,8.0,0.1308915553873112,0.02,0.01,0.04,8384,175
12713458,7.23302752293578,0.6666,0.13,0.07,0.2,0.6666,4360000,cosmosvaloper1svwt2mr4x2mx0hcmty0mxsa4rmlfau4lwx2l69,2022-11-04T12:32:33.159082406Z,1.0,185752,64.26,16156512.743992545,314740948717111,8.0,0.1308915647369607,0.02,0.01,0.04,11434,175
12713459,7.23302752293578,0.6666,0.13,0.07,0.2,0.6666,4360000,cosmosvaloper1svwt2mr4x2mx0hcmty0mxsa4rmlfau4lwx2l69,2022-11-04T12:32:39.694604876Z,1.0,185752,64.26,16157159.102385491,314740958165950,8.0,0.1308915740866168,0.02,0.01,0.04,2164,175
12713460,7.23302752293578,0.6666,0.13,0.07,0.2,0.6666,4360000,cosmosvaloper1svwt2mr4x2mx0hcmty0mxsa4rmlfau4lwx2l69,2022-11-04T12:32:46.180674544Z,1.0,185752,64.26,16157804.827469256,314740967614789,8.0,0.1308915834362794,0.02,0.01,0.04,0,175
12713461,7.23302752293578,0.6666,0.13,0.07,0.2,0.6666,4360000,cosmosvaloper1svwt2mr4x2mx0hcmty0mxsa4rmlfau4lwx2l69,2022-11-04T12:32:52.875808246Z,1.0,185752,64.26,16158450.404701084,314740977063629,8.0,0.1308915927859487,0.02,0.01,0.04,7160,175
12713462,7.23302752293578,0.6666,0.13,0.07,0.2,0.6666,4360000,cosmosvaloper1svwt2mr4x2mx0hcmty0mxsa4rmlfau4lwx2l69,2022-11-04T12:32:59.194761636Z,1.0,185752,64.26,16159096.471197102,314740986512470,8.0,0.1308916021356218,0.02,0.01,0.04,5071,175
12713463,7.23302752293578,0.6666,0.13,0.07,0.2,0.6666,4360000,cosmosvaloper1svwt2mr4x2mx0hcmty0mxsa4rmlfau4lwx2l69,2022-11-04T12:33:05.474894360Z,1.0,185752,64.26,16159742.395033766,314740995961312,8.0,0.1308916114853015,0.02,0.01,0.04,3366,175
12713464,7.23302752293578,0.6666,0.13,0.07,0.2,0.6666,4360000,cosmosvaloper1svwt2mr4x2mx0hcmty0mxsa4rmlfau4lwx2l69,2022-11-04T12:33:12.171715972Z,1.0,185752,64.26,16160388.202440895,314741005410155,8.0,0.1308916208349878,0.02,0.01,0.04,17963,175
12713465,7.23302752293578,0.6666,0.13,0.07,0.2,0.6666,4360000,cosmosvaloper1svwt2mr4x2mx0hcmty0mxsa4rmlfau4lwx2l69,2022-11-04T12:33:18.545457236Z,1.0,185752,64.26,16161035.007233664,314741014858999,8.0,0.1308916301846789,0.02,0.01,0.04,5571,175
12713466,7.23302752293578,0.6666,0.13,0.07,0.2,0.6666,4360000,cosmosvaloper1svwt2mr4x2mx0hcmty0mxsa4rmlfau4lwx2l69,2022-11-04T12:33:24.971013998Z,1.0,185752,64.26,16161680.965430636,314741024307844,8.0,0.1308916395343767,0.02,0.01,0.04,4732,175
12713467,7.23302752293578,0.6666,0.13,0.07,0.2,0.6666,4360000,cosmosvaloper1svwt2mr4x2mx0hcmty0mxsa4rmlfau4lwx2l69,2022-11-04T12:33:36.340270372Z,1.0,185752,64.26,16162326.866369369,314741033756690,8.0,0.1308916488840811,0.02,0.01,0.04,24386,175
12713468,7.23302752293578,0.6666,0.13,0.07,0.2,0.6666,4360000,cosmosvaloper1svwt2mr4x2mx0hcmty0mxsa4rmlfau4lwx2l69,2022-11-04T12:33:42.869390242Z,1.0,185752,64.26,16162974.110205388,314741043205537,8.0,0.1308916582337921,0.02,0.01,0.04,3250,175
12713469,7.23302752293578,0.6666,0.13,0.07,0.2,0.6666,4360000,cosmosvaloper1svwt2mr4x2mx0hcmty0mxsa4rmlfau4lwx2l69,2022-11-04T12:33:49.218626774Z,1.0,185752,64.26,16163619.910025422,314741052654385,8.0,0.1308916675835096,0.02,0.01,0.04,18601,175
12713470,7.23302752293578,0.6666,0.13,0.07,0.2,0.6666,4360000,cosmosvaloper1svwt2mr4x2mx0hcmty0mxsa4rmlfau4lwx2l69,2022-11-04T12:33:55.963899151Z,1.0,185752,64.26,16164266.758746969,314741062103234,8.0,0.1308916769332059,0.02,0.01,0.04,6391,175
12713471,7.23302752293578,0.6666,0.13,0.07,0.2,0.6666,4360000,cosmosvaloper1svwt2mr4x2mx0hcmty0mxsa4rmlfau4lwx2l69,2022-11-04T12:34:02.367092043Z,1.0,185752,64.26,16164912.773307586,314741071552084,8.0,0.1308916862829088,0.02,0.01,0.04,5744,175
12713472,7.23302752293578,0.6666,0.13,0.07,0.2,0.6666,4360000,cosmosvaloper1svwt2mr4x2mx0hcmty0mxsa4rmlfau4lwx2l69,2022-11-04T12:34:08.720631066Z,1.0,185752,64.26,16165558.743648227,314741081000935,8.0,0.1308916956326183,0.02,0.01,0.04,6162,175
12713473,7.23302752293578,0.6666,0.13,0.07,0.2,0.6666,4360000,cosmosvaloper1svwt2mr4x2mx0hcmty0mxsa4rmlfau4lwx2l69,2022-11-04T12:34:15.097664825Z,1.0,185752,64.26,16166213.79451937,314741090449787,8.0,0.1308917049823344,0.02,0.01,0.04,7957,175
12713474,7.23302752293578,0.6666,0.13,0.07,0.2,0.6666,4360000,cosmosvaloper1svwt2mr4x2mx0hcmty0mxsa4rmlfau4lwx2l69,2022-11-04T12:34:21.910681394Z,1.0,185752,64.26,16167506.992283536,314741109347494,8.0,0.1308917236817903,0.02,0.01,0.04,21925,175
12713475,7.23302752293578,0.6666,0.13,0.07,0.2,0.6666,4360000,cosmosvaloper1svwt2mr4x2mx0hcmty0mxsa4rmlfau4lwx2l69,2022-11-04T12:34:28.501672865Z,1.0,185752,64.26,16167506.992283536,314741109347494,8.0,0.1308917236817903,0.02,0.01,0.04,6064,175
12713476,7.23302752293578,0.6666,0.13,0.07,0.2,0.6666,4360000,cosmosvaloper1svwt2mr4x2mx0hcmty0mxsa4rmlfau4lwx2l69,2022-11-04T12:34:34.965306267Z,1.0,185752,64.26,16168152.984760968,314741118796349,8.0,0.1308917330315301,0.02,0.01,0.04,12172,175
12713477,7.23302752293578,0.6666,0.13,0.07,0.2,0.6666,4360000,cosmosvaloper1svwt2mr4x2mx0hcmty0mxsa4rmlfau4lwx2l69,2022-11-04T12:34:41.247690421Z,1.0,185752,64.26,16168799.394635856,314741128245205,8.0,0.1308917423812765,0.02,0.01,0.04,8500,175
12713478,7.23302752293578,0.6666,0.13,0.07,0.2,0.6666,4360000,cosmosvaloper1svwt2mr4x2mx0hcmty0mxsa4rmlfau4lwx2l69,2022-11-04T12:34:47.566495357Z,1.0,185752,64.26,16169445.553695409,314741137694062,8.0,0.1308917517310296,0.02,0.01,0.04,11860,175
12713479,7.23302752293578,0.6666,0.13,0.07,0.2,0.6666,4360000,cosmosvaloper1svwt2mr4x2mx0hcmty0mxsa4rmlfau4lwx2l69,2022-11-04T12:34:53.990590586Z,1.0,185752,64.26,16170091.94239003,314741147142920,8.0,0.1308917610807892,0.02,0.01,0.04,8030,175
12713480,7.23302752293578,0.6666,0.13,0.07,0.2,0.6666,4360000,cosmosvaloper1svwt2mr4x2mx0hcmty0mxsa4rmlfau4lwx2l69,2022-11-04T12:35:00.282618431Z,1.0,185752,64.26,16170738.069474217,314741156591779,8.0,0.1308917704305554,0.02,0.01,0.04,5075,175
12713481,7.23302752293578,0.6666,0.13,0.07,0.2,0.6666,4360000,cosmosvaloper1svwt2mr4x2mx0hcmty0mxsa4rmlfau4lwx2l69,2022-11-04T12:35:06.880412663Z,1.0,185752,64.26,16171383.994730968,314741166040639,8.0,0.1308917797797002,0.02,0.01,0.04,10379,175
12713482,7.23302752293578,0.6666,0.13,0.07,0.2,0.6666,4360000,cosmosvaloper1svwt2mr4x2mx0hcmty0mxsa4rmlfau4lwx2l69,2022-11-04T12:35:13.661499988Z,1.0,185752,64.26,16172038.407536436,314741175489500,8.0,0.1308917891288556,0.02,0.01,0.04,6394,175
12713483,7.23302752293578,0.6666,0.13,0.07,0.2,0.6666,4360000,cosmosvaloper1svwt2mr4x2mx0hcmty0mxsa4rmlfau4lwx2l69,2022-11-04T12:35:20.383667287Z,1.0,185752,64.26,16172684.421205638,314741184938362,8.0,0.1308917984780057,0.02,0.01,0.04,31497,175
12713484,7.23302752293578,0.6666,0.13,0.07,0.2,0.6666,4360000,cosmosvaloper1svwt2mr4x2mx0hcmty0mxsa4rmlfau4lwx2l69,2022-11-04T12:35:26.636606771Z,1.0,185752,64.26,16173332.1500775,314741194387225,8.0,0.1308918078271624,0.02,0.01,0.04,7637,175
12713485,7.23302752293578,0.6666,0.13,0.07,0.2,0.6666,4360000,cosmosvaloper1svwt2mr4x2mx0hcmty0mxsa4rmlfau4lwx2l69,2022-11-04T12:35:33.091285891Z,1.0,185752,64.26,16173978.248789972,314741203836088,8.0,0.1308918171763253,0.02,0.01,0.04,36466,175
12713486,7.23302752293578,0.6666,0.13,0.07,0.2,0.6666,4360000,cosmosvaloper1svwt2mr4x2mx0hcmty0mxsa4rmlfau4lwx2l69,2022-11-04T12:35:45.501415355Z,1.0,185752,64.26,16174626.317193111,314741213284952,8.0,0.1308918265254935,0.02,0.01,0.04,11440,175
12713487,7.23302752293578,0.6666,0.13,0.07,0.2,0.6666,4360000,cosmosvaloper1svwt2mr4x2mx0hcmty0mxsa4rmlfau4lwx2l69,2022-11-04T12:35:51.936258922Z,1.0,185752,64.26,16175272.67580399,314741222733817,8.0,0.1308918358746683,0.02,0.01,0.04,33849,175
12713488,7.23302752293578,0.6666,0.13,0.07,0.2,0.6666,4360000,cosmosvaloper1svwt2mr4x2mx0hcmty0mxsa4rmlfau4lwx2l69,2022-11-04T12:35:58.569811810Z,1.0,185752,64.26,16176567.427070497,314741241631550,8.0,0.1308918545730136,0.02,0.01,0.04,18799,175
12713489,7.23302752293578,0.6666,0.13,0.07,0.2,0.6666,4360000,cosmosvaloper1svwt2mr4x2mx0hcmty0mxsa4rmlfau4lwx2l69,2022-11-04T12:36:04.970030802Z,1.0,185752,64.26,16177213.674549447,314741251080418,8.0,0.1308918639221962,0.02,0.01,0.04,9811,175
12713490,7.23302752293578,0.6666,0.13,0.07,0.2,0.6666,4360000,cosmosvaloper1svwt2mr4x2mx0hcmty0mxsa4rmlfau4lwx2l69,2022-11-04T12:36:12.035786842Z,1.0,185752,64.26,16179155.570578655,314741279427028,8.0,0.1308918919697542,0.02,0.01,0.04,28093,175
12713494,7.23302752293578,0.6666,0.13,0.07,0.2,0.6666,4360000,cosmosvaloper1svwt2mr4x2mx0hcmty0mxsa4rmlfau4lwx2l69,2022-11-04T12:36:37.991257457Z,1.0,185752,64.26,16181097.528849391,314741307773647,8.0,0.1308919200173255,0.02,0.01,0.04,18785,175
12713496,7.23302752293578,0.6666,0.13,0.07,0.2,0.6666,4360000,cosmosvaloper1svwt2mr4x2mx0hcmty0mxsa4rmlfau4lwx2l69,2022-11-04T12:36:46.588997700Z,1.0,185752,64.26,16181097.528849391,314741307773647,8.0,0.1308919200173255,0.02,0.01,0.04,23214,175
12713497,7.23302752293578,0.6666,0.13,0.07,0.2,0.6666,4360000,cosmosvaloper1svwt2mr4x2mx0hcmty0mxsa4rmlfau4lwx2l69,2022-11-04T12:36:53.070474126Z,1.0,185752,64.26,16182391.074097984,314741326671398,8.0,0.1308919387157251,0.02,0.01,0.04,11768,175
12713498,7.23302752293578,0.6666,0.13,0.07,0.2,0.6666,4360000,cosmosvaloper1svwt2mr4x2mx0hcmty0mxsa4rmlfau4lwx2l69,2022-11-04T12:36:59.782081015Z,1.0,185752,64.26,16182391.074097984,314741326671398,8.0,0.1308919387157251,0.02,0.01,0.04,11503,175
12713500,7.23302752293578,0.6666,0.13,0.07,0.2,0.6666,4360000,cosmosvaloper1svwt2mr4x2mx0hcmty0mxsa4rmlfau4lwx2l69,2022-11-04T12:37:12.733601238Z,1.0,185752,64.26,16183683.566541204,314741345569153,8.0,0.130891957414151,0.02,0.01,0.04,6240,175
12713501,7.23302752293578,0.6666,0.13,0.07,0.2,0.6666,4360000,cosmosvaloper1svwt2mr4x2mx0hcmty0mxsa4rmlfau4lwx2l69,2022-11-04T12:37:19.388702502Z,1.0,185752,64.26,16184329.57069363,314741355018032,8.0,0.1308919667633738,0.02,0.01,0.04,25947,175
12713502,7.23302752293578,0.6666,0.13,0.07,0.2,0.6666,4360000,cosmosvaloper1svwt2mr4x2mx0hcmty0mxsa4rmlfau4lwx2l69,2022-11-04T12:37:25.764276995Z,1.0,185752,64.26,16185624.29869506,314741373915793,8.0,0.1308919854618393,0.02,0.01,0.04,4573,175
12713503,7.23302752293578,0.6666,0.13,0.07,0.2,0.6666,4360000,cosmosvaloper1svwt2mr4x2mx0hcmty0mxsa4rmlfau4lwx2l69,2022-11-04T12:37:32.016657732Z,1.0,185752,64.26,16185624.29869506,314741373915793,8.0,0.1308919854618393,0.02,0.01,0.04,3770,175
12713504,7.23302752293578,0.6666,0.13,0.07,0.2,0.6666,4360000,cosmosvaloper1svwt2mr4x2mx0hcmty0mxsa4rmlfau4lwx2l69,2022-11-04T12:37:34.297310479Z,1.0,185752,64.26,16186270.134290898,314741383364675,8.0,0.130891994811082,0.02,0.01,0.04,1876,175
12713505,7.23302752293578,0.6666,0.13,0.07,0.2,0.6666,4360000,cosmosvaloper1svwt2mr4x2mx0hcmty0mxsa4rmlfau4lwx2l69,2022-11-04T12:37:40.940270471Z,1.0,185752,64.26,16186915.840550872,314741392813558,8.0,0.1308920041603313,0.02,0.01,0.04,24874,175
12713506,7.23302752293578,0.6666,0.13,0.07,0.2,0.6666,4360000,cosmosvaloper1svwt2mr4x2mx0hcmty0mxsa4rmlfau4lwx2l69,2022-11-04T12:37:52.128572612Z,1.0,185752,64.26,16187563.118176684,314741402262442,8.0,0.1308920135095855,0.02,0.01,0.04,0,175
12713507,7.23302752293578,0.6666,0.13,0.07,0.2,0.6666,4360000,cosmosvaloper1svwt2mr4x2mx0hcmty0mxsa4rmlfau4lwx2l69,2022-11-04T12:37:58.513139977Z,1.0,185752,64.26,16188209.61275002,314741411711327,8.0,0.1308920228588463,0.02,0.01,0.04,29249,175
12713508,7.23302752293578,0.6666,0.13,0.07,0.2,0.6666,4360000,cosmosvaloper1svwt2mr4x2mx0hcmty0mxsa4rmlfau4lwx2l69,2022-11-04T12:38:09.841118690Z,1.0,185752,64.26,16188857.189423384,314741421160213,8.0,0.1308920322081124,0.02,0.01,0.04,0,175
12713509,7.23302752293578,0.6666,0.13,0.07,0.2,0.6666,4360000,cosmosvaloper1svwt2mr4x2mx0hcmty0mxsa4rmlfau4lwx2l69,2022-11-04T12:38:16.474679927Z,1.0,185752,64.26,16189502.767779088,314741430609099,8.0,0.1308920415573851,0.02,0.01,0.04,0,175
12713510,7.23302752293578,0.6666,0.13,0.07,0.2,0.6666,4360000,cosmosvaloper1svwt2mr4x2mx0hcmty0mxsa4rmlfau4lwx2l69,2022-11-04T12:38:22.852047440Z,1.0,185752,64.26,16190149.00551584,314741440057986,8.0,0.1308920509066644,0.02,0.01,0.04,4013,175
12713511,7.23302752293578,0.6666,0.13,0.07,0.2,0.6666,4360000,cosmosvaloper1svwt2mr4x2mx0hcmty0mxsa4rmlfau4lwx2l69,2022-11-04T12:38:29.111376487Z,1.0,185752,64.26,16190794.85811458,314741449506874,8.0,0.1308920602559461,0.02,0.01,0.04,3250,175
12713512,7.23302752293578,0.6666,0.13,0.07,0.2,0.6666,4360000,cosmosvaloper1svwt2mr4x2mx0hcmty0mxsa4rmlfau4lwx2l69,2022-11-04T12:38:35.489358766Z,1.0,185752,64.26,16191440.658651024,314741458955763,8.0,0.1308920696052343,0.02,0.01,0.04,14927,175
12713513,7.23302752293578,0.6666,0.13,0.07,0.2,0.6666,4360000,cosmosvaloper1svwt2mr4x2mx0hcmty0mxsa4rmlfau4lwx2l69,2022-11-04T12:38:41.890296830Z,1.0,185752,64.26,16192087.257053288,314741468404653,8.0,0.130892078954514,0.02,0.01,0.04,13960,175
12713514,7.23302752293578,0.6666,0.13,0.07,0.2,0.6666,4360000,cosmosvaloper1svwt2mr4x2mx0hcmty0mxsa4rmlfau4lwx2l69,2022-11-04T12:38:48.273239188Z,1.0,185752,64.26,16192733.789455315,314741477853544,8.0,0.1308920883034679,0.02,0.01,0.04,3000,175
12713515,7.23302752293578,0.6666,0.13,0.07,0.2,0.6666,4360000,cosmosvaloper1svwt2mr4x2mx0hcmty0mxsa4rmlfau4lwx2l69,2022-11-04T12:38:54.680393761Z,1.0,185752,64.26,16193379.573058456,314741487302436,8.0,0.1308920976524285,0.02,0.01,0.04,11804,175
12713516,7.23302752293578,0.6666,0.13,0.07,0.2,0.6666,4360000,cosmosvaloper1svwt2mr4x2mx0hcmty0mxsa4rmlfau4lwx2l69,2022-11-04T12:39:01.104711012Z,1.0,185752,64.26,16194025.957269672,314741496751329,8.0,0.1308921070013938,0.02,0.01,0.04,0,175
12713517,7.23302752293578,0.6666,0.13,0.07,0.2,0.6666,4360000,cosmosvaloper1svwt2mr4x2mx0hcmty0mxsa4rmlfau4lwx2l69,2022-11-04T12:39:07.711313405Z,1.0,185752,64.26,16194672.808810988,314741506200223,8.0,0.1308921163503657,0.02,0.01,0.04,0,175
12713518,7.23302752293578,0.6666,0.13,0.07,0.2,0.6666,4360000,cosmosvaloper1svwt2mr4x2mx0hcmty0mxsa4rmlfau4lwx2l69,2022-11-04T12:39:14.141280685Z,1.0,185752,64.26,16195319.311217992,314741515649118,8.0,0.1308921256993441,0.02,0.01,0.04,10718,175
12713519,7.23302752293578,0.6666,0.13,0.07,0.2,0.6666,4360000,cosmosvaloper1svwt2mr4x2mx0hcmty0mxsa4rmlfau4lwx2l69,2022-11-04T12:39:20.441077268Z,1.0,185752,64.26,16195965.621432085,314741525098014,8.0,0.1308921350483291,0.02,0.01,0.04,13883,175
12713520,7.23302752293578,0.6666,0.13,0.07,0.2,0.6666,4360000,cosmosvaloper1svwt2mr4x2mx0hcmty0mxsa4rmlfau4lwx2l69,2022-11-04T12:39:26.668662132Z,1.0,185752,64.26,16196612.147957148,314741534546911,8.0,0.1308921443973208,0.02,0.01,0.04,34431,175
12713521,7.23302752293578,0.6666,0.13,0.07,0.2,0.6666,4360000,cosmosvaloper1svwt2mr4x2mx0hcmty0mxsa4rmlfau4lwx2l69,2022-11-04T12:39:33.139731498Z,1.0,185752,64.26,16197260.25580124,314741543995809,8.0,0.1308921537463207,0.02,0.01,0.04,6360,175
12713522,7.23302752293578,0.6666,0.13,0.07,0.2,0.6666,4360000,cosmosvaloper1svwt2mr4x2mx0hcmty0mxsa4rmlfau4lwx2l69,2022-11-04T12:39:39.435329896Z,1.0,185752,64.26,16197906.972005732,314741553444708,8.0,0.1308921630953272,0.02,0.01,0.04,11431,175
12713523,7.23302752293578,0.6666,0.13,0.07,0.2,0.6666,4360000,cosmosvaloper1svwt2mr4x2mx0hcmty0mxsa4rmlfau4lwx2l69,2022-11-04T12:39:45.812455242Z,1.0,185752,64.26,16198553.508356271,314741562893608,8.0,0.1308921724443403,0.02,0.01,0.04,48756,175
12713524,7.23302752293578,0.6666,0.13,0.07,0.2,0.6666,4360000,cosmosvaloper1svwt2mr4x2mx0hcmty0mxsa4rmlfau4lwx2l69,2022-11-04T12:39:57.638262591Z,1.0,185752,64.26,16199202.41779299,314741572342509,8.0,0.1308921817933275,0.02,0.01,0.04,59111,175
12713525,7.23302752293578,0.6666,0.13,0.07,0.2,0.6666,4360000,cosmosvaloper1svwt2mr4x2mx0hcmty0mxsa4rmlfau4lwx2l69,2022-11-04T12:40:04.429904588Z,1.0,185752,64.26,16200498.616547065,314741591240314,8.0,0.1308922004911515,0.02,0.01,0.04,14313,175
12713526,7.23302752293578,0.6666,0.13,0.07,0.2,0.6666,4360000,cosmosvaloper1svwt2mr4x2mx0hcmty0mxsa4rmlfau4lwx2l69,2022-11-04T12:40:11.009871424Z,1.0,185752,64.26,16200498.616547065,314741591240314,8.0,0.1308922004911515,0.02,0.01,0.04,23907,175
12713527,7.23302752293578,0.6666,0.13,0.07,0.2,0.6666,4360000,cosmosvaloper1svwt2mr4x2mx0hcmty0mxsa4rmlfau4lwx2l69,2022-11-04T12:40:17.536068890Z,1.0,185752,64.26,16201145.828094916,314741600689218,8.0,0.1308922098400697,0.02,0.01,0.04,14849,175
12713528,7.23302752293578,0.6666,0.13,0.07,0.2,0.6666,4360000,cosmosvaloper1svwt2mr4x2mx0hcmty0mxsa4rmlfau4lwx2l69,2022-11-04T12:40:24.523544307Z,1.0,185752,64.26,16201792.420840638,314741610138123,8.0,0.1308922191890299,0.02,0.01,0.04,18011,175
12713529,7.23302752293578,0.6666,0.13,0.07,0.2,0.6666,4360000,cosmosvaloper1svwt2mr4x2mx0hcmty0mxsa4rmlfau4lwx2l69,2022-11-04T12:40:31.207159777Z,1.0,185752,64.26,16202439.229679467,314741619587029,8.0,0.1308922285379689,0.02,0.01,0.04,11644,175
12713530,7.23302752293578,0.6666,0.13,0.07,0.2,0.6666,4360000,cosmosvaloper1svwt2mr4x2mx0hcmty0mxsa4rmlfau4lwx2l69,2022-11-04T12:40:37.587486195Z,1.0,185752,64.26,16203085.603675844,314741629035936,8.0,0.1308922378869145,0.02,0.01,0.04,17709,175
12713531,7.23302752293578,0.6666,0.13,0.07,0.2,0.6666,4360000,cosmosvaloper1svwt2mr4x2mx0hcmty0mxsa4rmlfau4lwx2l69,2022-11-04T12:40:44.744939727Z,1.0,185752,64.26,16203732.357533785,314741638484844,8.0,0.1308922472358395,0.02,0.01,0.04,12971,175
12713532,7.23302752293578,0.6666,0.13,0.07,0.2,0.6666,4360000,cosmosvaloper1svwt2mr4x2mx0hcmty0mxsa4rmlfau4lwx2l69,2022-11-04T12:40:51.051538935Z,1.0,185752,64.26,16204378.822248446,314741647933753,8.0,0.1308922565847614,0.02,0.01,0.04,22946,175
12713533,7.23302752293578,0.6666,0.13,0.07,0.2,0.6666,4360000,cosmosvaloper1svwt2mr4x2mx0hcmty0mxsa4rmlfau4lwx2l69,2022-11-04T12:40:57.807800175Z,1.0,185752,64.26,16205025.968474172,314741657382662,8.0,0.1308922659336896,0.02,0.01,0.04,5708,175
12713534,7.23302752293578,0.6666,0.13,0.07,0.2,0.6666,4360000,cosmosvaloper1svwt2mr4x2mx0hcmty0mxsa4rmlfau4lwx2l69,2022-11-04T12:41:04.200236033Z,1.0,185752,64.26,16206318.474288115,314741676280483,8.0,0.1308922846315658,0.02,0.01,0.04,14034,175
12713535,7.23302752293578,0.6666,0.13,0.07,0.2,0.6666,4360000,cosmosvaloper1svwt2mr4x2mx0hcmty0mxsa4rmlfau4lwx2l69,2022-11-04T12:41:10.517844935Z,1.0,185752,64.26,16206318.474288115,314741676280483,8.0,0.1308922846315658,0.02,0.01,0.04,19012,175
12713536,7.23302752293578,0.6666,0.13,0.07,0.2,0.6666,4360000,cosmosvaloper1svwt2mr4x2mx0hcmty0mxsa4rmlfau4lwx2l69,2022-11-04T12:41:17.005670663Z,1.0,185752,64.26,16207611.809817404,314741695178308,8.0,0.1308923033293173,0.02,0.01,0.04,12870,175
12713537,7.23302752293578,0.6666,0.13,0.07,0.2,0.6666,4360000,cosmosvaloper1svwt2mr4x2mx0hcmty0mxsa4rmlfau4lwx2l69,2022-11-04T12:41:23.220351330Z,1.0,185752,64.26,16207611.809817404,314741695178308,8.0,0.1308923033293173,0.02,0.01,0.04,10011,175
12713538,7.23302752293578,0.6666,0.13,0.07,0.2,0.6666,4360000,cosmosvaloper1svwt2mr4x2mx0hcmty0mxsa4rmlfau4lwx2l69,2022-11-04T12:41:29.985853506Z,1.0,185752,64.26,16208258.072308283,314741704627222,8.0,0.1308923126782023,0.02,0.01,0.04,4071,175
12713539,7.23302752293578,0.6666,0.13,0.07,0.2,0.6666,4360000,cosmosvaloper1svwt2mr4x2mx0hcmty0mxsa4rmlfau4lwx2l69,2022-11-04T12:41:36.316250101Z,1.0,185752,64.26,16209551.936483651,314741723525053,8.0,0.130892331375992,0.02,0.01,0.04,35549,175
12713540,7.23302752293578,0.6666,0.13,0.07,0.2,0.6666,4360000,cosmosvaloper1svwt2mr4x2mx0hcmty0mxsa4rmlfau4lwx2l69,2022-11-04T12:41:43.244187389Z,1.0,185752,64.26,16209551.936483651,314741723525053,8.0,0.130892331375992,0.02,0.01,0.04,5166,175
12713541,7.23302752293578,0.6666,0.13,0.07,0.2,0.6666,4360000,cosmosvaloper1svwt2mr4x2mx0hcmty0mxsa4rmlfau4lwx2l69,2022-11-04T12:41:49.755903256Z,1.0,185752,64.26,16210197.868151153,314741732973970,8.0,0.1308923407248967,0.02,0.01,0.04,10175,175
12713542,7.23302752293578,0.6666,0.13,0.07,0.2,0.6666,4360000,cosmosvaloper1svwt2mr4x2mx0hcmty0mxsa4rmlfau4lwx2l69,2022-11-04T12:41:56.154487326Z,1.0,185752,64.26,16210844.142117107,314741742422888,8.0,0.130892350073808,0.02,0.01,0.04,751,175
12713543,7.23302752293578,0.6666,0.13,0.07,0.2,0.6666,4360000,cosmosvaloper1svwt2mr4x2mx0hcmty0mxsa4rmlfau4lwx2l69,2022-11-04T12:42:02.703042317Z,1.0,185752,64.26,16211489.772275012,314741751871807,8.0,0.1308923594227259,0.02,0.01,0.04,24753,175
12713544,7.23302752293578,0.6666,0.13,0.07,0.2,0.6666,4360000,cosmosvaloper1svwt2mr4x2mx0hcmty0mxsa4rmlfau4lwx2l69,2022-11-04T12:42:14.216876086Z,1.0,185752,64.26,16212783.202120785,314741770769648,8.0,0.1308923781205794,0.02,0.01,0.04,8500,175
12713545,7.23302752293578,0.6666,0.13,0.07,0.2,0.6666,4360000,cosmosvaloper1svwt2mr4x2mx0hcmty0mxsa4rmlfau4lwx2l69,2022-11-04T12:42:20.963860642Z,1.0,185752,64.26,16212783.202120785,314741770769648,8.0,0.1308923781205794,0.02,0.01,0.04,34887,175
12713546,7.23302752293578,0.6666,0.13,0.07,0.2,0.6666,4360000,cosmosvaloper1svwt2mr4x2mx0hcmty0mxsa4rmlfau4lwx2l69,2022-11-04T12:42:27.401681653Z,1.0,185752,64.26,16214077.345731009,314741789667493,8.0,0.1308923968184158,0.02,0.01,0.04,8809,175
12713547,7.23302752293578,0.6666,0.13,0.07,0.2,0.6666,4360000,cosmosvaloper1svwt2mr4x2mx0hcmty0mxsa4rmlfau4lwx2l69,2022-11-04T12:42:33.845580077Z,1.0,185752,64.26,16214077.345731009,314741789667493,8.0,0.1308923968184158,0.02,0.01,0.04,8460,175
12713548,7.23302752293578,0.6666,0.13,0.07,0.2,0.6666,4360000,cosmosvaloper1svwt2mr4x2mx0hcmty0mxsa4rmlfau4lwx2l69,2022-11-04T12:42:40.363739278Z,1.0,185752,64.26,16215370.635106975,314741808565342,8.0,0.130892415516277,0.02,0.01,0.04,22731,175
12713549,7.23302752293578,0.6666,0.13,0.07,0.2,0.6666,4360000,cosmosvaloper1svwt2mr4x2mx0hcmty0mxsa4rmlfau4lwx2l69,2022-11-04T12:42:46.948769051Z,1.0,185752,64.26,16215370.635106975,314741808565342,8.0,0.130892415516277,0.02,0.01,0.04,14750,175
12713550,7.23302752293578,0.6666,0.13,0.07,0.2,0.6666,4360000,cosmosvaloper1svwt2mr4x2mx0hcmty0mxsa4rmlfau4lwx2l69,2022-11-04T12:42:53.202365207Z,1.0,185752,64.26,16216017.222130315,314741818014268,8.0,0.1308924248652167,0.02,0.01,0.04,21224,175
12713551,7.23302752293578,0.6666,0.13,0.07,0.2,0.6666,4360000,cosmosvaloper1svwt2mr4x2mx0hcmty0mxsa4rmlfau4lwx2l69,2022-11-04T12:42:59.922590591Z,1.0,185752,64.26,16217311.438780157,314741836912123,8.0,0.1308924435628341,0.02,0.01,0.04,23533,175
12713552,7.23302752293578,0.6666,0.13,0.07,0.2,0.6666,4360000,cosmosvaloper1svwt2mr4x2mx0hcmty0mxsa4rmlfau4lwx2l69,2022-11-04T12:43:06.215457933Z,1.0,185752,64.26,16217957.911645288,314741846361052,8.0,0.1308924529115069,0.02,0.01,0.04,13076,175
12713557,7.23302752293578,0.6666,0.13,0.07,0.2,0.6666,4360000,cosmosvaloper1svwt2mr4x2mx0hcmty0mxsa4rmlfau4lwx2l69,2022-11-04T12:43:37.938450099Z,1.0,185752,64.26,16221190.578230232,314741893605710,8.0,0.1308924996542695,0.02,0.01,0.04,0,175
12713562,7.23302752293578,0.6666,0.13,0.07,0.2,0.6666,4360000,cosmosvaloper1svwt2mr4x2mx0hcmty0mxsa4rmlfau4lwx2l69,2022-11-04T12:44:06.891461108Z,1.0,185752,64.26,16224423.842248764,314741940850390,8.0,0.1308925463965822,0.02,0.01,0.04,0,175
12713564,7.23302752293578,0.6666,0.13,0.07,0.2,0.6666,4360000,cosmosvaloper1svwt2mr4x2mx0hcmty0mxsa4rmlfau4lwx2l69,2022-11-04T12:44:25.571578201Z,1.0,185752,64.26,16225716.292065768,314741959748269,8.0,0.1308925650934912,0.02,0.01,0.04,0,175
12713581,7.23302752293578,0.6666,0.13,0.07,0.2,0.6666,4360000,cosmosvaloper1svwt2mr4x2mx0hcmty0mxsa4rmlfau4lwx2l69,2022-11-04T12:46:22.106359332Z,1.0,185752,64.26,16236070.864886964,314742110931444,8.0,0.1308927146695549,0.02,0.01,0.04,0,175
12713584,7.23302752293578,0.6666,0.13,0.07,0.2,0.6666,4360000,cosmosvaloper1svwt2mr4x2mx0hcmty0mxsa4rmlfau4lwx2l69,2022-11-04T12:46:46.549552216Z,1.0,185752,64.26,16238009.731819516,314742139278315,8.0,0.1308927427152216,0.02,0.01,0.04,0,175
12713587,7.23302752293578,0.6666,0.13,0.07,0.2,0.6666,4360000,cosmosvaloper1svwt2mr4x2mx0hcmty0mxsa4rmlfau4lwx2l69,2022-11-04T12:47:06.177706248Z,1.0,185752,64.26,16239948.088296084,314742167625195,8.0,0.1308927707609457,0.02,0.01,0.04,0,175
12713588,7.23302752293578,0.6666,0.13,0.07,0.2,0.6666,4360000,cosmosvaloper1svwt2mr4x2mx0hcmty0mxsa4rmlfau4lwx2l69,2022-11-04T12:47:12.583271450Z,1.0,185752,64.26,16240594.773836868,314742177074157,8.0,0.1308927801095285,0.02,0.01,0.04,0,175
12713590,7.23302752293578,0.6666,0.13,0.07,0.2,0.6666,4360000,cosmosvaloper1svwt2mr4x2mx0hcmty0mxsa4rmlfau4lwx2l69,2022-11-04T12:47:25.644679618Z,1.0,185752,64.26,16241891.588480324,314742195972084,8.0,0.1308927988067117,0.02,0.01,0.04,0,175
12713595,7.23302752293578,0.6666,0.13,0.07,0.2,0.6666,4360000,cosmosvaloper1svwt2mr4x2mx0hcmty0mxsa4rmlfau4lwx2l69,2022-11-04T12:48:03.240025757Z,1.0,185752,64.26,16245127.13203477,314742243216919,8.0,0.1308928455500202,0.02,0.01,0.04,0,175
12713597,7.23302752293578,0.6666,0.13,0.07,0.2,0.6666,4360000,cosmosvaloper1svwt2mr4x2mx0hcmty0mxsa4rmlfau4lwx2l69,2022-11-04T12:48:16.222395661Z,1.0,185752,64.26,16246418.985407336,314742262114860,8.0,0.1308928642476727,0.02,0.01,0.04,0,175
12713598,7.23302752293578,0.6666,0.13,0.07,0.2,0.6666,4360000,cosmosvaloper1svwt2mr4x2mx0hcmty0mxsa4rmlfau4lwx2l69,2022-11-04T12:48:23.009455827Z,1.0,185752,64.26,16247065.256212216,314742271563832,8.0,0.1308928735964959,0.02,0.01,0.04,0,175
12713600,7.23302752293578,0.6666,0.13,0.07,0.2,0.6666,4360000,cosmosvaloper1svwt2mr4x2mx0hcmty0mxsa4rmlfau4lwx2l69,2022-11-04T12:48:35.814278452Z,1.0,185752,64.26,16248359.187730016,314742290461779,8.0,0.1308928922943604,0.02,0.01,0.04,0,175
12713601,7.23302752293578,0.6666,0.13,0.07,0.2,0.6666,4360000,cosmosvaloper1svwt2mr4x2mx0hcmty0mxsa4rmlfau4lwx2l69,2022-11-04T12:48:42.134460911Z,1.0,185752,64.26,16249005.690352648,314742299910754,8.0,0.1308929016432971,0.02,0.01,0.04,0,175
12713602,7.23302752293578,0.6666,0.13,0.07,0.2,0.6666,4360000,cosmosvaloper1svwt2mr4x2mx0hcmty0mxsa4rmlfau4lwx2l69,2022-11-04T12:48:53.405059026Z,1.0,185752,64.26,16249653.383812252,314742309359730,8.0,0.1308929109922681,0.02,0.01,0.04,0,175
12713603,7.23302752293578,0.6666,0.13,0.07,0.2,0.6666,4360000,cosmosvaloper1svwt2mr4x2mx0hcmty0mxsa4rmlfau4lwx2l69,2022-11-04T12:48:59.842415225Z,1.0,185752,64.26,16250299.569863034,314742318808707,8.0,0.1308929203412456,0.02,0.01,0.04,0,175
12713604,7.23302752293578,0.6666,0.13,0.07,0.2,0.6666,4360000,cosmosvaloper1svwt2mr4x2mx0hcmty0mxsa4rmlfau4lwx2l69,2022-11-04T12:49:06.163799299Z,1.0,185752,64.26,16250946.354502628,314742328257685,8.0,0.1308929296902298,0.02,0.01,0.04,0,175
12713605,7.23302752293578,0.6666,0.13,0.07,0.2,0.6666,4360000,cosmosvaloper1svwt2mr4x2mx0hcmty0mxsa4rmlfau4lwx2l69,2022-11-04T12:49:12.653129042Z,1.0,185752,64.26,16251592.381235857,314742337706663,8.0,0.1308929390392205,0.02,0.01,0.04,0,175
12713606,7.23302752293578,0.6666,0.13,0.07,0.2,0.6666,4360000,cosmosvaloper1svwt2mr4x2mx0hcmty0mxsa4rmlfau4lwx2l69,2022-11-04T12:49:19.225324377Z,1.0,185752,64.26,16252238.329124412,314742347155642,8.0,0.1308929483882179,0.02,0.01,0.04,12596,175
12713607,7.23302752293578,0.6666,0.13,0.07,0.2,0.6666,4360000,cosmosvaloper1svwt2mr4x2mx0hcmty0mxsa4rmlfau4lwx2l69,2022-11-04T12:49:25.629521116Z,1.0,185752,64.26,16252884.771739371,314742356604622,8.0,0.1308929577372207,0.02,0.01,0.04,8674,175
12713608,7.23302752293578,0.6666,0.13,0.07,0.2,0.6666,4360000,cosmosvaloper1svwt2mr4x2mx0hcmty0mxsa4rmlfau4lwx2l69,2022-11-04T12:49:31.838307221Z,1.0,185752,64.26,16253530.946460089,314742366053603,8.0,0.13089296708623,0.02,0.01,0.04,10850,175
12713609,7.23302752293578,0.6666,0.13,0.07,0.2,0.6666,4360000,cosmosvaloper1svwt2mr4x2mx0hcmty0mxsa4rmlfau4lwx2l69,2022-11-04T12:49:38.302702626Z,1.0,185752,64.26,16254177.269916648,314742375502585,8.0,0.130892976435246,0.02,0.01,0.04,45706,175
12713610,7.23302752293578,0.6666,0.13,0.07,0.2,0.6666,4360000,cosmosvaloper1svwt2mr4x2mx0hcmty0mxsa4rmlfau4lwx2l69,2022-11-04T12:49:44.601488398Z,1.0,185752,64.26,16254827.68361662,314742384951568,8.0,0.130892985784267,0.02,0.01,0.04,0,175
12713611,7.23302752293578,0.6666,0.13,0.07,0.2,0.6666,4360000,cosmosvaloper1svwt2mr4x2mx0hcmty0mxsa4rmlfau4lwx2l69,2022-11-04T12:49:46.950049366Z,1.0,185752,64.26,16255473.73973464,314742394400552,8.0,0.1308929951332946,0.02,0.01,0.04,4622,175
12713612,7.23302752293578,0.6666,0.13,0.07,0.2,0.6666,4360000,cosmosvaloper1svwt2mr4x2mx0hcmty0mxsa4rmlfau4lwx2l69,2022-11-04T12:49:54.533938201Z,1.0,185752,64.26,16256119.637874516,314742403849537,8.0,0.1308930044823288,0.02,0.01,0.04,18487,175
12713613,7.23302752293578,0.6666,0.13,0.07,0.2,0.6666,4360000,cosmosvaloper1svwt2mr4x2mx0hcmty0mxsa4rmlfau4lwx2l69,2022-11-04T12:50:00.979282929Z,1.0,185752,64.26,16256766.483380256,314742413298523,8.0,0.1308930138313696,0.02,0.01,0.04,6865,175
12713614,7.23302752293578,0.6666,0.13,0.07,0.2,0.6666,4360000,cosmosvaloper1svwt2mr4x2mx0hcmty0mxsa4rmlfau4lwx2l69,2022-11-04T12:50:07.388891483Z,1.0,185752,64.26,16257412.53490513,314742422747510,8.0,0.1308930231804105,0.02,0.01,0.04,0,175
12713615,7.23302752293578,0.6666,0.13,0.07,0.2,0.6666,4360000,cosmosvaloper1svwt2mr4x2mx0hcmty0mxsa4rmlfau4lwx2l69,2022-11-04T12:50:13.697456125Z,1.0,185752,64.26,16258058.693492047,314742432196498,8.0,0.1308930325294579,0.02,0.01,0.04,0,175
12713616,7.23302752293578,0.6666,0.13,0.07,0.2,0.6666,4360000,cosmosvaloper1svwt2mr4x2mx0hcmty0mxsa4rmlfau4lwx2l69,2022-11-04T12:50:19.923953954Z,1.0,185752,64.26,16258705.32840731,314742441645487,8.0,0.1308930418785119,0.02,0.01,0.04,0,175
12713617,7.23302752293578,0.6666,0.13,0.07,0.2,0.6666,4360000,cosmosvaloper1svwt2mr4x2mx0hcmty0mxsa4rmlfau4lwx2l69,2022-11-04T12:50:26.441587245Z,1.0,185752,64.26,16259351.989421936,314742451094477,8.0,0.1308930512275717,0.02,0.01,0.04,0,175
12713618,7.23302752293578,0.6666,0.13,0.07,0.2,0.6666,4360000,cosmosvaloper1svwt2mr4x2mx0hcmty0mxsa4rmlfau4lwx2l69,2022-11-04T12:50:32.600945114Z,1.0,185752,64.26,16259997.743381256,314742460543468,8.0,0.130893060576638,0.02,0.01,0.04,7771,175
12713619,7.23302752293578,0.6666,0.13,0.07,0.2,0.6666,4360000,cosmosvaloper1svwt2mr4x2mx0hcmty0mxsa4rmlfau4lwx2l69,2022-11-04T12:50:39.408727584Z,1.0,185752,64.26,16260643.857125968,314742469992460,8.0,0.130893069925711,0.02,0.01,0.04,0,175
12713620,7.23302752293578,0.6666,0.13,0.07,0.2,0.6666,4360000,cosmosvaloper1svwt2mr4x2mx0hcmty0mxsa4rmlfau4lwx2l69,2022-11-04T12:50:50.839366031Z,1.0,185752,64.26,16261289.998194585,314742479441453,8.0,0.1308930792747885,0.02,0.01,0.04,0,175
12713621,7.23302752293578,0.6666,0.13,0.07,0.2,0.6666,4360000,cosmosvaloper1svwt2mr4x2mx0hcmty0mxsa4rmlfau4lwx2l69,2022-11-04T12:50:57.441373041Z,1.0,185752,64.26,16261935.963200264,314742488890447,8.0,0.1308930886238716,0.02,0.01,0.04,19447,175
12713622,7.23302752293578,0.6666,0.13,0.07,0.2,0.6666,4360000,cosmosvaloper1svwt2mr4x2mx0hcmty0mxsa4rmlfau4lwx2l69,2022-11-04T12:51:03.910164878Z,1.0,185752,64.26,16262582.874882149,314742498339442,8.0,0.1308930979729613,0.02,0.01,0.04,5894,175
12713623,7.23302752293578,0.6666,0.13,0.07,0.2,0.6666,4360000,cosmosvaloper1svwt2mr4x2mx0hcmty0mxsa4rmlfau4lwx2l69,2022-11-04T12:51:10.318469832Z,1.0,185752,64.26,16263228.860648416,314742507788438,8.0,0.1308931073220575,0.02,0.01,0.04,1846,175
12713624,7.23302752293578,0.6666,0.13,0.07,0.2,0.6666,4360000,cosmosvaloper1svwt2mr4x2mx0hcmty0mxsa4rmlfau4lwx2l69,2022-11-04T12:51:17.039741895Z,1.0,185752,64.26,16263874.56991177,314742517237435,8.0,0.130893116671149,0.02,0.01,0.04,0,175
12713625,7.23302752293578,0.6666,0.13,0.07,0.2,0.6666,4360000,cosmosvaloper1svwt2mr4x2mx0hcmty0mxsa4rmlfau4lwx2l69,2022-11-04T12:51:23.765685507Z,1.0,185752,64.26,16264521.048559692,314742526686433,8.0,0.1308931260202439,0.02,0.01,0.04,0,175
12713626,7.23302752293578,0.6666,0.13,0.07,0.2,0.6666,4360000,cosmosvaloper1svwt2mr4x2mx0hcmty0mxsa4rmlfau4lwx2l69,2022-11-04T12:51:29.951695239Z,1.0,185752,64.26,16265168.169886274,314742536135432,8.0,0.1308931353693453,0.02,0.01,0.04,8077,175
12713627,7.23302752293578,0.6666,0.13,0.07,0.2,0.6666,4360000,cosmosvaloper1svwt2mr4x2mx0hcmty0mxsa4rmlfau4lwx2l69,2022-11-04T12:51:36.335298982Z,1.0,185752,64.26,16265814.305030083,314742545584432,8.0,0.1308931447184531,0.02,0.01,0.04,4376,175
12713628,7.23302752293578,0.6666,0.13,0.07,0.2,0.6666,4360000,cosmosvaloper1svwt2mr4x2mx0hcmty0mxsa4rmlfau4lwx2l69,2022-11-04T12:51:42.714101022Z,1.0,185752,64.26,16266460.187379047,314742555033433,8.0,0.1308931540675674,0.02,0.01,0.04,10769,175
12713629,7.23302752293578,0.6666,0.13,0.07,0.2,0.6666,4360000,cosmosvaloper1svwt2mr4x2mx0hcmty0mxsa4rmlfau4lwx2l69,2022-11-04T12:51:49.338995895Z,1.0,185752,64.26,16267106.506581636,314742564482434,8.0,0.1308931634166884,0.02,0.01,0.04,37792,175
12713630,7.23302752293578,0.6666,0.13,0.07,0.2,0.6666,4360000,cosmosvaloper1svwt2mr4x2mx0hcmty0mxsa4rmlfau4lwx2l69,2022-11-04T12:51:55.906442097Z,1.0,185752,64.26,16267754.672074758,314742573931436,8.0,0.1308931727658156,0.02,0.01,0.04,26562,175
12713631,7.23302752293578,0.6666,0.13,0.07,0.2,0.6666,4360000,cosmosvaloper1svwt2mr4x2mx0hcmty0mxsa4rmlfau4lwx2l69,2022-11-04T12:52:02.368588315Z,1.0,185752,64.26,16268402.0703697,314742583380439,8.0,0.1308931821149097,0.02,0.01,0.04,5289,175
12713632,7.23302752293578,0.6666,0.13,0.07,0.2,0.6666,4360000,cosmosvaloper1svwt2mr4x2mx0hcmty0mxsa4rmlfau4lwx2l69,2022-11-04T12:52:09.490254544Z,1.0,185752,64.26,16269048.015296085,314742592829443,8.0,0.1308931914640098,0.02,0.01,0.04,0,175
12713633,7.23302752293578,0.6666,0.13,0.07,0.2,0.6666,4360000,cosmosvaloper1svwt2mr4x2mx0hcmty0mxsa4rmlfau4lwx2l69,2022-11-04T12:52:15.838747296Z,1.0,185752,64.26,16269693.740309488,314742602278448,8.0,0.1308932008131164,0.02,0.01,0.04,14757,175
12713634,7.23302752293578,0.6666,0.13,0.07,0.2,0.6666,4360000,cosmosvaloper1svwt2mr4x2mx0hcmty0mxsa4rmlfau4lwx2l69,2022-11-04T12:52:22.104316254Z,1.0,185752,64.26,16270340.332132544,314742611727454,8.0,0.1308932101621908,0.02,0.01,0.04,7200,175
12713635,7.23302752293578,0.6666,0.13,0.07,0.2,0.6666,4360000,cosmosvaloper1svwt2mr4x2mx0hcmty0mxsa4rmlfau4lwx2l69,2022-11-04T12:52:28.515761220Z,1.0,185752,64.26,16270986.40770764,314742621176461,8.0,0.1308932195112728,0.02,0.01,0.04,0,175
12713636,7.23302752293578,0.6666,0.13,0.07,0.2,0.6666,4360000,cosmosvaloper1svwt2mr4x2mx0hcmty0mxsa4rmlfau4lwx2l69,2022-11-04T12:52:35.004499805Z,1.0,185752,64.26,16271633.6251851,314742630625469,8.0,0.1308932288603377,0.02,0.01,0.04,3500,175
12713637,7.23302752293578,0.6666,0.13,0.07,0.2,0.6666,4360000,cosmosvaloper1svwt2mr4x2mx0hcmty0mxsa4rmlfau4lwx2l69,2022-11-04T12:52:41.515741624Z,1.0,185752,64.26,16272279.4479903,314742640074478,8.0,0.1308932382094092,0.02,0.01,0.04,26364,175
12713638,7.23302752293578,0.6666,0.13,0.07,0.2,0.6666,4360000,cosmosvaloper1svwt2mr4x2mx0hcmty0mxsa4rmlfau4lwx2l69,2022-11-04T12:52:47.819206238Z,1.0,185752,64.26,16272926.832928311,314742649523488,8.0,0.1308932475584874,0.02,0.01,0.04,35284,175
12713639,7.23302752293578,0.6666,0.13,0.07,0.2,0.6666,4360000,cosmosvaloper1svwt2mr4x2mx0hcmty0mxsa4rmlfau4lwx2l69,2022-11-04T12:53:00.005240133Z,1.0,185752,64.26,16273574.846349891,314742658972499,8.0,0.1308932569075528,0.02,0.01,0.04,1000,175
12713640,7.23302752293578,0.6666,0.13,0.07,0.2,0.6666,4360000,cosmosvaloper1svwt2mr4x2mx0hcmty0mxsa4rmlfau4lwx2l69,2022-11-04T12:53:06.382432024Z,1.0,185752,64.26,16274220.498482576,314742668421511,8.0,0.1308932662566245,0.02,0.01,0.04,0,175
12713641,7.23302752293578,0.6666,0.13,0.07,0.2,0.6666,4360000,cosmosvaloper1svwt2mr4x2mx0hcmty0mxsa4rmlfau4lwx2l69,2022-11-04T12:53:12.687584690Z,1.0,185752,64.26,16274866.358396042,314742677870524,8.0,0.1308932756057028,0.02,0.01,0.04,0,175
12713642,7.23302752293578,0.6666,0.13,0.07,0.2,0.6666,4360000,cosmosvaloper1svwt2mr4x2mx0hcmty0mxsa4rmlfau4lwx2l69,2022-11-04T12:53:19.004322790Z,1.0,185752,64.26,16275512.202455403,314742687319538,8.0,0.1308932849547863,0.02,0.01,0.04,9551,175
12713643,7.23302752293578,0.6666,0.13,0.07,0.2,0.6666,4360000,cosmosvaloper1svwt2mr4x2mx0hcmty0mxsa4rmlfau4lwx2l69,2022-11-04T12:53:25.431731343Z,1.0,185752,64.26,16276158.438961452,314742696768553,8.0,0.1308932943038763,0.02,0.01,0.04,21332,175
12713644,7.23302752293578,0.6666,0.13,0.07,0.2,0.6666,4360000,cosmosvaloper1svwt2mr4x2mx0hcmty0mxsa4rmlfau4lwx2l69,2022-11-04T12:53:31.782416787Z,1.0,185752,64.26,16276805.480444605,314742706217569,8.0,0.1308933036529684,0.02,0.01,0.04,0,175
12713645,7.23302752293578,0.6666,0.13,0.07,0.2,0.6666,4360000,cosmosvaloper1svwt2mr4x2mx0hcmty0mxsa4rmlfau4lwx2l69,2022-11-04T12:53:38.356122040Z,1.0,185752,64.26,16277451.55276755,314742715666586,8.0,0.1308933130020662,0.02,0.01,0.04,26157,175
12713646,7.23302752293578,0.6666,0.13,0.07,0.2,0.6666,4360000,cosmosvaloper1svwt2mr4x2mx0hcmty0mxsa4rmlfau4lwx2l69,2022-11-04T12:53:45.045892074Z,1.0,185752,64.26,16278098.924032493,314742725115604,8.0,0.1308933223511696,0.02,0.01,0.04,7764,175
12713647,7.23302752293578,0.6666,0.13,0.07,0.2,0.6666,4360000,cosmosvaloper1svwt2mr4x2mx0hcmty0mxsa4rmlfau4lwx2l69,2022-11-04T12:53:51.551021931Z,1.0,185752,64.26,16278745.03869966,314742734564623,8.0,0.1308933317002791,0.02,0.01,0.04,13089,175
12713648,7.23302752293578,0.6666,0.13,0.07,0.2,0.6666,4360000,cosmosvaloper1svwt2mr4x2mx0hcmty0mxsa4rmlfau4lwx2l69,2022-11-04T12:53:57.922445038Z,1.0,185752,64.26,16279391.51725134,314742744013643,8.0,0.1308933410493953,0.02,0.01,0.04,18359,175
12713649,7.23302752293578,0.6666,0.13,0.07,0.2,0.6666,4360000,cosmosvaloper1svwt2mr4x2mx0hcmty0mxsa4rmlfau4lwx2l69,2022-11-04T12:54:04.390336522Z,1.0,185752,64.26,16280038.355932964,314742753462664,8.0,0.1308933503985171,0.02,0.01,0.04,9779,175
12713650,7.23302752293578,0.6666,0.13,0.07,0.2,0.6666,4360000,cosmosvaloper1svwt2mr4x2mx0hcmty0mxsa4rmlfau4lwx2l69,2022-11-04T12:54:10.874003481Z,1.0,185752,64.26,16280684.608472528,314742762911686,8.0,0.1308933597476454,0.02,0.01,0.04,0,175
12713651,7.23302752293578,0.6666,0.13,0.07,0.2,0.6666,4360000,cosmosvaloper1svwt2mr4x2mx0hcmty0mxsa4rmlfau4lwx2l69,2022-11-04T12:54:17.403072473Z,1.0,185752,64.26,16281330.192950884,314742772360709,8.0,0.1308933690967803,0.02,0.01,0.04,14573,175
12713652,7.23302752293578,0.6666,0.13,0.07,0.2,0.6666,4360000,cosmosvaloper1svwt2mr4x2mx0hcmty0mxsa4rmlfau4lwx2l69,2022-11-04T12:54:23.818691741Z,1.0,185752,64.26,16281976.798703434,314742781809733,8.0,0.1308933784458439,0.02,0.01,0.04,867,175
12713653,7.23302752293578,0.6666,0.13,0.07,0.2,0.6666,4360000,cosmosvaloper1svwt2mr4x2mx0hcmty0mxsa4rmlfau4lwx2l69,2022-11-04T12:54:30.177896545Z,1.0,185752,64.26,16282622.442554384,314742791258757,8.0,0.1308933877949141,0.02,0.01,0.04,17651,175
12713654,7.23302752293578,0.6666,0.13,0.07,0.2,0.6666,4360000,cosmosvaloper1svwt2mr4x2mx0hcmty0mxsa4rmlfau4lwx2l69,2022-11-04T12:54:36.411355363Z,1.0,185752,64.26,16283269.232906466,314742800707782,8.0,0.1308933971439907,0.02,0.01,0.04,8203,175
12713655,7.23302752293578,0.6666,0.13,0.07,0.2,0.6666,4360000,cosmosvaloper1svwt2mr4x2mx0hcmty0mxsa4rmlfau4lwx2l69,2022-11-04T12:54:42.723666702Z,1.0,185752,64.26,16283915.377812453,314742810156808,8.0,0.1308934064930739,0.02,0.01,0.04,18127,175
12713656,7.23302752293578,0.6666,0.13,0.07,0.2,0.6666,4360000,cosmosvaloper1svwt2mr4x2mx0hcmty0mxsa4rmlfau4lwx2l69,2022-11-04T12:54:49.536108965Z,1.0,185752,64.26,16284562.200822864,314742819605835,8.0,0.1308934158421638,0.02,0.01,0.04,16266,175
12713657,7.23302752293578,0.6666,0.13,0.07,0.2,0.6666,4360000,cosmosvaloper1svwt2mr4x2mx0hcmty0mxsa4rmlfau4lwx2l69,2022-11-04T12:54:55.858966720Z,1.0,185752,64.26,16285208.89675275,314742829054863,8.0,0.1308934251912602,0.02,0.01,0.04,15812,175
12713658,7.23302752293578,0.6666,0.13,0.07,0.2,0.6666,4360000,cosmosvaloper1svwt2mr4x2mx0hcmty0mxsa4rmlfau4lwx2l69,2022-11-04T12:55:02.194563529Z,1.0,185752,64.26,16285855.56173238,314742838503892,8.0,0.1308934345403534,0.02,0.01,0.04,39196,175
12713659,7.23302752293578,0.6666,0.13,0.07,0.2,0.6666,4360000,cosmosvaloper1svwt2mr4x2mx0hcmty0mxsa4rmlfau4lwx2l69,2022-11-04T12:55:13.574044161Z,1.0,185752,64.26,16286503.82444219,314742847952922,8.0,0.1308934438894433,0.02,0.01,0.04,2159,175
12713660,7.23302752293578,0.6666,0.13,0.07,0.2,0.6666,4360000,cosmosvaloper1svwt2mr4x2mx0hcmty0mxsa4rmlfau4lwx2l69,2022-11-04T12:55:19.936819199Z,1.0,185752,64.26,16287149.556717666,314742857401953,8.0,0.1308934532385398,0.02,0.01,0.04,5898,175
12713661,7.23302752293578,0.6666,0.13,0.07,0.2,0.6666,4360000,cosmosvaloper1svwt2mr4x2mx0hcmty0mxsa4rmlfau4lwx2l69,2022-11-04T12:55:26.161427892Z,1.0,185752,64.26,16287795.544495096,314742866850985,8.0,0.1308934625876429,0.02,0.01,0.04,6504,175
12713662,7.23302752293578,0.6666,0.13,0.07,0.2,0.6666,4360000,cosmosvaloper1svwt2mr4x2mx0hcmty0mxsa4rmlfau4lwx2l69,2022-11-04T12:55:32.522788055Z,1.0,185752,64.26,16288441.573744496,314742876300018,8.0,0.1308934719367526,0.02,0.01,0.04,13411,175
12713663,7.23302752293578,0.6666,0.13,0.07,0.2,0.6666,4360000,cosmosvaloper1svwt2mr4x2mx0hcmty0mxsa4rmlfau4lwx2l69,2022-11-04T12:55:39.308804764Z,1.0,185752,64.26,16289088.074968208,314742885749052,8.0,0.1308934812858687,0.02,0.01,0.04,26527,175
12713664,7.23302752293578,0.6666,0.13,0.07,0.2,0.6666,4360000,cosmosvaloper1svwt2mr4x2mx0hcmty0mxsa4rmlfau4lwx2l69,2022-11-04T12:55:45.936606089Z,1.0,185752,64.26,16289735.472382857,314742895198087,8.0,0.1308934906350074,0.02,0.01,0.04,6827,175
12713665,7.23302752293578,0.6666,0.13,0.07,0.2,0.6666,4360000,cosmosvaloper1svwt2mr4x2mx0hcmty0mxsa4rmlfau4lwx2l69,2022-11-04T12:55:52.157160255Z,1.0,185752,64.26,16290383.011218412,314742904647123,8.0,0.1308934999832184,0.02,0.01,0.04,19297,175
12713666,7.23302752293578,0.6666,0.13,0.07,0.2,0.6666,4360000,cosmosvaloper1svwt2mr4x2mx0hcmty0mxsa4rmlfau4lwx2l69,2022-11-04T12:55:54.511049131Z,1.0,185752,64.26,16291029.914843412,314742914096160,8.0,0.1308935093314142,0.02,0.01,0.04,4035,175
12713667,7.23302752293578,0.6666,0.13,0.07,0.2,0.6666,4360000,cosmosvaloper1svwt2mr4x2mx0hcmty0mxsa4rmlfau4lwx2l69,2022-11-04T12:56:01.208599510Z,1.0,185752,64.26,16291675.773050413,314742923545198,8.0,0.1308935186796166,0.02,0.01,0.04,5135,175
12713668,7.23302752293578,0.6666,0.13,0.07,0.2,0.6666,4360000,cosmosvaloper1svwt2mr4x2mx0hcmty0mxsa4rmlfau4lwx2l69,2022-11-04T12:56:07.590770301Z,1.0,185752,64.26,16292321.7064167,314742932994237,8.0,0.1308935280278091,0.02,0.01,0.04,19890,175
12713669,7.23302752293578,0.6666,0.13,0.07,0.2,0.6666,4360000,cosmosvaloper1svwt2mr4x2mx0hcmty0mxsa4rmlfau4lwx2l69,2022-11-04T12:56:13.893314347Z,1.0,185752,64.26,16292968.647950782,314742942443277,8.0,0.1308935373760747,0.02,0.01,0.04,13149,175
12713670,7.23302752293578,0.6666,0.13,0.07,0.2,0.6666,4360000,cosmosvaloper1svwt2mr4x2mx0hcmty0mxsa4rmlfau4lwx2l69,2022-11-04T12:56:20.172710527Z,1.0,185752,64.26,16293615.128942825,314742951892318,8.0,0.1308935467243459,0.02,0.01,0.04,3766,175
12713671,7.23302752293578,0.6666,0.13,0.07,0.2,0.6666,4360000,cosmosvaloper1svwt2mr4x2mx0hcmty0mxsa4rmlfau4lwx2l69,2022-11-04T12:56:26.403084172Z,1.0,185752,64.26,16294260.969127355,314742961341360,8.0,0.130893556072604,0.02,0.01,0.04,3168,175
12713672,7.23302752293578,0.6666,0.13,0.07,0.2,0.6666,4360000,cosmosvaloper1svwt2mr4x2mx0hcmty0mxsa4rmlfau4lwx2l69,2022-11-04T12:56:33.315926698Z,1.0,185752,64.26,16294906.768520117,314742970790403,8.0,0.1308935654208687,0.02,0.01,0.04,0,175
12713673,7.23302752293578,0.6666,0.13,0.07,0.2,0.6666,4360000,cosmosvaloper1svwt2mr4x2mx0hcmty0mxsa4rmlfau4lwx2l69,2022-11-04T12:56:39.728956108Z,1.0,185752,64.26,16295552.35147781,314742980239447,8.0,0.1308935747691399,0.02,0.01,0.04,4073,175
12713674,7.23302752293578,0.6666,0.13,0.07,0.2,0.6666,4360000,cosmosvaloper1svwt2mr4x2mx0hcmty0mxsa4rmlfau4lwx2l69,2022-11-04T12:56:46.237574295Z,1.0,185752,64.26,16296198.212781675,314742989688492,8.0,0.1308935841174178,0.02,0.01,0.04,8751,175
12713675,7.23302752293578,0.6666,0.13,0.07,0.2,0.6666,4360000,cosmosvaloper1svwt2mr4x2mx0hcmty0mxsa4rmlfau4lwx2l69,2022-11-04T12:56:52.587385649Z,1.0,185752,64.26,16296844.369330771,314742999137538,8.0,0.1308935934657023,0.02,0.01,0.04,8765,175
12713676,7.23302752293578,0.6666,0.13,0.07,0.2,0.6666,4360000,cosmosvaloper1svwt2mr4x2mx0hcmty0mxsa4rmlfau4lwx2l69,2022-11-04T12:56:59.060374026Z,1.0,185752,64.26,16297490.526904663,314743008586585,8.0,0.13089360281399,0.02,0.01,0.04,19535,175
12713677,7.23302752293578,0.6666,0.13,0.07,0.2,0.6666,4360000,cosmosvaloper1svwt2mr4x2mx0hcmty0mxsa4rmlfau4lwx2l69,2022-11-04T12:57:05.654367232Z,1.0,185752,64.26,16298137.420353197,314743018035633,8.0,0.1308936121623225,0.02,0.01,0.04,34746,175
12713678,7.23302752293578,0.6666,0.13,0.07,0.2,0.6666,4360000,cosmosvaloper1svwt2mr4x2mx0hcmty0mxsa4rmlfau4lwx2l69,2022-11-04T12:57:17.803175813Z,1.0,185752,64.26,16298785.353075836,314743027484681,8.0,0.1308936215106617,0.02,0.01,0.04,0,175
12713679,7.23302752293578,0.6666,0.13,0.07,0.2,0.6666,4360000,cosmosvaloper1svwt2mr4x2mx0hcmty0mxsa4rmlfau4lwx2l69,2022-11-04T12:57:24.066710358Z,1.0,185752,64.26,16299430.91206376,314743036933730,8.0,0.1308936308590074,0.02,0.01,0.04,33322,175
12713680,7.23302752293578,0.6666,0.13,0.07,0.2,0.6666,4360000,cosmosvaloper1svwt2mr4x2mx0hcmty0mxsa4rmlfau4lwx2l69,2022-11-04T12:57:30.772679721Z,1.0,185752,64.26,16300078.747679148,314743046382780,8.0,0.1308936402073597,0.02,0.01,0.04,14411,175
12713681,7.23302752293578,0.6666,0.13,0.07,0.2,0.6666,4360000,cosmosvaloper1svwt2mr4x2mx0hcmty0mxsa4rmlfau4lwx2l69,2022-11-04T12:57:37.484200970Z,1.0,185752,64.26,16300725.291363277,314743055831831,8.0,0.1308936495557186,0.02,0.01,0.04,13777,175
12713682,7.23302752293578,0.6666,0.13,0.07,0.2,0.6666,4360000,cosmosvaloper1svwt2mr4x2mx0hcmty0mxsa4rmlfau4lwx2l69,2022-11-04T12:57:43.677499758Z,1.0,185752,64.26,16301371.791800844,314743065280883,8.0,0.1308936589040842,0.02,0.01,0.04,0,175
12713683,7.23302752293578,0.6666,0.13,0.07,0.2,0.6666,4360000,cosmosvaloper1svwt2mr4x2mx0hcmty0mxsa4rmlfau4lwx2l69,2022-11-04T12:57:50.017940269Z,1.0,185752,64.26,16302017.351062048,314743074729936,8.0,0.1308936682524563,0.02,0.01,0.04,2012,175
12713684,7.23302752293578,0.6666,0.13,0.07,0.2,0.6666,4360000,cosmosvaloper1svwt2mr4x2mx0hcmty0mxsa4rmlfau4lwx2l69,2022-11-04T12:57:56.352245709Z,1.0,185752,64.26,16302663.04785142,314743084178990,8.0,0.1308936776008351,0.02,0.01,0.04,16007,175
12713685,7.23302752293578,0.6666,0.13,0.07,0.2,0.6666,4360000,cosmosvaloper1svwt2mr4x2mx0hcmty0mxsa4rmlfau4lwx2l69,2022-11-04T12:58:03.011910409Z,1.0,185752,64.26,16303309.700847551,314743093628045,8.0,0.1308936869492193,0.02,0.01,0.04,14228,175
12713686,7.23302752293578,0.6666,0.13,0.07,0.2,0.6666,4360000,cosmosvaloper1svwt2mr4x2mx0hcmty0mxsa4rmlfau4lwx2l69,2022-11-04T12:58:09.337800994Z,1.0,185752,64.26,16303956.23237072,314743103077101,8.0,0.130893696297607,0.02,0.01,0.04,9978,175
12713687,7.23302752293578,0.6666,0.13,0.07,0.2,0.6666,4360000,cosmosvaloper1svwt2mr4x2mx0hcmty0mxsa4rmlfau4lwx2l69,2022-11-04T12:58:16.153362226Z,1.0,185752,64.26,16304602.473599004,314743112526158,8.0,0.1308937056460013,0.02,0.01,0.04,5347,175
12713688,7.23302752293578,0.6666,0.13,0.07,0.2,0.6666,4360000,cosmosvaloper1svwt2mr4x2mx0hcmty0mxsa4rmlfau4lwx2l69,2022-11-04T12:58:22.466356308Z,1.0,185752,64.26,16305248.398496091,314743121975216,8.0,0.1308937149944022,0.02,0.01,0.04,21900,175
12713689,7.23302752293578,0.6666,0.13,0.07,0.2,0.6666,4360000,cosmosvaloper1svwt2mr4x2mx0hcmty0mxsa4rmlfau4lwx2l69,2022-11-04T12:58:28.986156339Z,1.0,185752,64.26,16305895.454362487,314743131424275,8.0,0.1308937243428097,0.02,0.01,0.04,5531,175
12713690,7.23302752293578,0.6666,0.13,0.07,0.2,0.6666,4360000,cosmosvaloper1svwt2mr4x2mx0hcmty0mxsa4rmlfau4lwx2l69,2022-11-04T12:58:35.342018465Z,1.0,185752,64.26,16306541.391967095,314743140873335,8.0,0.1308937336912238,0.02,0.01,0.04,28256,175
12713691,7.23302752293578,0.6666,0.13,0.07,0.2,0.6666,4360000,cosmosvaloper1svwt2mr4x2mx0hcmty0mxsa4rmlfau4lwx2l69,2022-11-04T12:58:41.947693210Z,1.0,185752,64.26,16307188.882212063,314743150322396,8.0,0.1308937430396356,0.02,0.01,0.04,2162,175
12713692,7.23302752293578,0.6666,0.13,0.07,0.2,0.6666,4360000,cosmosvaloper1svwt2mr4x2mx0hcmty0mxsa4rmlfau4lwx2l69,2022-11-04T12:58:48.670901086Z,1.0,185752,64.26,16307834.589783227,314743159771458,8.0,0.1308937523880539,0.02,0.01,0.04,12327,175
12713693,7.23302752293578,0.6666,0.13,0.07,0.2,0.6666,4360000,cosmosvaloper1svwt2mr4x2mx0hcmty0mxsa4rmlfau4lwx2l69,2022-11-04T12:58:55.133806051Z,1.0,185752,64.26,16308480.991863571,314743169220521,8.0,0.1308937617364788,0.02,0.01,0.04,16327,175
12713694,7.23302752293578,0.6666,0.13,0.07,0.2,0.6666,4360000,cosmosvaloper1svwt2mr4x2mx0hcmty0mxsa4rmlfau4lwx2l69,2022-11-04T12:59:01.521192244Z,1.0,185752,64.26,16309127.667292232,314743178669585,8.0,0.1308937710848908,0.02,0.01,0.04,15339,175
12713695,7.23302752293578,0.6666,0.13,0.07,0.2,0.6666,4360000,cosmosvaloper1svwt2mr4x2mx0hcmty0mxsa4rmlfau4lwx2l69,2022-11-04T12:59:07.982005382Z,1.0,185752,64.26,16309774.275289051,314743188118650,8.0,0.130893780433308,0.02,0.01,0.04,7881,175
12713696,7.23302752293578,0.6666,0.13,0.07,0.2,0.6666,4360000,cosmosvaloper1svwt2mr4x2mx0hcmty0mxsa4rmlfau4lwx2l69,2022-11-04T12:59:14.220027578Z,1.0,185752,64.26,16310420.373766152,314743197567716,8.0,0.1308937897817318,0.02,0.01,0.04,36413,175
12713697,7.23302752293578,0.6666,0.13,0.07,0.2,0.6666,4360000,cosmosvaloper1svwt2mr4x2mx0hcmty0mxsa4rmlfau4lwx2l69,2022-11-04T12:59:26.601493794Z,1.0,185752,64.26,16311068.421614386,314743207016783,8.0,0.1308937991301991,0.02,0.01,0.04,12136,175
12713698,7.23302752293578,0.6666,0.13,0.07,0.2,0.6666,4360000,cosmosvaloper1svwt2mr4x2mx0hcmty0mxsa4rmlfau4lwx2l69,2022-11-04T12:59:33.173044019Z,1.0,185752,64.26,16311714.810926495,314743216465851,8.0,0.1308938084786729,0.02,0.01,0.04,13330,175
12713699,7.23302752293578,0.6666,0.13,0.07,0.2,0.6666,4360000,cosmosvaloper1svwt2mr4x2mx0hcmty0mxsa4rmlfau4lwx2l69,2022-11-04T12:59:39.517168069Z,1.0,185752,64.26,16312361.28198966,314743225914920,8.0,0.1308938178271533,0.02,0.01,0.04,7758,175
12713700,7.23302752293578,0.6666,0.13,0.07,0.2,0.6666,4360000,cosmosvaloper1svwt2mr4x2mx0hcmty0mxsa4rmlfau4lwx2l69,2022-11-04T12:59:46.160899522Z,1.0,185752,64.26,16313007.372442082,314743235363990,8.0,0.1308938271756294,0.02,0.01,0.04,15329,175
12713701,7.23302752293578,0.6666,0.13,0.07,0.2,0.6666,4360000,cosmosvaloper1svwt2mr4x2mx0hcmty0mxsa4rmlfau4lwx2l69,2022-11-04T12:59:52.632898484Z,1.0,185752,64.26,16313653.98021357,314743244813061,8.0,0.130893836524112,0.02,0.01,0.04,6497,175
12713702,7.23302752293578,0.6666,0.13,0.07,0.2,0.6666,4360000,cosmosvaloper1svwt2mr4x2mx0hcmty0mxsa4rmlfau4lwx2l69,2022-11-04T12:59:58.977808049Z,1.0,185752,64.26,16314299.984619172,314743254262132,8.0,0.1308938458726012,0.02,0.01,0.04,22556,175
12713704,7.23302752293578,0.6666,0.13,0.07,0.2,0.6666,4360000,cosmosvaloper1svwt2mr4x2mx0hcmty0mxsa4rmlfau4lwx2l69,2022-11-04T13:00:12.015540928Z,1.0,185752,64.26,16315593.11278526,314743273160277,8.0,0.1308938645695385,0.02,0.01,0.04,0,175
12713705,7.23302752293578,0.6666,0.13,0.07,0.2,0.6666,4360000,cosmosvaloper1svwt2mr4x2mx0hcmty0mxsa4rmlfau4lwx2l69,2022-11-04T13:00:18.503459022Z,1.0,185752,64.26,16316239.230171029,314743282609351,8.0,0.1308938739176271,0.02,0.01,0.04,0,175
12713706,7.23302752293578,0.6666,0.13,0.07,0.2,0.6666,4360000,cosmosvaloper1svwt2mr4x2mx0hcmty0mxsa4rmlfau4lwx2l69,2022-11-04T13:00:24.952437094Z,1.0,185752,64.26,16316885.709516104,314743292058426,8.0,0.1308938832660147,0.02,0.01,0.04,0,175
12713708,7.23302752293578,0.6666,0.13,0.07,0.2,0.6666,4360000,cosmosvaloper1svwt2mr4x2mx0hcmty0mxsa4rmlfau4lwx2l69,2022-11-04T13:00:38.145619758Z,1.0,185752,64.26,16318177.42349212,314743310956579,8.0,0.1308939019628099,0.02,0.01,0.04,0,175
12713709,7.23302752293578,0.6666,0.13,0.07,0.2,0.6666,4360000,cosmosvaloper1svwt2mr4x2mx0hcmty0mxsa4rmlfau4lwx2l69,2022-11-04T13:00:44.580921331Z,1.0,185752,64.26,16318826.664135518,314743320405657,8.0,0.1308939113111327,0.02,0.01,0.04,0,175
12713710,7.23302752293578,0.6666,0.13,0.07,0.2,0.6666,4360000,cosmosvaloper1svwt2mr4x2mx0hcmty0mxsa4rmlfau4lwx2l69,2022-11-04T13:00:51.052493337Z,1.0,185752,64.26,16319474.334942592,314743329854736,8.0,0.1308939206594601,0.02,0.01,0.04,0,175
12713711,7.23302752293578,0.6666,0.13,0.07,0.2,0.6666,4360000,cosmosvaloper1svwt2mr4x2mx0hcmty0mxsa4rmlfau4lwx2l69,2022-11-04T13:00:57.348581223Z,1.0,185752,64.26,16320120.557801232,314743339303816,8.0,0.1308939300077923,0.02,0.01,0.04,0,175
12713712,7.23302752293578,0.6666,0.13,0.07,0.2,0.6666,4360000,cosmosvaloper1svwt2mr4x2mx0hcmty0mxsa4rmlfau4lwx2l69,2022-11-04T13:01:03.744511881Z,1.0,185752,64.26,16320766.784758756,314743348752897,8.0,0.1308939393561311,0.02,0.01,0.04,0,175
12713713,7.23302752293578,0.6666,0.13,0.07,0.2,0.6666,4360000,cosmosvaloper1svwt2mr4x2mx0hcmty0mxsa4rmlfau4lwx2l69,2022-11-04T13:01:10.118247275Z,1.0,185752,64.26,16321413.178210864,314743358201979,8.0,0.1308939487044766,0.02,0.01,0.04,0,175
12713714,7.23302752293578,0.6666,0.13,0.07,0.2,0.6666,4360000,cosmosvaloper1svwt2mr4x2mx0hcmty0mxsa4rmlfau4lwx2l69,2022-11-04T13:01:16.763060173Z,1.0,185752,64.26,16322058.875481768,314743367651062,8.0,0.1308939580528286,0.02,0.01,0.04,0,175
12713715,7.23302752293578,0.6666,0.13,0.07,0.2,0.6666,4360000,cosmosvaloper1svwt2mr4x2mx0hcmty0mxsa4rmlfau4lwx2l69,2022-11-04T13:01:23.002087256Z,1.0,185752,64.26,16322706.495617133,314743377100146,8.0,0.1308939674011864,0.02,0.01,0.04,14863,175
12713716,7.23302752293578,0.6666,0.13,0.07,0.2,0.6666,4360000,cosmosvaloper1svwt2mr4x2mx0hcmty0mxsa4rmlfau4lwx2l69,2022-11-04T13:01:29.628872476Z,1.0,185752,64.26,16323353.071823947,314743386549231,8.0,0.13089397674955,0.02,0.01,0.04,10937,175
12713717,7.23302752293578,0.6666,0.13,0.07,0.2,0.6666,4360000,cosmosvaloper1svwt2mr4x2mx0hcmty0mxsa4rmlfau4lwx2l69,2022-11-04T13:01:40.896017696Z,1.0,185752,64.26,16323999.379871842,314743395998317,8.0,0.1308939860979202,0.02,0.01,0.04,6376,175
12713718,7.23302752293578,0.6666,0.13,0.07,0.2,0.6666,4360000,cosmosvaloper1svwt2mr4x2mx0hcmty0mxsa4rmlfau4lwx2l69,2022-11-04T13:01:47.365559542Z,1.0,185752,64.26,16324645.37638085,314743405447404,8.0,0.130893995446297,0.02,0.01,0.04,39066,175
12713719,7.23302752293578,0.6666,0.13,0.07,0.2,0.6666,4360000,cosmosvaloper1svwt2mr4x2mx0hcmty0mxsa4rmlfau4lwx2l69,2022-11-04T13:01:54.117467982Z,1.0,185752,64.26,16325293.606336717,314743414896492,8.0,0.1308940047946468,0.02,0.01,0.04,15980,175
12713720,7.23302752293578,0.6666,0.13,0.07,0.2,0.6666,4360000,cosmosvaloper1svwt2mr4x2mx0hcmty0mxsa4rmlfau4lwx2l69,2022-11-04T13:02:00.506171845Z,1.0,185752,64.26,16325940.259126978,314743424345581,8.0,0.1308940141430031,0.02,0.01,0.04,13168,175
12713721,7.23302752293578,0.6666,0.13,0.07,0.2,0.6666,4360000,cosmosvaloper1svwt2mr4x2mx0hcmty0mxsa4rmlfau4lwx2l69,2022-11-04T13:02:07.509881303Z,1.0,185752,64.26,16326586.890567448,314743433794671,8.0,0.1308940234913663,0.02,0.01,0.04,9844,175
12713722,7.23302752293578,0.6666,0.13,0.07,0.2,0.6666,4360000,cosmosvaloper1svwt2mr4x2mx0hcmty0mxsa4rmlfau4lwx2l69,2022-11-04T13:02:13.843699574Z,1.0,185752,64.26,16327234.794720786,314743443243762,8.0,0.1308940328397344,0.02,0.01,0.04,7667,175
12713723,7.23302752293578,0.6666,0.13,0.07,0.2,0.6666,4360000,cosmosvaloper1svwt2mr4x2mx0hcmty0mxsa4rmlfau4lwx2l69,2022-11-04T13:02:16.244997835Z,1.0,185752,64.26,16327880.891920526,314743452692854,8.0,0.1308940421881091,0.02,0.01,0.04,9497,175
12713724,7.23302752293578,0.6666,0.13,0.07,0.2,0.6666,4360000,cosmosvaloper1svwt2mr4x2mx0hcmty0mxsa4rmlfau4lwx2l69,2022-11-04T13:02:22.639069641Z,1.0,185752,64.26,16328527.11421322,314743462141947,8.0,0.1308940515364904,0.02,0.01,0.04,12978,175
12713725,7.23302752293578,0.6666,0.13,0.07,0.2,0.6666,4360000,cosmosvaloper1svwt2mr4x2mx0hcmty0mxsa4rmlfau4lwx2l69,2022-11-04T13:02:29.417387601Z,1.0,185752,64.26,16329173.562146384,314743471591041,8.0,0.1308940608848783,0.02,0.01,0.04,37067,175
12713726,7.23302752293578,0.6666,0.13,0.07,0.2,0.6666,4360000,cosmosvaloper1svwt2mr4x2mx0hcmty0mxsa4rmlfau4lwx2l69,2022-11-04T13:02:36.130763070Z,1.0,185752,64.26,16329821.655906422,314743481040135,8.0,0.1308940702332826,0.02,0.01,0.04,19749,175
