block_num,Block_length_target,Goal_Bonded,Inflation_Rate_Change,Min_Inflation_Rate,Max_Inflation_Rate,Min_Signatures,Blocks_per_year,Validator_id,percent_staked,atom_staked_v,community_tax,min_proposer_bonus,max_proposer_bonus,v_commission,self_bonded_rew_amt,commission_amt,inflation_rate,total_supply,n_validators,timestamp,sign_ratio,total_block_fees,block_len
12689647,7.23302752293578,0.6666,0.13,0.07,0.2,0.6666,4360000,cosmosvaloper1svwt2mr4x2mx0hcmty0mxsa4rmlfau4lwx2l69,64.11,75012,0.02,0.01,0.04,8.0,15.263893011119,99563.0558739201,0.1306644666686828,314516236000281,175,2022-11-02T16:07:44.272217828Z,1.0,0.0,6.12345
12689648,7.23302752293578,0.6666,0.13,0.07,0.2,0.6666,4360000,cosmosvaloper1svwt2mr4x2mx0hcmty0mxsa4rmlfau4lwx2l69,64.11,75012,0.02,0.01,0.04,8.0,15.304070625459,99825.12571799412,0.1306644765602175,314516245425991,175,2022-11-02T16:07:55.652982745Z,1.0,8971.0,11.38
12689649,7.23302752293578,0.6666,0.13,0.07,0.2,0.6666,4360000,cosmosvaloper1svwt2mr4x2mx0hcmty0mxsa4rmlfau4lwx2l69,64.11,75012,0.02,0.01,0.04,8.0,15.384143554621,100347.42402776163,0.1306644963432261,314516264277414,175,2022-11-02T16:08:02.143321353Z,1.0,10259.0,6.491
12689651,7.23302752293578,0.6666,0.13,0.07,0.2,0.6666,4360000,cosmosvaloper1svwt2mr4x2mx0hcmty0mxsa4rmlfau4lwx2l69,64.11,75012,0.02,0.01,0.04,8.0,15.424188131218,100608.62609555898,0.1306645062347388,314516273703127,175,2022-11-02T16:08:14.952623649Z,1.0,12148.0,6.12345
12689652,7.23302752293578,0.6666,0.13,0.07,0.2,0.6666,4360000,cosmosvaloper1svwt2mr4x2mx0hcmty0mxsa4rmlfau4lwx2l69,64.11,75012,0.02,0.01,0.04,8.0,15.504353022004,101131.52425101063,0.1306645260177822,314516292554556,175,2022-11-02T16:08:21.519850362Z,1.0,28752.0,6.567
12689654,7.23302752293578,0.6666,0.13,0.07,0.2,0.6666,4360000,cosmosvaloper1svwt2mr4x2mx0hcmty0mxsa4rmlfau4lwx2l69,64.11,75012,0.02,0.01,0.04,8.0,15.544407026907,101392.78781759665,0.1306645359092541,314516301980272,175,2022-11-02T16:08:34.212713493Z,1.0,33662.0,6.12345
12689655,7.23302752293578,0.6666,0.13,0.07,0.2,0.6666,4360000,cosmosvaloper1svwt2mr4x2mx0hcmty0mxsa4rmlfau4lwx2l69,64.11,75012,0.02,0.01,0.04,8.0,15.62458796708,101915.7906597053,0.1306645556921195,314516320831707,175,2022-11-02T16:08:40.738782944Z,1.0,11017.0,6.526
12689656,7.23302752293578,0.6666,0.13,0.07,0.2,0.6666,4360000,cosmosvaloper1svwt2mr4x2mx0hcmty0mxsa4rmlfau4lwx2l69,64.11,75012,0.02,0.01,0.04,8.0,15.664624170771,102176.93811286127,0.1306645655835266,314516330257426,175,2022-11-02T16:08:47.248169440Z,1.0,9551.0,6.51
12689658,7.23302752293578,0.6666,0.13,0.07,0.2,0.6666,4360000,cosmosvaloper1svwt2mr4x2mx0hcmty0mxsa4rmlfau4lwx2l69,64.11,75012,0.02,0.01,0.04,8.0,15.744727184352,102699.43265675318,0.1306645853663607,314516349108867,175,2022-11-02T16:08:59.822311777Z,1.0,0.0,6.12345
12689660,7.23302752293578,0.6666,0.13,0.07,0.2,0.6666,4360000,cosmosvaloper1svwt2mr4x2mx0hcmty0mxsa4rmlfau4lwx2l69,64.11,75012,0.02,0.01,0.04,8.0,15.784775672071,102960.66023595344,0.1306645952577876,314516358534589,175,2022-11-02T16:09:12.680991695Z,1.0,0.0,6.12345
12689661,7.23302752293578,0.6666,0.13,0.07,0.2,0.6666,4360000,cosmosvaloper1svwt2mr4x2mx0hcmty0mxsa4rmlfau4lwx2l69,64.11,75012,0.02,0.01,0.04,8.0,15.864860359063,103483.03523948176,0.1306646150404318,314516377386036,175,2022-11-02T16:09:19.426683319Z,1.0,5409.0,6.746
12689663,7.23302752293578,0.6666,0.13,0.07,0.2,0.6666,4360000,cosmosvaloper1svwt2mr4x2mx0hcmty0mxsa4rmlfau4lwx2l69,64.11,75012,0.02,0.01,0.04,8.0,15.904907599629,103744.2546837753,0.1306646249317637,314516386811761,175,2022-11-02T16:09:32.267278894Z,1.0,14547.0,6.12345
12689664,7.23302752293578,0.6666,0.13,0.07,0.2,0.6666,4360000,cosmosvaloper1svwt2mr4x2mx0hcmty0mxsa4rmlfau4lwx2l69,64.11,75012,0.02,0.01,0.04,8.0,15.985018956153,104266.80364686532,0.1306646447144443,314516405663214,175,2022-11-02T16:09:38.583391965Z,1.0,13735.0,6.316
12689665,7.23302752293578,0.6666,0.13,0.07,0.2,0.6666,4360000,cosmosvaloper1svwt2mr4x2mx0hcmty0mxsa4rmlfau4lwx2l69,64.11,75012,0.02,0.01,0.04,8.0,15.985018956153,104266.80364686532,0.1306646447144443,314516405663214,175,2022-11-02T16:09:44.918830444Z,1.0,7949.0,6.335
12689666,7.23302752293578,0.6666,0.13,0.07,0.2,0.6666,4360000,cosmosvaloper1svwt2mr4x2mx0hcmty0mxsa4rmlfau4lwx2l69,64.11,75012,0.02,0.01,0.04,8.0,16.065137020454,104789.3963633309,0.1306646644971402,314516424514671,175,2022-11-02T16:09:51.694667829Z,1.0,21910.0,6.776
12689668,7.23302752293578,0.6666,0.13,0.07,0.2,0.6666,4360000,cosmosvaloper1svwt2mr4x2mx0hcmty0mxsa4rmlfau4lwx2l69,64.11,75012,0.02,0.01,0.04,8.0,16.105165869401,105050.49584309229,0.130664674388498,314516433940401,175,2022-11-02T16:10:10.703559431Z,1.0,9898.0,6.12345
12689669,7.23302752293578,0.6666,0.13,0.07,0.2,0.6666,4360000,cosmosvaloper1svwt2mr4x2mx0hcmty0mxsa4rmlfau4lwx2l69,64.11,75012,0.02,0.01,0.04,8.0,16.185305708055,105573.23058892495,0.1306646941712143,314516452791864,175,2022-11-02T16:10:16.989701169Z,1.0,0.0,6.286
12689670,7.23302752293578,0.6666,0.13,0.07,0.2,0.6666,4360000,cosmosvaloper1svwt2mr4x2mx0hcmty0mxsa4rmlfau4lwx2l69,64.11,75012,0.02,0.01,0.04,8.0,16.225462293551,105835.16326642758,0.1306647040625729,314516462217597,175,2022-11-02T16:10:23.558614228Z,1.0,15458.0,6.569
12689672,7.23302752293578,0.6666,0.13,0.07,0.2,0.6666,4360000,cosmosvaloper1svwt2mr4x2mx0hcmty0mxsa4rmlfau4lwx2l69,64.11,75012,0.02,0.01,0.04,8.0,16.305609588269,106357.94664654548,0.1306647238453097,314516481069066,175,2022-11-02T16:10:41.337048588Z,1.0,3250.0,6.12345
12689674,7.23302752293578,0.6666,0.13,0.07,0.2,0.6666,4360000,cosmosvaloper1svwt2mr4x2mx0hcmty0mxsa4rmlfau4lwx2l69,64.11,75012,0.02,0.01,0.04,8.0,16.345658338709,106619.17593941557,0.130664733736688,314516490494802,175,2022-11-02T16:10:49.932350174Z,1.0,5681.0,6.12345
12689675,7.23302752293578,0.6666,0.13,0.07,0.2,0.6666,4360000,cosmosvaloper1svwt2mr4x2mx0hcmty0mxsa4rmlfau4lwx2l69,64.11,75012,0.02,0.01,0.04,8.0,16.3856781587,106880.21652525316,0.1306647436280676,314516499920539,175,2022-11-02T16:10:56.228693301Z,1.0,13113.0,6.296
12689676,7.23302752293578,0.6666,0.13,0.07,0.2,0.6666,4360000,cosmosvaloper1svwt2mr4x2mx0hcmty0mxsa4rmlfau4lwx2l69,64.11,75012,0.02,0.01,0.04,8.0,16.465787094134,107402.74969610303,0.1306647634108465,314516518772016,175,2022-11-02T16:11:02.702912811Z,1.0,14577.0,6.474
12689678,7.23302752293578,0.6666,0.13,0.07,0.2,0.6666,4360000,cosmosvaloper1svwt2mr4x2mx0hcmty0mxsa4rmlfau4lwx2l69,64.11,75012,0.02,0.01,0.04,8.0,16.54601654948,107926.06899214257,0.1306647831936512,314516537623497,175,2022-11-02T16:11:15.404629651Z,1.0,44086.0,6.12345
12689680,7.23302752293578,0.6666,0.13,0.07,0.2,0.6666,4360000,cosmosvaloper1svwt2mr4x2mx0hcmty0mxsa4rmlfau4lwx2l69,64.11,75012,0.02,0.01,0.04,8.0,16.586176739287,108188.02517977748,0.1306647930850628,314516547049239,175,2022-11-02T16:11:28.787835001Z,1.0,0.0,6.12345
12689682,7.23302752293578,0.6666,0.13,0.07,0.2,0.6666,4360000,cosmosvaloper1svwt2mr4x2mx0hcmty0mxsa4rmlfau4lwx2l69,64.11,75012,0.02,0.01,0.04,8.0,16.666264638159,108710.42113370316,0.1306648128677845,314516565900726,175,2022-11-02T16:11:41.599261627Z,1.0,8471.0,6.12345
12689683,7.23302752293578,0.6666,0.13,0.07,0.2,0.6666,4360000,cosmosvaloper1svwt2mr4x2mx0hcmty0mxsa4rmlfau4lwx2l69,64.11,75012,0.02,0.01,0.04,8.0,16.706296318243,108971.5390803559,0.130664822759155,314516575326471,175,2022-11-02T16:11:47.851968050Z,1.0,10091.0,6.252
12689684,7.23302752293578,0.6666,0.13,0.07,0.2,0.6666,4360000,cosmosvaloper1svwt2mr4x2mx0hcmty0mxsa4rmlfau4lwx2l69,64.11,75012,0.02,0.01,0.04,8.0,16.786330620675,109493.585436355,0.1306648425419128,314516594177964,175,2022-11-02T16:11:54.284228081Z,1.0,0.0,6.433
12689685,7.23302752293578,0.6666,0.13,0.07,0.2,0.6666,4360000,cosmosvaloper1svwt2mr4x2mx0hcmty0mxsa4rmlfau4lwx2l69,64.11,75012,0.02,0.01,0.04,8.0,16.826347627422,109754.60767201617,0.1306648524333015,314516603603712,175,2022-11-02T16:12:00.957502419Z,1.0,5010.0,6.673
12689687,7.23302752293578,0.6666,0.13,0.07,0.2,0.6666,4360000,cosmosvaloper1svwt2mr4x2mx0hcmty0mxsa4rmlfau4lwx2l69,64.11,75012,0.02,0.01,0.04,8.0,16.866408976072,110015.91914027688,0.1306648623246957,314516613029461,175,2022-11-02T16:12:19.050930908Z,1.0,3711.0,6.12345
12689688,7.23302752293578,0.6666,0.13,0.07,0.2,0.6666,4360000,cosmosvaloper1svwt2mr4x2mx0hcmty0mxsa4rmlfau4lwx2l69,64.11,75012,0.02,0.01,0.04,8.0,16.946429287932,110537.8742388156,0.1306648821075036,314516631880962,175,2022-11-02T16:12:25.514772809Z,1.0,3075.0,6.464
12689690,7.23302752293578,0.6666,0.13,0.07,0.2,0.6666,4360000,cosmosvaloper1svwt2mr4x2mx0hcmty0mxsa4rmlfau4lwx2l69,64.11,75012,0.02,0.01,0.04,8.0,16.986433590207,110798.81360596708,0.1306648919989175,314516641306714,175,2022-11-02T16:12:38.571737953Z,1.0,4537.0,6.12345
12689691,7.23302752293578,0.6666,0.13,0.07,0.2,0.6666,4360000,cosmosvaloper1svwt2mr4x2mx0hcmty0mxsa4rmlfau4lwx2l69,64.11,75012,0.02,0.01,0.04,8.0,17.06645317203,111320.76394263667,0.1306649117817628,314516660158221,175,2022-11-02T16:12:44.901246284Z,1.0,0.0,6.33
12689693,7.23302752293578,0.6666,0.13,0.07,0.2,0.6666,4360000,cosmosvaloper1svwt2mr4x2mx0hcmty0mxsa4rmlfau4lwx2l69,64.11,75012,0.02,0.01,0.04,8.0,17.10655326959,111582.32816161388,0.1306649216731953,314516669583976,175,2022-11-02T16:12:58.224752600Z,1.0,13798.0,6.12345
12689694,7.23302752293578,0.6666,0.13,0.07,0.2,0.6666,4360000,cosmosvaloper1svwt2mr4x2mx0hcmty0mxsa4rmlfau4lwx2l69,64.11,75012,0.02,0.01,0.04,8.0,17.146607599518,111843.59384826692,0.1306649315646343,314516679009732,175,2022-11-02T16:13:04.453316383Z,1.0,4303.0,6.229
12689695,7.23302752293578,0.6666,0.13,0.07,0.2,0.6666,4360000,cosmosvaloper1svwt2mr4x2mx0hcmty0mxsa4rmlfau4lwx2l69,64.11,75012,0.02,0.01,0.04,8.0,17.226702540964,112366.03573937347,0.1306649513475316,314516697861247,175,2022-11-02T16:13:10.884597932Z,1.0,20057.0,6.431
12689697,7.23302752293578,0.6666,0.13,0.07,0.2,0.6666,4360000,cosmosvaloper1svwt2mr4x2mx0hcmty0mxsa4rmlfau4lwx2l69,64.11,75012,0.02,0.01,0.04,8.0,17.266717472367,112627.04443802076,0.1306649612389898,314516707287006,175,2022-11-02T16:13:23.862225802Z,1.0,10913.0,6.12345
12689698,7.23302752293578,0.6666,0.13,0.07,0.2,0.6666,4360000,cosmosvaloper1svwt2mr4x2mx0hcmty0mxsa4rmlfau4lwx2l69,64.11,75012,0.02,0.01,0.04,8.0,17.346764176214,113149.17168575716,0.130664981021926,314516726138527,175,2022-11-02T16:13:30.516738362Z,1.0,2073.0,6.654
12689700,7.23302752293578,0.6666,0.13,0.07,0.2,0.6666,4360000,cosmosvaloper1svwt2mr4x2mx0hcmty0mxsa4rmlfau4lwx2l69,64.11,75012,0.02,0.01,0.04,8.0,17.386848327464,113410.63189041392,0.1306649909134014,314516735564289,175,2022-11-02T16:13:43.236339805Z,1.0,23775.0,6.12345
12689701,7.23302752293578,0.6666,0.13,0.07,0.2,0.6666,4360000,cosmosvaloper1svwt2mr4x2mx0hcmty0mxsa4rmlfau4lwx2l69,64.11,75012,0.02,0.01,0.04,8.0,17.426945021744,113672.17391053018,0.1306650008048773,314516744990052,175,2022-11-02T16:13:49.673538200Z,1.0,11920.0,6.437
12689702,7.23302752293578,0.6666,0.13,0.07,0.2,0.6666,4360000,cosmosvaloper1svwt2mr4x2mx0hcmty0mxsa4rmlfau4lwx2l69,64.11,75012,0.02,0.01,0.04,8.0,17.46699141601,113933.38783458936,0.1306650106963593,314516754415816,175,2022-11-02T16:13:55.919314322Z,1.0,0.0,6.246
12689703,7.23302752293578,0.6666,0.13,0.07,0.2,0.6666,4360000,cosmosvaloper1svwt2mr4x2mx0hcmty0mxsa4rmlfau4lwx2l69,64.11,75012,0.02,0.01,0.04,8.0,17.50701295216,114194.43961456312,0.1306650205878478,314516763841581,175,2022-11-02T16:14:02.472285235Z,1.0,0.0,6.553
12689704,7.23302752293578,0.6666,0.13,0.07,0.2,0.6666,4360000,cosmosvaloper1svwt2mr4x2mx0hcmty0mxsa4rmlfau4lwx2l69,64.11,75012,0.02,0.01,0.04,8.0,17.547053671819,114455.61652439038,0.1306650304793428,314516773267347,175,2022-11-02T16:14:08.965673132Z,1.0,9218.0,6.493
12689705,7.23302752293578,0.6666,0.13,0.07,0.2,0.6666,4360000,cosmosvaloper1svwt2mr4x2mx0hcmty0mxsa4rmlfau4lwx2l69,64.11,75012,0.02,0.01,0.04,8.0,17.587088612178,114716.75573710995,0.130665040370841,314516782693114,175,2022-11-02T16:14:15.372533503Z,1.0,8525.0,6.407
12689706,7.23302752293578,0.6666,0.13,0.07,0.2,0.6666,4360000,cosmosvaloper1svwt2mr4x2mx0hcmty0mxsa4rmlfau4lwx2l69,64.11,75012,0.02,0.01,0.04,8.0,17.627120616213,114977.87579682036,0.1306650502623459,314516792118882,175,2022-11-02T16:14:24.318780018Z,1.0,21080.0,8.946
12689708,7.23302752293578,0.6666,0.13,0.07,0.2,0.6666,4360000,cosmosvaloper1svwt2mr4x2mx0hcmty0mxsa4rmlfau4lwx2l69,64.11,75012,0.02,0.01,0.04,8.0,17.747315129199,115761.87847578304,0.1306650799368986,314516820396192,175,2022-11-02T16:14:37.773269423Z,1.0,24453.0,6.12345
12689710,7.23302752293578,0.6666,0.13,0.07,0.2,0.6666,4360000,cosmosvaloper1svwt2mr4x2mx0hcmty0mxsa4rmlfau4lwx2l69,64.11,75012,0.02,0.01,0.04,8.0,17.787318626525,116022.8125924267,0.1306650898284285,314516829821964,175,2022-11-02T16:14:50.626839056Z,1.0,8897.0,6.12345
12689711,7.23302752293578,0.6666,0.13,0.07,0.2,0.6666,4360000,cosmosvaloper1svwt2mr4x2mx0hcmty0mxsa4rmlfau4lwx2l69,64.11,75012,0.02,0.01,0.04,8.0,17.827352229469,116283.94308147204,0.1306650997199647,314516839247737,175,2022-11-02T16:14:56.889525290Z,1.0,0.0,6.263
12689712,7.23302752293578,0.6666,0.13,0.07,0.2,0.6666,4360000,cosmosvaloper1svwt2mr4x2mx0hcmty0mxsa4rmlfau4lwx2l69,64.11,75012,0.02,0.01,0.04,8.0,17.867348084513,116544.8273491788,0.1306651096115075,314516848673511,175,2022-11-02T16:15:03.398974034Z,1.0,20413.0,6.509
12689713,7.23302752293578,0.6666,0.13,0.07,0.2,0.6666,4360000,cosmosvaloper1svwt2mr4x2mx0hcmty0mxsa4rmlfau4lwx2l69,64.11,75012,0.02,0.01,0.04,8.0,17.94744339765,117067.27166474104,0.1306651293946095,314516867525062,175,2022-11-02T16:15:09.582732172Z,1.0,4000.0,6.184
12689714,7.23302752293578,0.6666,0.13,0.07,0.2,0.6666,4360000,cosmosvaloper1svwt2mr4x2mx0hcmty0mxsa4rmlfau4lwx2l69,64.11,75012,0.02,0.01,0.04,8.0,17.987490112019,117328.48767676431,0.1306651392861698,314516876950839,175,2022-11-02T16:15:15.881960038Z,1.0,0.0,6.299
12689716,7.23302752293578,0.6666,0.13,0.07,0.2,0.6666,4360000,cosmosvaloper1svwt2mr4x2mx0hcmty0mxsa4rmlfau4lwx2l69,64.11,75012,0.02,0.01,0.04,8.0,18.027580652783,117589.98955883214,0.1306651491777364,314516886376617,175,2022-11-02T16:15:28.771539780Z,1.0,0.0,6.12345
12689717,7.23302752293578,0.6666,0.13,0.07,0.2,0.6666,4360000,cosmosvaloper1svwt2mr4x2mx0hcmty0mxsa4rmlfau4lwx2l69,64.11,75012,0.02,0.01,0.04,8.0,18.067617763718,117851.1429297448,0.1306651590693043,314516895802396,175,2022-11-02T16:15:35.291542645Z,1.0,8585.0,6.52
12689718,7.23302752293578,0.6666,0.13,0.07,0.2,0.6666,4360000,cosmosvaloper1svwt2mr4x2mx0hcmty0mxsa4rmlfau4lwx2l69,64.11,75012,0.02,0.01,0.04,8.0,18.107655646524,118112.30133539675,0.1306651689608787,314516905228176,175,2022-11-02T16:15:41.583894081Z,1.0,1745.0,6.292
12689719,7.23302752293578,0.6666,0.13,0.07,0.2,0.6666,4360000,cosmosvaloper1svwt2mr4x2mx0hcmty0mxsa4rmlfau4lwx2l69,64.11,75012,0.02,0.01,0.04,8.0,18.14765893474,118373.23408806587,0.1306651788524595,314516914653957,175,2022-11-02T16:15:48.104281558Z,1.0,9051.0,6.521
12689720,7.23302752293578,0.6666,0.13,0.07,0.2,0.6666,4360000,cosmosvaloper1svwt2mr4x2mx0hcmty0mxsa4rmlfau4lwx2l69,64.11,75012,0.02,0.01,0.04,8.0,18.227750524565,118895.65411727961,0.1306651986356226,314516933505522,175,2022-11-02T16:15:54.702569317Z,1.0,14471.0,6.598
12689721,7.23302752293578,0.6666,0.13,0.07,0.2,0.6666,4360000,cosmosvaloper1svwt2mr4x2mx0hcmty0mxsa4rmlfau4lwx2l69,64.11,75012,0.02,0.01,0.04,8.0,18.227750524565,118895.65411727961,0.1306651986356226,314516933505522,175,2022-11-02T16:16:01.648245320Z,1.0,0.0,6.946
12689722,7.23302752293578,0.6666,0.13,0.07,0.2,0.6666,4360000,cosmosvaloper1svwt2mr4x2mx0hcmty0mxsa4rmlfau4lwx2l69,64.11,75012,0.02,0.01,0.04,8.0,18.267746419265,119156.5386436504,0.130665208527214,314516942931306,175,2022-11-02T16:16:08.090824803Z,1.0,10051.0,6.442
12689723,7.23302752293578,0.6666,0.13,0.07,0.2,0.6666,4360000,cosmosvaloper1svwt2mr4x2mx0hcmty0mxsa4rmlfau4lwx2l69,64.11,75012,0.02,0.01,0.04,8.0,18.307784967052,119417.70138682914,0.130665218418812,314516952357091,175,2022-11-02T16:16:19.297529562Z,1.0,0.0,11.207
12689725,7.23302752293578,0.6666,0.13,0.07,0.2,0.6666,4360000,cosmosvaloper1svwt2mr4x2mx0hcmty0mxsa4rmlfau4lwx2l69,64.11,75012,0.02,0.01,0.04,8.0,18.387990397538,119940.8639739236,0.1306652382020276,314516971208664,175,2022-11-02T16:16:32.134075323Z,1.0,0.0,6.12345
12689727,7.23302752293578,0.6666,0.13,0.07,0.2,0.6666,4360000,cosmosvaloper1svwt2mr4x2mx0hcmty0mxsa4rmlfau4lwx2l69,64.11,75012,0.02,0.01,0.04,8.0,18.468122158216,120463.54602888104,0.1306652579852688,314516990060241,175,2022-11-02T16:16:41.008987745Z,1.0,0.0,6.12345
12689728,7.23302752293578,0.6666,0.13,0.07,0.2,0.6666,4360000,cosmosvaloper1svwt2mr4x2mx0hcmty0mxsa4rmlfau4lwx2l69,64.11,75012,0.02,0.01,0.04,8.0,18.508184803384,120724.86595403876,0.1306652678765599,314516999486031,175,2022-11-02T16:16:47.675463592Z,1.0,21231.0,6.667
12689730,7.23302752293578,0.6666,0.13,0.07,0.2,0.6666,4360000,cosmosvaloper1svwt2mr4x2mx0hcmty0mxsa4rmlfau4lwx2l69,64.11,75012,0.02,0.01,0.04,8.0,18.588284173279,121247.33673095994,0.1306652876591398,314517018337614,175,2022-11-02T16:17:00.411214684Z,1.0,3721.0,6.12345
12689731,7.23302752293578,0.6666,0.13,0.07,0.2,0.6666,4360000,cosmosvaloper1svwt2mr4x2mx0hcmty0mxsa4rmlfau4lwx2l69,64.11,75012,0.02,0.01,0.04,8.0,18.628295831383,121508.3240785865,0.1306652975504395,314517027763407,175,2022-11-02T16:17:07.040147772Z,1.0,10824.0,6.629
12689732,7.23302752293578,0.6666,0.13,0.07,0.2,0.6666,4360000,cosmosvaloper1svwt2mr4x2mx0hcmty0mxsa4rmlfau4lwx2l69,64.11,75012,0.02,0.01,0.04,8.0,18.668337633443,121769.508048681,0.1306653074417457,314517037189201,175,2022-11-02T16:17:13.435555237Z,1.0,8485.0,6.395
12689733,7.23302752293578,0.6666,0.13,0.07,0.2,0.6666,4360000,cosmosvaloper1svwt2mr4x2mx0hcmty0mxsa4rmlfau4lwx2l69,64.11,75012,0.02,0.01,0.04,8.0,18.748419018349,122291.86151342644,0.1306653272243741,314517056040792,175,2022-11-02T16:17:19.802113916Z,1.0,12637.0,6.367
12689735,7.23302752293578,0.6666,0.13,0.07,0.2,0.6666,4360000,cosmosvaloper1svwt2mr4x2mx0hcmty0mxsa4rmlfau4lwx2l69,64.11,75012,0.02,0.01,0.04,8.0,18.788469502071,122553.10211212024,0.1306653371156857,314517065466589,175,2022-11-02T16:17:32.483236124Z,1.0,6717.0,6.12345
12689736,7.23302752293578,0.6666,0.13,0.07,0.2,0.6666,4360000,cosmosvaloper1svwt2mr4x2mx0hcmty0mxsa4rmlfau4lwx2l69,64.11,75012,0.02,0.01,0.04,8.0,18.828493893534,122814.17251667708,0.1306653470070038,314517074892387,175,2022-11-02T16:17:39.140697285Z,1.0,3881.0,6.657
12689737,7.23302752293578,0.6666,0.13,0.07,0.2,0.6666,4360000,cosmosvaloper1svwt2mr4x2mx0hcmty0mxsa4rmlfau4lwx2l69,64.11,75012,0.02,0.01,0.04,8.0,18.868506253237,123075.16444068289,0.1306653568983285,314517084318186,175,2022-11-02T16:17:45.667816492Z,1.0,2275.0,6.527
12689738,7.23302752293578,0.6666,0.13,0.07,0.2,0.6666,4360000,cosmosvaloper1svwt2mr4x2mx0hcmty0mxsa4rmlfau4lwx2l69,64.11,75012,0.02,0.01,0.04,8.0,18.908511802546,123336.11194196358,0.1306653667896598,314517093743986,175,2022-11-02T16:17:52.400597665Z,1.0,0.0,6.733
12689740,7.23302752293578,0.6666,0.13,0.07,0.2,0.6666,4360000,cosmosvaloper1svwt2mr4x2mx0hcmty0mxsa4rmlfau4lwx2l69,64.11,75012,0.02,0.01,0.04,8.0,18.98867797449,123859.01845412725,0.1306653865719512,314517112595589,175,2022-11-02T16:18:05.753880802Z,1.0,0.0,6.12345
12689741,7.23302752293578,0.6666,0.13,0.07,0.2,0.6666,4360000,cosmosvaloper1svwt2mr4x2mx0hcmty0mxsa4rmlfau4lwx2l69,64.11,75012,0.02,0.01,0.04,8.0,19.028742634973,124120.35152475328,0.130665396463106,314517122021392,175,2022-11-02T16:18:12.171218279Z,1.0,15929.0,6.418
12689742,7.23302752293578,0.6666,0.13,0.07,0.2,0.6666,4360000,cosmosvaloper1svwt2mr4x2mx0hcmty0mxsa4rmlfau4lwx2l69,64.11,75012,0.02,0.01,0.04,8.0,19.068821095752,124381.77461170612,0.1306654063542554,314517131447196,175,2022-11-02T16:18:18.612601058Z,1.0,11728.0,6.441
12689743,7.23302752293578,0.6666,0.13,0.07,0.2,0.6666,4360000,cosmosvaloper1svwt2mr4x2mx0hcmty0mxsa4rmlfau4lwx2l69,64.11,75012,0.02,0.01,0.04,8.0,19.108881728284,124643.081408876,0.1306654162453988,314517140873001,175,2022-11-02T16:18:30.186754718Z,1.0,12305.0,11.574
12689744,7.23302752293578,0.6666,0.13,0.07,0.2,0.6666,4360000,cosmosvaloper1svwt2mr4x2mx0hcmty0mxsa4rmlfau4lwx2l69,64.11,75012,0.02,0.01,0.04,8.0,19.148929824781,124904.30643621505,0.1306654261364181,314517150298807,175,2022-11-02T16:18:36.688375289Z,1.0,11910.0,6.502
12689745,7.23302752293578,0.6666,0.13,0.07,0.2,0.6666,4360000,cosmosvaloper1svwt2mr4x2mx0hcmty0mxsa4rmlfau4lwx2l69,64.11,75012,0.02,0.01,0.04,8.0,19.188976247259,125165.5205442965,0.130665436027444,314517159724614,175,2022-11-02T16:18:43.322327698Z,1.0,8176.0,6.634
12689746,7.23302752293578,0.6666,0.13,0.07,0.2,0.6666,4360000,cosmosvaloper1svwt2mr4x2mx0hcmty0mxsa4rmlfau4lwx2l69,64.11,75012,0.02,0.01,0.04,8.0,19.229006805927,125426.63117619562,0.1306654459184765,314517169150422,175,2022-11-02T16:18:49.507349985Z,1.0,11428.0,6.185
12689747,7.23302752293578,0.6666,0.13,0.07,0.2,0.6666,4360000,cosmosvaloper1svwt2mr4x2mx0hcmty0mxsa4rmlfau4lwx2l69,64.11,75012,0.02,0.01,0.04,8.0,19.309095873419,125949.03475278076,0.1306654657005613,314517188002041,175,2022-11-02T16:18:55.935070226Z,1.0,11508.0,6.428
12689749,7.23302752293578,0.6666,0.13,0.07,0.2,0.6666,4360000,cosmosvaloper1svwt2mr4x2mx0hcmty0mxsa4rmlfau4lwx2l69,64.11,75012,0.02,0.01,0.04,8.0,19.34909175217,126209.91917511448,0.1306654755916135,314517197427852,175,2022-11-02T16:19:08.715906694Z,1.0,0.0,6.12345
12689750,7.23302752293578,0.6666,0.13,0.07,0.2,0.6666,4360000,cosmosvaloper1svwt2mr4x2mx0hcmty0mxsa4rmlfau4lwx2l69,64.11,75012,0.02,0.01,0.04,8.0,19.389169873202,126471.34004597343,0.1306654854826719,314517206853664,175,2022-11-02T16:19:14.954095864Z,1.0,11774.0,6.239
12689751,7.23302752293578,0.6666,0.13,0.07,0.2,0.6666,4360000,cosmosvaloper1svwt2mr4x2mx0hcmty0mxsa4rmlfau4lwx2l69,64.11,75012,0.02,0.01,0.04,8.0,19.429225130615,126732.61178241452,0.1306654953737352,314517216279477,175,2022-11-02T16:19:26.112132553Z,1.0,6750.0,11.158
12689752,7.23302752293578,0.6666,0.13,0.07,0.2,0.6666,4360000,cosmosvaloper1svwt2mr4x2mx0hcmty0mxsa4rmlfau4lwx2l69,64.11,75012,0.02,0.01,0.04,8.0,19.469249663898,126993.68311202772,0.1306655052648051,314517225705291,175,2022-11-02T16:19:37.492490305Z,1.0,20529.0,11.38
12689753,7.23302752293578,0.6666,0.13,0.07,0.2,0.6666,4360000,cosmosvaloper1svwt2mr4x2mx0hcmty0mxsa4rmlfau4lwx2l69,64.11,75012,0.02,0.01,0.04,8.0,19.50933266849,127255.13583728712,0.1306655151558731,314517235131106,175,2022-11-02T16:19:44.161749895Z,1.0,26629.0,6.669
12689754,7.23302752293578,0.6666,0.13,0.07,0.2,0.6666,4360000,cosmosvaloper1svwt2mr4x2mx0hcmty0mxsa4rmlfau4lwx2l69,64.11,75012,0.02,0.01,0.04,8.0,19.549441561028,127516.757423986,0.1306655250469361,314517244556922,175,2022-11-02T16:19:50.813914158Z,1.0,0.0,6.652
12689755,7.23302752293578,0.6666,0.13,0.07,0.2,0.6666,4360000,cosmosvaloper1svwt2mr4x2mx0hcmty0mxsa4rmlfau4lwx2l69,64.11,75012,0.02,0.01,0.04,8.0,19.589518160996,127778.16837327616,0.1306655349378815,314517253982739,175,2022-11-02T16:19:57.085211788Z,1.0,3250.0,6.272
12689756,7.23302752293578,0.6666,0.13,0.07,0.2,0.6666,4360000,cosmosvaloper1svwt2mr4x2mx0hcmty0mxsa4rmlfau4lwx2l69,64.11,75012,0.02,0.01,0.04,8.0,19.669725442627,128301.343034987,0.1306655547197922,314517272834376,175,2022-11-02T16:20:03.404081921Z,1.0,43094.0,6.319
12689758,7.23302752293578,0.6666,0.13,0.07,0.2,0.6666,4360000,cosmosvaloper1svwt2mr4x2mx0hcmty0mxsa4rmlfau4lwx2l69,64.11,75012,0.02,0.01,0.04,8.0,19.749850718719,128823.9827924005,0.1306655745017051,314517291686017,175,2022-11-02T16:20:16.173640542Z,1.0,0.0,6.12345
12689760,7.23302752293578,0.6666,0.13,0.07,0.2,0.6666,4360000,cosmosvaloper1svwt2mr4x2mx0hcmty0mxsa4rmlfau4lwx2l69,64.11,75012,0.02,0.01,0.04,8.0,19.789935120212,129085.44462933647,0.1306655843926625,314517301111839,175,2022-11-02T16:20:29.215432916Z,1.0,0.0,6.12345
12689762,7.23302752293578,0.6666,0.13,0.07,0.2,0.6666,4360000,cosmosvaloper1svwt2mr4x2mx0hcmty0mxsa4rmlfau4lwx2l69,64.11,75012,0.02,0.01,0.04,8.0,19.870136674873,129608.58193527353,0.1306656041746057,314517319963486,175,2022-11-02T16:20:44.541264954Z,1.0,5573.0,6.12345
12689763,7.23302752293578,0.6666,0.13,0.07,0.2,0.6666,4360000,cosmosvaloper1svwt2mr4x2mx0hcmty0mxsa4rmlfau4lwx2l69,64.11,75012,0.02,0.01,0.04,8.0,19.950204037293,130130.84393439056,0.1306656239565735,314517338815137,175,2022-11-02T16:20:50.901935476Z,1.0,12230.0,6.36
12689765,7.23302752293578,0.6666,0.13,0.07,0.2,0.6666,4360000,cosmosvaloper1svwt2mr4x2mx0hcmty0mxsa4rmlfau4lwx2l69,64.11,75012,0.02,0.01,0.04,8.0,19.990300161827,130392.38223817704,0.1306656338475658,314517348240964,175,2022-11-02T16:21:03.415176815Z,1.0,0.0,6.12345
12689766,7.23302752293578,0.6666,0.13,0.07,0.2,0.6666,4360000,cosmosvaloper1svwt2mr4x2mx0hcmty0mxsa4rmlfau4lwx2l69,64.11,75012,0.02,0.01,0.04,8.0,20.070568204671,130915.9532320692,0.1306656536294355,314517367092621,175,2022-11-02T16:21:09.887870326Z,1.0,5860.0,6.472
12689768,7.23302752293578,0.6666,0.13,0.07,0.2,0.6666,4360000,cosmosvaloper1svwt2mr4x2mx0hcmty0mxsa4rmlfau4lwx2l69,64.11,75012,0.02,0.01,0.04,8.0,20.150740000168,131438.8964254484,0.1306656734113317,314517385944282,175,2022-11-02T16:21:23.728806217Z,1.0,0.0,6.12345
12689771,7.23302752293578,0.6666,0.13,0.07,0.2,0.6666,4360000,cosmosvaloper1svwt2mr4x2mx0hcmty0mxsa4rmlfau4lwx2l69,64.11,75012,0.02,0.01,0.04,8.0,20.230785366692,131961.01495011532,0.1306656931932217,314517404795947,175,2022-11-02T16:21:42.969430877Z,1.0,0.0,6.12345
12689773,7.23302752293578,0.6666,0.13,0.07,0.2,0.6666,4360000,cosmosvaloper1svwt2mr4x2mx0hcmty0mxsa4rmlfau4lwx2l69,64.11,75012,0.02,0.01,0.04,8.0,20.310862250895,132483.33905775167,0.1306657129748353,314517423647616,175,2022-11-02T16:21:56.022855372Z,1.0,0.0,6.12345
12689774,7.23302752293578,0.6666,0.13,0.07,0.2,0.6666,4360000,cosmosvaloper1svwt2mr4x2mx0hcmty0mxsa4rmlfau4lwx2l69,64.11,75012,0.02,0.01,0.04,8.0,20.351439393916,132748.01494056245,0.1306657228656462,314517433073452,175,2022-11-02T16:22:02.430336401Z,1.0,0.0,6.408
12689775,7.23302752293578,0.6666,0.13,0.07,0.2,0.6666,4360000,cosmosvaloper1svwt2mr4x2mx0hcmty0mxsa4rmlfau4lwx2l69,64.11,75012,0.02,0.01,0.04,8.0,20.431459630465,133269.96954787007,0.1306657426472877,314517451925127,175,2022-11-02T16:22:11.564341792Z,1.0,5381.0,9.134
12689777,7.23302752293578,0.6666,0.13,0.07,0.2,0.6666,4360000,cosmosvaloper1svwt2mr4x2mx0hcmty0mxsa4rmlfau4lwx2l69,64.11,75012,0.02,0.01,0.04,8.0,20.471455553644,133530.8542599953,0.1306657525381184,314517461350966,175,2022-11-02T16:22:24.684711174Z,1.0,6251.0,6.12345
12689779,7.23302752293578,0.6666,0.13,0.07,0.2,0.6666,4360000,cosmosvaloper1svwt2mr4x2mx0hcmty0mxsa4rmlfau4lwx2l69,64.11,75012,0.02,0.01,0.04,8.0,20.551623194186,134053.77035150485,0.1306657723197994,314517480202647,175,2022-11-02T16:22:37.889579989Z,1.0,4189.0,6.12345
12689780,7.23302752293578,0.6666,0.13,0.07,0.2,0.6666,4360000,cosmosvaloper1svwt2mr4x2mx0hcmty0mxsa4rmlfau4lwx2l69,64.11,75012,0.02,0.01,0.04,8.0,20.591636904951,134314.7710881908,0.1306657822106497,314517489628489,175,2022-11-02T16:22:40.253898594Z,1.0,9151.0,2.364
12689781,7.23302752293578,0.6666,0.13,0.07,0.2,0.6666,4360000,cosmosvaloper1svwt2mr4x2mx0hcmty0mxsa4rmlfau4lwx2l69,64.11,75012,0.02,0.01,0.04,8.0,20.631671674826,134575.90918887837,0.1306657921015067,314517499054332,175,2022-11-02T16:22:51.350943390Z,1.0,0.0,11.097
12689782,7.23302752293578,0.6666,0.13,0.07,0.2,0.6666,4360000,cosmosvaloper1svwt2mr4x2mx0hcmty0mxsa4rmlfau4lwx2l69,64.11,75012,0.02,0.01,0.04,8.0,20.711738600753,135098.16834084285,0.1306658118832389,314517517906021,175,2022-11-02T16:22:57.592966509Z,1.0,11779.0,6.242
12689784,7.23302752293578,0.6666,0.13,0.07,0.2,0.6666,4360000,cosmosvaloper1svwt2mr4x2mx0hcmty0mxsa4rmlfau4lwx2l69,64.11,75012,0.02,0.01,0.04,8.0,20.751774490839,135359.31374842068,0.1306658217741144,314517527331867,175,2022-11-02T16:23:10.254407519Z,1.0,0.0,6.12345
12689785,7.23302752293578,0.6666,0.13,0.07,0.2,0.6666,4360000,cosmosvaloper1svwt2mr4x2mx0hcmty0mxsa4rmlfau4lwx2l69,64.11,75012,0.02,0.01,0.04,8.0,20.791794057051,135620.3526789203,0.1306658316649955,314517536757714,175,2022-11-02T16:23:16.756990507Z,1.0,0.0,6.502
12689786,7.23302752293578,0.6666,0.13,0.07,0.2,0.6666,4360000,cosmosvaloper1svwt2mr4x2mx0hcmty0mxsa4rmlfau4lwx2l69,64.11,75012,0.02,0.01,0.04,8.0,20.871828245726,136142.3982929082,0.130665851446777,314517555609411,175,2022-11-02T16:23:23.070380707Z,1.0,9960.0,6.314
12689788,7.23302752293578,0.6666,0.13,0.07,0.2,0.6666,4360000,cosmosvaloper1svwt2mr4x2mx0hcmty0mxsa4rmlfau4lwx2l69,64.11,75012,0.02,0.01,0.04,8.0,20.911894618523,136403.74253258156,0.1306658613376774,314517565035261,175,2022-11-02T16:23:36.217412862Z,1.0,0.0,6.12345
12689790,7.23302752293578,0.6666,0.13,0.07,0.2,0.6666,4360000,cosmosvaloper1svwt2mr4x2mx0hcmty0mxsa4rmlfau4lwx2l69,64.11,75012,0.02,0.01,0.04,8.0,20.991939868881,136925.8602995222,0.1306658811194981,314517583886964,175,2022-11-02T16:23:49.307321950Z,1.0,0.0,6.12345
12689791,7.23302752293578,0.6666,0.13,0.07,0.2,0.6666,4360000,cosmosvaloper1svwt2mr4x2mx0hcmty0mxsa4rmlfau4lwx2l69,64.11,75012,0.02,0.01,0.04,8.0,21.072021708541,137448.2167305306,0.130665900901345,314517602738671,175,2022-11-02T16:23:55.660559817Z,1.0,12975.0,6.353
12689793,7.23302752293578,0.6666,0.13,0.07,0.2,0.6666,4360000,cosmosvaloper1svwt2mr4x2mx0hcmty0mxsa4rmlfau4lwx2l69,64.11,75012,0.02,0.01,0.04,8.0,21.152144147349,137709.39520897216,0.1306659107922784,314517612164526,175,2022-11-02T16:24:09.059484410Z,1.0,20146.0,6.12345
12689795,7.23302752293578,0.6666,0.13,0.07,0.2,0.6666,4360000,cosmosvaloper1svwt2mr4x2mx0hcmty0mxsa4rmlfau4lwx2l69,64.11,75012,0.02,0.01,0.04,8.0,21.192222596355,138232.2609911158,0.1306659305741644,314517631016239,175,2022-11-02T16:24:21.821643532Z,1.0,11649.0,6.12345
12689796,7.23302752293578,0.6666,0.13,0.07,0.2,0.6666,4360000,cosmosvaloper1svwt2mr4x2mx0hcmty0mxsa4rmlfau4lwx2l69,64.11,75012,0.02,0.01,0.04,8.0,21.272315828669,138754.6917339276,0.1306659503560763,314517649867956,175,2022-11-02T16:24:28.069853634Z,1.0,12206.0,6.248
12689797,7.23302752293578,0.6666,0.13,0.07,0.2,0.6666,4360000,cosmosvaloper1svwt2mr4x2mx0hcmty0mxsa4rmlfau4lwx2l69,64.11,75012,0.02,0.01,0.04,8.0,21.312381110561,139016.02885786194,0.13066596024704,314517659293816,175,2022-11-02T16:24:34.666660385Z,1.0,16325.0,6.597
12689799,7.23302752293578,0.6666,0.13,0.07,0.2,0.6666,4360000,cosmosvaloper1svwt2mr4x2mx0hcmty0mxsa4rmlfau4lwx2l69,64.11,75012,0.02,0.01,0.04,8.0,21.352405767846,139277.10099632,0.1306659701380104,314517668719677,175,2022-11-02T16:24:47.875976411Z,1.0,15021.0,6.12345
12689800,7.23302752293578,0.6666,0.13,0.07,0.2,0.6666,4360000,cosmosvaloper1svwt2mr4x2mx0hcmty0mxsa4rmlfau4lwx2l69,64.11,75012,0.02,0.01,0.04,8.0,21.392465524864,139538.40208270506,0.1306659800289863,314517678145539,175,2022-11-02T16:24:54.097064035Z,1.0,0.0,6.222
12689801,7.23302752293578,0.6666,0.13,0.07,0.2,0.6666,4360000,cosmosvaloper1svwt2mr4x2mx0hcmty0mxsa4rmlfau4lwx2l69,64.11,75012,0.02,0.01,0.04,8.0,21.472674756123,140061.58946142218,0.1306659998109178,314517696997266,175,2022-11-02T16:25:06.388449905Z,1.0,4261.0,12.291
12689803,7.23302752293578,0.6666,0.13,0.07,0.2,0.6666,4360000,cosmosvaloper1svwt2mr4x2mx0hcmty0mxsa4rmlfau4lwx2l69,64.11,75012,0.02,0.01,0.04,8.0,21.512708744724,140322.72246602504,0.1306660097018924,314517706423131,175,2022-11-02T16:25:19.366241996Z,1.0,4204.0,6.12345
12689804,7.23302752293578,0.6666,0.13,0.07,0.2,0.6666,4360000,cosmosvaloper1svwt2mr4x2mx0hcmty0mxsa4rmlfau4lwx2l69,64.11,75012,0.02,0.01,0.04,8.0,21.592750850409,140844.8197209501,0.1306660294838548,314517725274864,175,2022-11-02T16:25:26.353455787Z,1.0,7588.0,6.987
12689806,7.23302752293578,0.6666,0.13,0.07,0.2,0.6666,4360000,cosmosvaloper1svwt2mr4x2mx0hcmty0mxsa4rmlfau4lwx2l69,64.11,75012,0.02,0.01,0.04,8.0,21.632746890888,141105.70519820528,0.130666039374846,314517734700732,175,2022-11-02T16:25:39.280335157Z,1.0,18551.0,6.12345
12689807,7.23302752293578,0.6666,0.13,0.07,0.2,0.6666,4360000,cosmosvaloper1svwt2mr4x2mx0hcmty0mxsa4rmlfau4lwx2l69,64.11,75012,0.02,0.01,0.04,8.0,21.712913983513,141628.61771576863,0.1306660591566182,314517753552471,175,2022-11-02T16:25:45.573428754Z,1.0,22691.0,6.293
12689809,7.23302752293578,0.6666,0.13,0.07,0.2,0.6666,4360000,cosmosvaloper1svwt2mr4x2mx0hcmty0mxsa4rmlfau4lwx2l69,64.11,75012,0.02,0.01,0.04,8.0,21.75292628539,141889.60926258116,0.1306660690475083,314517762978342,175,2022-11-02T16:25:58.572557849Z,1.0,4556.0,6.12345
12689810,7.23302752293578,0.6666,0.13,0.07,0.2,0.6666,4360000,cosmosvaloper1svwt2mr4x2mx0hcmty0mxsa4rmlfau4lwx2l69,64.11,75012,0.02,0.01,0.04,8.0,21.79294165293,142150.62080605738,0.1306660789384049,314517772404214,175,2022-11-02T16:26:04.988045349Z,1.0,0.0,6.416
12689811,7.23302752293578,0.6666,0.13,0.07,0.2,0.6666,4360000,cosmosvaloper1svwt2mr4x2mx0hcmty0mxsa4rmlfau4lwx2l69,64.11,75012,0.02,0.01,0.04,8.0,21.832952340201,142411.6018211458,0.130666088829308,314517781830087,175,2022-11-02T16:26:11.495034676Z,1.0,0.0,6.507
12689812,7.23302752293578,0.6666,0.13,0.07,0.2,0.6666,4360000,cosmosvaloper1svwt2mr4x2mx0hcmty0mxsa4rmlfau4lwx2l69,64.11,75012,0.02,0.01,0.04,8.0,21.913042034811,142934.0094882871,0.1306661086111341,314517800681836,175,2022-11-02T16:26:17.926394116Z,1.0,0.0,6.431
12689814,7.23302752293578,0.6666,0.13,0.07,0.2,0.6666,4360000,cosmosvaloper1svwt2mr4x2mx0hcmty0mxsa4rmlfau4lwx2l69,64.11,75012,0.02,0.01,0.04,8.0,21.953038087219,143194.8950433488,0.130666118502057,314517810107712,175,2022-11-02T16:26:30.886628073Z,1.0,21479.0,6.12345
12689815,7.23302752293578,0.6666,0.13,0.07,0.2,0.6666,4360000,cosmosvaloper1svwt2mr4x2mx0hcmty0mxsa4rmlfau4lwx2l69,64.11,75012,0.02,0.01,0.04,8.0,21.993126352285,143456.3820815338,0.1306661283929865,314517819533589,175,2022-11-02T16:26:38.141691048Z,1.0,8627.0,7.255
12689816,7.23302752293578,0.6666,0.13,0.07,0.2,0.6666,4360000,cosmosvaloper1svwt2mr4x2mx0hcmty0mxsa4rmlfau4lwx2l69,64.11,75012,0.02,0.01,0.04,8.0,22.03315901943,143717.50646656667,0.1306661382839222,314517828959467,175,2022-11-02T16:26:44.526301031Z,1.0,8188.0,6.385
12689817,7.23302752293578,0.6666,0.13,0.07,0.2,0.6666,4360000,cosmosvaloper1svwt2mr4x2mx0hcmty0mxsa4rmlfau4lwx2l69,64.11,75012,0.02,0.01,0.04,8.0,22.073189828045,143978.61872881275,0.1306661481748644,314517838385346,175,2022-11-02T16:26:50.708973190Z,1.0,18213.0,6.182
12689818,7.23302752293578,0.6666,0.13,0.07,0.2,0.6666,4360000,cosmosvaloper1svwt2mr4x2mx0hcmty0mxsa4rmlfau4lwx2l69,64.11,75012,0.02,0.01,0.04,8.0,22.113263178975,144240.00848533455,0.1306661580660198,314517847811226,175,2022-11-02T16:26:57.017715643Z,1.0,10708.0,6.309
12689819,7.23302752293578,0.6666,0.13,0.07,0.2,0.6666,4360000,cosmosvaloper1svwt2mr4x2mx0hcmty0mxsa4rmlfau4lwx2l69,64.11,75012,0.02,0.01,0.04,8.0,22.15330468879,144501.19054918108,0.1306661679571817,314517857237107,175,2022-11-02T16:27:09.480451090Z,1.0,6250.0,12.463
12689820,7.23302752293578,0.6666,0.13,0.07,0.2,0.6666,4360000,cosmosvaloper1svwt2mr4x2mx0hcmty0mxsa4rmlfau4lwx2l69,64.11,75012,0.02,0.01,0.04,8.0,22.19332732429,144762.24949997492,0.1306661778483502,314517866662989,175,2022-11-02T16:27:16.164411065Z,1.0,0.0,6.684
12689821,7.23302752293578,0.6666,0.13,0.07,0.2,0.6666,4360000,cosmosvaloper1svwt2mr4x2mx0hcmty0mxsa4rmlfau4lwx2l69,64.11,75012,0.02,0.01,0.04,8.0,22.233331272636,145023.18655852415,0.1306661877395253,314517876088872,175,2022-11-02T16:27:22.487591447Z,1.0,0.0,6.323
12689822,7.23302752293578,0.6666,0.13,0.07,0.2,0.6666,4360000,cosmosvaloper1svwt2mr4x2mx0hcmty0mxsa4rmlfau4lwx2l69,64.11,75012,0.02,0.01,0.04,8.0,22.273438551949,145284.79762250965,0.1306661976307069,314517885514756,175,2022-11-02T16:27:29.265815357Z,1.0,0.0,6.778
12689823,7.23302752293578,0.6666,0.13,0.07,0.2,0.6666,4360000,cosmosvaloper1svwt2mr4x2mx0hcmty0mxsa4rmlfau4lwx2l69,64.11,75012,0.02,0.01,0.04,8.0,22.313470391,145545.91660606433,0.1306662075218952,314517894940641,175,2022-11-02T16:27:35.993187850Z,1.0,6950.0,6.728
12689824,7.23302752293578,0.6666,0.13,0.07,0.2,0.6666,4360000,cosmosvaloper1svwt2mr4x2mx0hcmty0mxsa4rmlfau4lwx2l69,64.11,75012,0.02,0.01,0.04,8.0,22.353496013729,145806.99504190363,0.13066621741309,314517904366527,175,2022-11-02T16:27:42.291458369Z,1.0,15303.0,6.298
12689825,7.23302752293578,0.6666,0.13,0.07,0.2,0.6666,4360000,cosmosvaloper1svwt2mr4x2mx0hcmty0mxsa4rmlfau4lwx2l69,64.11,75012,0.02,0.01,0.04,8.0,22.393557084343,146068.30469659212,0.1306662273042914,314517913792414,175,2022-11-02T16:27:48.833811181Z,1.0,7024.0,6.542
12689826,7.23302752293578,0.6666,0.13,0.07,0.2,0.6666,4360000,cosmosvaloper1svwt2mr4x2mx0hcmty0mxsa4rmlfau4lwx2l69,64.11,75012,0.02,0.01,0.04,8.0,22.433583029557,146329.38523593068,0.1306662371954993,314517923218302,175,2022-11-02T16:27:55.150836561Z,1.0,14647.0,6.317
12689828,7.23302752293578,0.6666,0.13,0.07,0.2,0.6666,4360000,cosmosvaloper1svwt2mr4x2mx0hcmty0mxsa4rmlfau4lwx2l69,64.11,75012,0.02,0.01,0.04,8.0,22.513688393082,146851.89510799263,0.1306662569779328,314517942070081,175,2022-11-02T16:28:08.396016003Z,1.0,24368.0,6.12345
12689829,7.23302752293578,0.6666,0.13,0.07,0.2,0.6666,4360000,cosmosvaloper1svwt2mr4x2mx0hcmty0mxsa4rmlfau4lwx2l69,64.11,75012,0.02,0.01,0.04,8.0,22.553787945287,147113.4557697324,0.1306662668691594,314517951495972,175,2022-11-02T16:28:14.651065574Z,1.0,23581.0,6.255
12689830,7.23302752293578,0.6666,0.13,0.07,0.2,0.6666,4360000,cosmosvaloper1svwt2mr4x2mx0hcmty0mxsa4rmlfau4lwx2l69,64.11,75012,0.02,0.01,0.04,8.0,22.593884162319,147374.99467686185,0.1306662767603817,314517960921864,175,2022-11-02T16:28:21.390038905Z,1.0,11419.0,6.739
12689831,7.23302752293578,0.6666,0.13,0.07,0.2,0.6666,4360000,cosmosvaloper1svwt2mr4x2mx0hcmty0mxsa4rmlfau4lwx2l69,64.11,75012,0.02,0.01,0.04,8.0,22.674022557319,147897.72000605395,0.1306662965428454,314517979773651,175,2022-11-02T16:28:27.716841583Z,1.0,0.0,6.326
12689832,7.23302752293578,0.6666,0.13,0.07,0.2,0.6666,4360000,cosmosvaloper1svwt2mr4x2mx0hcmty0mxsa4rmlfau4lwx2l69,64.11,75012,0.02,0.01,0.04,8.0,22.714058754611,148158.86741747006,0.1306663064340871,314517979773651,175,2022-11-02T16:28:34.087972707Z,1.0,8120.0,6.371
12689833,7.23302752293578,0.6666,0.13,0.07,0.2,0.6666,4360000,cosmosvaloper1svwt2mr4x2mx0hcmty0mxsa4rmlfau4lwx2l69,64.11,75012,0.02,0.01,0.04,8.0,22.754088397732,148419.97207745045,0.1306663163253353,314517998625442,175,2022-11-02T16:28:36.444833685Z,1.0,7888.0,2.357
12689835,7.23302752293578,0.6666,0.13,0.07,0.2,0.6666,4360000,cosmosvaloper1svwt2mr4x2mx0hcmty0mxsa4rmlfau4lwx2l69,64.11,75012,0.02,0.01,0.04,8.0,22.794104534674,148680.98863956673,0.1306663262165902,314518008051339,175,2022-11-02T16:28:49.203425769Z,1.0,0.0,6.12345
12689836,7.23302752293578,0.6666,0.13,0.07,0.2,0.6666,4360000,cosmosvaloper1svwt2mr4x2mx0hcmty0mxsa4rmlfau4lwx2l69,64.11,75012,0.02,0.01,0.04,8.0,22.834127176477,148942.04763147433,0.1306663361078494,314518017477237,175,2022-11-02T16:28:55.494295405Z,1.0,5051.0,6.291
12689837,7.23302752293578,0.6666,0.13,0.07,0.2,0.6666,4360000,cosmosvaloper1svwt2mr4x2mx0hcmty0mxsa4rmlfau4lwx2l69,64.11,75012,0.02,0.01,0.04,8.0,22.874144794305,149203.07385307996,0.1306663459991153,314518026903136,175,2022-11-02T16:29:01.826782090Z,1.0,21319.0,6.332
12689838,7.23302752293578,0.6666,0.13,0.07,0.2,0.6666,4360000,cosmosvaloper1svwt2mr4x2mx0hcmty0mxsa4rmlfau4lwx2l69,64.11,75012,0.02,0.01,0.04,8.0,22.914231444726,149464.55035929003,0.1306663558904209,314518036329036,175,2022-11-02T16:29:13.290751341Z,1.0,8531.0,11.464
12689839,7.23302752293578,0.6666,0.13,0.07,0.2,0.6666,4360000,cosmosvaloper1svwt2mr4x2mx0hcmty0mxsa4rmlfau4lwx2l69,64.11,75012,0.02,0.01,0.04,8.0,22.954263837058,149725.6729517781,0.1306663657816197,314518045754937,175,2022-11-02T16:29:19.784948174Z,1.0,19446.0,6.494
12689840,7.23302752293578,0.6666,0.13,0.07,0.2,0.6666,4360000,cosmosvaloper1svwt2mr4x2mx0hcmty0mxsa4rmlfau4lwx2l69,64.11,75012,0.02,0.01,0.04,8.0,22.994342554572,149987.09771335332,0.1306663756728191,314518055180839,175,2022-11-02T16:29:26.511750998Z,1.0,3655.0,6.727
12689841,7.23302752293578,0.6666,0.13,0.07,0.2,0.6666,4360000,cosmosvaloper1svwt2mr4x2mx0hcmty0mxsa4rmlfau4lwx2l69,64.11,75012,0.02,0.01,0.04,8.0,23.03435425095,150248.0853106373,0.130666385564025,314518064606742,175,2022-11-02T16:29:33.175538669Z,1.0,5376.0,6.664
12689842,7.23302752293578,0.6666,0.13,0.07,0.2,0.6666,4360000,cosmosvaloper1svwt2mr4x2mx0hcmty0mxsa4rmlfau4lwx2l69,64.11,75012,0.02,0.01,0.04,8.0,23.074373253164,150509.12056229223,0.1306663954552376,314518074032646,175,2022-11-02T16:29:39.407010887Z,1.0,6816.0,6.232
12689843,7.23302752293578,0.6666,0.13,0.07,0.2,0.6666,4360000,cosmosvaloper1svwt2mr4x2mx0hcmty0mxsa4rmlfau4lwx2l69,64.11,75012,0.02,0.01,0.04,8.0,23.114398369859,150770.19569738157,0.1306664053464306,314518083458551,175,2022-11-02T16:29:45.945315Z,1.0,1845.0,5.593
12689844,7.23302752293578,0.6666,0.13,0.07,0.2,0.6666,4360000,cosmosvaloper1svwt2mr4x2mx0hcmty0mxsa4rmlfau4lwx2l69,64.11,75012,0.02,0.01,0.04,8.0,23.194398596371,151292.01978356505,0.1306664251288365,314518102310364,175,2022-11-02T16:29:52.347559615Z,1.0,0.0,7.347
12689846,7.23302752293578,0.6666,0.13,0.07,0.2,0.6666,4360000,cosmosvaloper1svwt2mr4x2mx0hcmty0mxsa4rmlfau4lwx2l69,64.11,75012,0.02,0.01,0.04,8.0,23.234439785865,151553.1997580277,0.1306664350200493,314518111736272,175,2022-11-02T16:30:05.650507593Z,1.0,0.0,6.12345
12689847,7.23302752293578,0.6666,0.13,0.07,0.2,0.6666,4360000,cosmosvaloper1svwt2mr4x2mx0hcmty0mxsa4rmlfau4lwx2l69,64.11,75012,0.02,0.01,0.04,8.0,23.27446309867,151814.26312673796,0.1306664449112687,314518121162181,175,2022-11-02T16:30:11.962616133Z,1.0,7224.0,6.312
12689848,7.23302752293578,0.6666,0.13,0.07,0.2,0.6666,4360000,cosmosvaloper1svwt2mr4x2mx0hcmty0mxsa4rmlfau4lwx2l69,64.11,75012,0.02,0.01,0.04,8.0,23.314489963051,152075.34966160412,0.1306664548024935,314518130588091,175,2022-11-02T16:30:18.628215758Z,1.0,10909.0,6.666
12689849,7.23302752293578,0.6666,0.13,0.07,0.2,0.6666,4360000,cosmosvaloper1svwt2mr4x2mx0hcmty0mxsa4rmlfau4lwx2l69,64.11,75012,0.02,0.01,0.04,8.0,23.354532467944,152336.53821612455,0.1306664646937248,314518140014002,175,2022-11-02T16:30:25.058312188Z,1.0,10866.0,6.43
12689850,7.23302752293578,0.6666,0.13,0.07,0.2,0.6666,4360000,cosmosvaloper1svwt2mr4x2mx0hcmty0mxsa4rmlfau4lwx2l69,64.11,75012,0.02,0.01,0.04,8.0,23.394574794422,152597.72560689022,0.1306664745849624,314518149439914,175,2022-11-02T16:30:31.840701231Z,1.0,12586.0,6.782
12689851,7.23302752293578,0.6666,0.13,0.07,0.2,0.6666,4360000,cosmosvaloper1svwt2mr4x2mx0hcmty0mxsa4rmlfau4lwx2l69,64.11,75012,0.02,0.01,0.04,8.0,23.434624423483,152858.96063081492,0.1306664844762066,314518158865827,175,2022-11-02T16:30:38.165943832Z,1.0,10896.0,6.325
12689852,7.23302752293578,0.6666,0.13,0.07,0.2,0.6666,4360000,cosmosvaloper1svwt2mr4x2mx0hcmty0mxsa4rmlfau4lwx2l69,64.11,75012,0.02,0.01,0.04,8.0,23.474666885745,153120.14890726397,0.1306664943674083,314518168291741,175,2022-11-02T16:30:44.654581421Z,1.0,11569.0,6.489
12689853,7.23302752293578,0.6666,0.13,0.07,0.2,0.6666,4360000,cosmosvaloper1svwt2mr4x2mx0hcmty0mxsa4rmlfau4lwx2l69,64.11,75012,0.02,0.01,0.04,8.0,23.514712207937,153381.3558384191,0.1306665042586165,314518177717656,175,2022-11-02T16:30:51.092853328Z,1.0,3251.0,6.438
12689854,7.23302752293578,0.6666,0.13,0.07,0.2,0.6666,4360000,cosmosvaloper1svwt2mr4x2mx0hcmty0mxsa4rmlfau4lwx2l69,64.11,75012,0.02,0.01,0.04,8.0,23.554722230335,153642.33251668714,0.1306665141498314,314518187143572,175,2022-11-02T16:30:57.321516199Z,1.0,12621.0,6.229
12689855,7.23302752293578,0.6666,0.13,0.07,0.2,0.6666,4360000,cosmosvaloper1svwt2mr4x2mx0hcmty0mxsa4rmlfau4lwx2l69,64.11,75012,0.02,0.01,0.04,8.0,23.594772015943,153903.5685617382,0.1306665240410487,314518196569489,175,2022-11-02T16:31:04.151381870Z,1.0,15039.0,6.83
12689856,7.23302752293578,0.6666,0.13,0.07,0.2,0.6666,4360000,cosmosvaloper1svwt2mr4x2mx0hcmty0mxsa4rmlfau4lwx2l69,64.11,75012,0.02,0.01,0.04,8.0,23.634832065901,154164.87155890197,0.1306665339322704,314518205995407,175,2022-11-02T16:31:10.499474279Z,1.0,0.0,6.348
12689857,7.23302752293578,0.6666,0.13,0.07,0.2,0.6666,4360000,cosmosvaloper1svwt2mr4x2mx0hcmty0mxsa4rmlfau4lwx2l69,64.11,75012,0.02,0.01,0.04,8.0,23.71487240403,154686.95728444943,0.1306665537147336,314518224847246,175,2022-11-02T16:31:21.956081175Z,1.0,0.0,11.457
12689859,7.23302752293578,0.6666,0.13,0.07,0.2,0.6666,4360000,cosmosvaloper1svwt2mr4x2mx0hcmty0mxsa4rmlfau4lwx2l69,64.11,75012,0.02,0.01,0.04,8.0,23.754892914476,154948.00237397524,0.1306665636059751,314518234273167,175,2022-11-02T16:31:35.013863912Z,1.0,9467.0,6.12345
12689860,7.23302752293578,0.6666,0.13,0.07,0.2,0.6666,4360000,cosmosvaloper1svwt2mr4x2mx0hcmty0mxsa4rmlfau4lwx2l69,64.11,75012,0.02,0.01,0.04,8.0,23.794929336995,155209.15125449531,0.1306665734972231,314518243699089,175,2022-11-02T16:31:41.476757682Z,1.0,1847.0,6.463
12689861,7.23302752293578,0.6666,0.13,0.07,0.2,0.6666,4360000,cosmosvaloper1svwt2mr4x2mx0hcmty0mxsa4rmlfau4lwx2l69,64.11,75012,0.02,0.01,0.04,8.0,23.834933430424,155470.08925939264,0.1306665833884778,314518253125012,175,2022-11-02T16:31:48.003938641Z,1.0,5303.0,6.527
12689862,7.23302752293578,0.6666,0.13,0.07,0.2,0.6666,4360000,cosmosvaloper1svwt2mr4x2mx0hcmty0mxsa4rmlfau4lwx2l69,64.11,75012,0.02,0.01,0.04,8.0,23.874952192663,155731.1229457479,0.130666593279739,314518262550936,175,2022-11-02T16:31:54.534209254Z,1.0,16197.0,6.531
12689863,7.23302752293578,0.6666,0.13,0.07,0.2,0.6666,4360000,cosmosvaloper1svwt2mr4x2mx0hcmty0mxsa4rmlfau4lwx2l69,64.11,75012,0.02,0.01,0.04,8.0,23.915017184779,155992.45817953852,0.1306666031709939,314518271976861,175,2022-11-02T16:32:00.891462765Z,1.0,0.0,6.357
12689864,7.23302752293578,0.6666,0.13,0.07,0.2,0.6666,4360000,cosmosvaloper1svwt2mr4x2mx0hcmty0mxsa4rmlfau4lwx2l69,64.11,75012,0.02,0.01,0.04,8.0,23.955013453712,156253.34514694425,0.1306666130622555,314518281402786,175,2022-11-02T16:32:07.475030800Z,1.0,12962.0,6.584
12689865,7.23302752293578,0.6666,0.13,0.07,0.2,0.6666,4360000,cosmosvaloper1svwt2mr4x2mx0hcmty0mxsa4rmlfau4lwx2l69,64.11,75012,0.02,0.01,0.04,8.0,24.035060991271,156775.47783280202,0.1306666229535237,314518290828712,175,2022-11-02T16:32:14.085870596Z,1.0,0.0,6.61
12689866,7.23302752293578,0.6666,0.13,0.07,0.2,0.6666,4360000,cosmosvaloper1svwt2mr4x2mx0hcmty0mxsa4rmlfau4lwx2l69,64.11,75012,0.02,0.01,0.04,8.0,24.035060991271,156775.47783280202,0.1306666328447984,314518300254639,175,2022-11-02T16:32:20.429686424Z,1.0,14717.0,6.344
12689867,7.23302752293578,0.6666,0.13,0.07,0.2,0.6666,4360000,cosmosvaloper1svwt2mr4x2mx0hcmty0mxsa4rmlfau4lwx2l69,64.11,75012,0.02,0.01,0.04,8.0,24.075119713568,157036.77216993365,0.1306666427360797,314518309680567,175,2022-11-02T16:32:26.762273103Z,1.0,0.0,6.333
12689869,7.23302752293578,0.6666,0.13,0.07,0.2,0.6666,4360000,cosmosvaloper1svwt2mr4x2mx0hcmty0mxsa4rmlfau4lwx2l69,64.11,75012,0.02,0.01,0.04,8.0,24.155147664427,157558.77709600513,0.1306666625186619,314518328532426,175,2022-11-02T16:32:39.986716520Z,1.0,0.0,6.12345
12689871,7.23302752293578,0.6666,0.13,0.07,0.2,0.6666,4360000,cosmosvaloper1svwt2mr4x2mx0hcmty0mxsa4rmlfau4lwx2l69,64.11,75012,0.02,0.01,0.04,8.0,24.235207388512,158080.9892719206,0.1306666823012703,314518347384289,175,2022-11-02T16:32:52.859714144Z,1.0,4144.0,6.12345
12689872,7.23302752293578,0.6666,0.13,0.07,0.2,0.6666,4360000,cosmosvaloper1svwt2mr4x2mx0hcmty0mxsa4rmlfau4lwx2l69,64.11,75012,0.02,0.01,0.04,8.0,24.275221268469,158341.9911122104,0.1306666921925844,314518356810222,175,2022-11-02T16:32:59.176342224Z,1.0,16726.0,6.317
12689874,7.23302752293578,0.6666,0.13,0.07,0.2,0.6666,4360000,cosmosvaloper1svwt2mr4x2mx0hcmty0mxsa4rmlfau4lwx2l69,64.11,75012,0.02,0.01,0.04,8.0,24.35532374723,158864.48216759012,0.1306667119752323,314518375662091,175,2022-11-02T16:33:12.402354847Z,1.0,10762.0,6.12345
12689875,7.23302752293578,0.6666,0.13,0.07,0.2,0.6666,4360000,cosmosvaloper1svwt2mr4x2mx0hcmty0mxsa4rmlfau4lwx2l69,64.11,75012,0.02,0.01,0.04,8.0,24.395365721542,159125.6672612476,0.1306667218665661,314518385088027,175,2022-11-02T16:33:18.805423716Z,1.0,3420.0,6.403
12689876,7.23302752293578,0.6666,0.13,0.07,0.2,0.6666,4360000,cosmosvaloper1svwt2mr4x2mx0hcmty0mxsa4rmlfau4lwx2l69,64.11,75012,0.02,0.01,0.04,8.0,24.435376546381,159386.6491736678,0.1306667317579065,314518394513964,175,2022-11-02T16:33:24.967455539Z,1.0,14168.0,6.162
12689877,7.23302752293578,0.6666,0.13,0.07,0.2,0.6666,4360000,cosmosvaloper1svwt2mr4x2mx0hcmty0mxsa4rmlfau4lwx2l69,64.11,75012,0.02,0.01,0.04,8.0,24.475432981584,159647.9285925748,0.130666741649252,314518403939902,175,2022-11-02T16:33:36.504322931Z,1.0,0.0,11.537
12689878,7.23302752293578,0.6666,0.13,0.07,0.2,0.6666,4360000,cosmosvaloper1svwt2mr4x2mx0hcmty0mxsa4rmlfau4lwx2l69,64.11,75012,0.02,0.01,0.04,8.0,24.515508434895,159909.3320624702,0.1306667515406262,314518413365841,175,2022-11-02T16:33:42.825224323Z,1.0,3947.0,6.321
12689879,7.23302752293578,0.6666,0.13,0.07,0.2,0.6666,4360000,cosmosvaloper1svwt2mr4x2mx0hcmty0mxsa4rmlfau4lwx2l69,64.11,75012,0.02,0.01,0.04,8.0,24.555521508442,160170.32864272225,0.1306667614320068,314518422791781,175,2022-11-02T16:33:49.374135506Z,1.0,7946.0,6.549
12689880,7.23302752293578,0.6666,0.13,0.07,0.2,0.6666,4360000,cosmosvaloper1svwt2mr4x2mx0hcmty0mxsa4rmlfau4lwx2l69,64.11,75012,0.02,0.01,0.04,8.0,24.595551559234,160431.43596184885,0.1306667713233941,314518432217722,175,2022-11-02T16:33:55.884012700Z,1.0,2071.0,6.51
12689882,7.23302752293578,0.6666,0.13,0.07,0.2,0.6666,4360000,cosmosvaloper1svwt2mr4x2mx0hcmty0mxsa4rmlfau4lwx2l69,64.11,75012,0.02,0.01,0.04,8.0,24.675609798043,160953.63844963574,0.1306667911034673,314518451069607,175,2022-11-02T16:34:08.535673723Z,1.0,6754.0,6.12345
12689883,7.23302752293578,0.6666,0.13,0.07,0.2,0.6666,4360000,cosmosvaloper1svwt2mr4x2mx0hcmty0mxsa4rmlfau4lwx2l69,64.11,75012,0.02,0.01,0.04,8.0,24.715634803646,161214.71286009642,0.1306668009921533,314518460495551,175,2022-11-02T16:34:15.166029518Z,1.0,25147.0,6.631
12689885,7.23302752293578,0.6666,0.13,0.07,0.2,0.6666,4360000,cosmosvaloper1svwt2mr4x2mx0hcmty0mxsa4rmlfau4lwx2l69,64.11,75012,0.02,0.01,0.04,8.0,24.795801022892,161737.619680801,0.1306668207695893,314518479347442,175,2022-11-02T16:34:28.670733080Z,1.0,5814.0,6.12345
12689887,7.23302752293578,0.6666,0.13,0.07,0.2,0.6666,4360000,cosmosvaloper1svwt2mr4x2mx0hcmty0mxsa4rmlfau4lwx2l69,64.11,75012,0.02,0.01,0.04,8.0,24.875978704905,162260.60127063823,0.1306668405470514,314518498199337,175,2022-11-02T16:34:41.959125244Z,1.0,0.0,6.12345
12689888,7.23302752293578,0.6666,0.13,0.07,0.2,0.6666,4360000,cosmosvaloper1svwt2mr4x2mx0hcmty0mxsa4rmlfau4lwx2l69,64.11,75012,0.02,0.01,0.04,8.0,24.915974580903,162521.48567501936,0.1306668504357923,314518507625286,175,2022-11-02T16:34:44.339935060Z,1.0,8180.0,2.38
12689889,7.23302752293578,0.6666,0.13,0.07,0.2,0.6666,4360000,cosmosvaloper1svwt2mr4x2mx0hcmty0mxsa4rmlfau4lwx2l69,64.11,75012,0.02,0.01,0.04,8.0,24.956005170254,162782.5965070566,0.1306668603245398,314518517051236,175,2022-11-02T16:34:50.565284543Z,1.0,3500.0,6.226
12689890,7.23302752293578,0.6666,0.13,0.07,0.2,0.6666,4360000,cosmosvaloper1svwt2mr4x2mx0hcmty0mxsa4rmlfau4lwx2l69,64.11,75012,0.02,0.01,0.04,8.0,24.996015905825,163043.57783719886,0.1306668702132939,314518526477187,175,2022-11-02T16:34:57.048952607Z,1.0,0.0,6.483
12689891,7.23302752293578,0.6666,0.13,0.07,0.2,0.6666,4360000,cosmosvaloper1svwt2mr4x2mx0hcmty0mxsa4rmlfau4lwx2l69,64.11,75012,0.02,0.01,0.04,8.0,25.03608427634,163304.93510755047,0.1306668801020498,314518535903139,175,2022-11-02T16:35:03.728339514Z,1.0,19040.0,6.68
12689892,7.23302752293578,0.6666,0.13,0.07,0.2,0.6666,4360000,cosmosvaloper1svwt2mr4x2mx0hcmty0mxsa4rmlfau4lwx2l69,64.11,75012,0.02,0.01,0.04,8.0,25.076160959219,163566.34659765256,0.1306668899908123,314518545329092,175,2022-11-02T16:35:10.273975070Z,1.0,14501.0,6.545
12689893,7.23302752293578,0.6666,0.13,0.07,0.2,0.6666,4360000,cosmosvaloper1svwt2mr4x2mx0hcmty0mxsa4rmlfau4lwx2l69,64.11,75012,0.02,0.01,0.04,8.0,25.156304487329,164089.1054090077,0.1306669097683326,314518564181001,175,2022-11-02T16:35:16.836064494Z,1.0,21258.0,6.563
12689895,7.23302752293578,0.6666,0.13,0.07,0.2,0.6666,4360000,cosmosvaloper1svwt2mr4x2mx0hcmty0mxsa4rmlfau4lwx2l69,64.11,75012,0.02,0.01,0.04,8.0,25.196323219882,164350.13890172142,0.1306669196570923,314518573606957,175,2022-11-02T16:35:29.403830895Z,1.0,12425.0,6.12345
12689897,7.23302752293578,0.6666,0.13,0.07,0.2,0.6666,4360000,cosmosvaloper1svwt2mr4x2mx0hcmty0mxsa4rmlfau4lwx2l69,64.11,75012,0.02,0.01,0.04,8.0,25.276403894497,164872.48773339367,0.1306669394346311,314518592458872,175,2022-11-02T16:35:48.014366349Z,1.0,5596.0,6.12345
12689899,7.23302752293578,0.6666,0.13,0.07,0.2,0.6666,4360000,cosmosvaloper1svwt2mr4x2mx0hcmty0mxsa4rmlfau4lwx2l69,64.11,75012,0.02,0.01,0.04,8.0,25.356433472895,165394.50327555407,0.1306669592121959,314518611310791,175,2022-11-02T16:36:00.567935652Z,1.0,6591.0,6.12345
12689900,7.23302752293578,0.6666,0.13,0.07,0.2,0.6666,4360000,cosmosvaloper1svwt2mr4x2mx0hcmty0mxsa4rmlfau4lwx2l69,64.11,75012,0.02,0.01,0.04,8.0,25.396457361566,165655.57040050888,0.1306669691009881,314518620736752,175,2022-11-02T16:36:06.887228563Z,1.0,0.0,6.32
12689901,7.23302752293578,0.6666,0.13,0.07,0.2,0.6666,4360000,cosmosvaloper1svwt2mr4x2mx0hcmty0mxsa4rmlfau4lwx2l69,64.11,75012,0.02,0.01,0.04,8.0,25.436503484432,165916.782554283,0.1306669789897869,314518630162714,175,2022-11-02T16:36:13.248492962Z,1.0,8515.0,6.361
12689902,7.23302752293578,0.6666,0.13,0.07,0.2,0.6666,4360000,cosmosvaloper1svwt2mr4x2mx0hcmty0mxsa4rmlfau4lwx2l69,64.11,75012,0.02,0.01,0.04,8.0,25.516577089931,166439.08527564746,0.1306669987674441,314518649014641,175,2022-11-02T16:36:19.606774700Z,1.0,0.0,6.358
12689904,7.23302752293578,0.6666,0.13,0.07,0.2,0.6666,4360000,cosmosvaloper1svwt2mr4x2mx0hcmty0mxsa4rmlfau4lwx2l69,64.11,75012,0.02,0.01,0.04,8.0,25.556587561433,166700.06488332828,0.1306670086562807,314518658440606,175,2022-11-02T16:36:32.472111193Z,1.0,8159.0,6.12345
12689905,7.23302752293578,0.6666,0.13,0.07,0.2,0.6666,4360000,cosmosvaloper1svwt2mr4x2mx0hcmty0mxsa4rmlfau4lwx2l69,64.11,75012,0.02,0.01,0.04,8.0,25.596618127981,166961.17556661984,0.1306670185451239,314518667866572,175,2022-11-02T16:36:38.851778066Z,1.0,9985.0,6.379
12689906,7.23302752293578,0.6666,0.13,0.07,0.2,0.6666,4360000,cosmosvaloper1svwt2mr4x2mx0hcmty0mxsa4rmlfau4lwx2l69,64.11,75012,0.02,0.01,0.04,8.0,25.636656446795,167222.33681626164,0.1306670284339737,314518677292539,175,2022-11-02T16:36:45.296725753Z,1.0,3000.0,6.445
12689907,7.23302752293578,0.6666,0.13,0.07,0.2,0.6666,4360000,cosmosvaloper1svwt2mr4x2mx0hcmty0mxsa4rmlfau4lwx2l69,64.11,75012,0.02,0.01,0.04,8.0,25.676665131328,167483.30476793405,0.13066703832283,314518686718507,175,2022-11-02T16:36:51.531965286Z,1.0,14296.0,6.235
12689908,7.23302752293578,0.6666,0.13,0.07,0.2,0.6666,4360000,cosmosvaloper1svwt2mr4x2mx0hcmty0mxsa4rmlfau4lwx2l69,64.11,75012,0.02,0.01,0.04,8.0,25.716721750923,167744.5853895893,0.1306670482116782,314518696144476,175,2022-11-02T16:36:58.223720968Z,1.0,11313.0,6.692
12689909,7.23302752293578,0.6666,0.13,0.07,0.2,0.6666,4360000,cosmosvaloper1svwt2mr4x2mx0hcmty0mxsa4rmlfau4lwx2l69,64.11,75012,0.02,0.01,0.04,8.0,25.756765717393,168005.7834776614,0.1306670581004958,314518705570446,175,2022-11-02T16:37:04.983736294Z,1.0,0.0,6.76
12689910,7.23302752293578,0.6666,0.13,0.07,0.2,0.6666,4360000,cosmosvaloper1svwt2mr4x2mx0hcmty0mxsa4rmlfau4lwx2l69,64.11,75012,0.02,0.01,0.04,8.0,25.796761682377,168266.66846247856,0.1306670679893199,314518714996417,175,2022-11-02T16:37:11.330924784Z,1.0,16016.0,6.347
12689911,7.23302752293578,0.6666,0.13,0.07,0.2,0.6666,4360000,cosmosvaloper1svwt2mr4x2mx0hcmty0mxsa4rmlfau4lwx2l69,64.11,75012,0.02,0.01,0.04,8.0,25.836825603412,168527.99670984113,0.1306670778781432,314518724422389,175,2022-11-02T16:37:17.674696206Z,1.0,5446.0,6.344
12689912,7.23302752293578,0.6666,0.13,0.07,0.2,0.6666,4360000,cosmosvaloper1svwt2mr4x2mx0hcmty0mxsa4rmlfau4lwx2l69,64.11,75012,0.02,0.01,0.04,8.0,25.916867006552,169050.08938221657,0.1306670976558038,314518743274336,175,2022-11-02T16:37:24.348391439Z,1.0,6212.0,6.674
12689913,7.23302752293578,0.6666,0.13,0.07,0.2,0.6666,4360000,cosmosvaloper1svwt2mr4x2mx0hcmty0mxsa4rmlfau4lwx2l69,64.11,75012,0.02,0.01,0.04,8.0,25.916867006552,169050.08938221657,0.1306670976558038,314518743274336,175,2022-11-02T16:37:31.124225640Z,1.0,0.0,6.776
12689914,7.23302752293578,0.6666,0.13,0.07,0.2,0.6666,4360000,cosmosvaloper1svwt2mr4x2mx0hcmty0mxsa4rmlfau4lwx2l69,64.11,75012,0.02,0.01,0.04,8.0,25.956862979781,169310.97442081533,0.1306671075446439,314518752700311,175,2022-11-02T16:37:37.394533327Z,1.0,22960.0,6.27
12689915,7.23302752293578,0.6666,0.13,0.07,0.2,0.6666,4360000,cosmosvaloper1svwt2mr4x2mx0hcmty0mxsa4rmlfau4lwx2l69,64.11,75012,0.02,0.01,0.04,8.0,25.996956380347,169572.49495675066,0.1306671174334833,314518762126287,175,2022-11-02T16:37:48.917561786Z,1.0,0.0,11.523
12689916,7.23302752293578,0.6666,0.13,0.07,0.2,0.6666,4360000,cosmosvaloper1svwt2mr4x2mx0hcmty0mxsa4rmlfau4lwx2l69,64.11,75012,0.02,0.01,0.04,8.0,26.036952362063,169833.38005070397,0.1306671273223292,314518771552264,175,2022-11-02T16:37:55.666049653Z,1.0,32002.0,6.749
12689917,7.23302752293578,0.6666,0.13,0.07,0.2,0.6666,4360000,cosmosvaloper1svwt2mr4x2mx0hcmty0mxsa4rmlfau4lwx2l69,64.11,75012,0.02,0.01,0.04,8.0,26.117120740828,170356.30095747928,0.1306671471000396,314518790404221,175,2022-11-02T16:38:02.083383093Z,1.0,9572.0,6.417
12689919,7.23302752293578,0.6666,0.13,0.07,0.2,0.6666,4360000,cosmosvaloper1svwt2mr4x2mx0hcmty0mxsa4rmlfau4lwx2l69,64.11,75012,0.02,0.01,0.04,8.0,26.197174117066,170878.47172777474,0.1306671668777762,314518809256182,175,2022-11-02T16:38:19.971410051Z,1.0,7900.0,6.12345
12689921,7.23302752293578,0.6666,0.13,0.07,0.2,0.6666,4360000,cosmosvaloper1svwt2mr4x2mx0hcmty0mxsa4rmlfau4lwx2l69,64.11,75012,0.02,0.01,0.04,8.0,26.237221091762,171139.68943784997,0.1306671767666544,314518818682164,175,2022-11-02T16:38:32.709792875Z,1.0,0.0,6.12345
12689922,7.23302752293578,0.6666,0.13,0.07,0.2,0.6666,4360000,cosmosvaloper1svwt2mr4x2mx0hcmty0mxsa4rmlfau4lwx2l69,64.11,75012,0.02,0.01,0.04,8.0,26.317383351881,171662.57043403224,0.130667196544428,314518837534131,175,2022-11-02T16:38:39.045289864Z,1.0,22010.0,6.336
12689924,7.23302752293578,0.6666,0.13,0.07,0.2,0.6666,4360000,cosmosvaloper1svwt2mr4x2mx0hcmty0mxsa4rmlfau4lwx2l69,64.11,75012,0.02,0.01,0.04,8.0,26.397482935403,172185.0426043872,0.130667216322227,314518856386102,175,2022-11-02T16:38:52.090065119Z,1.0,15406.0,6.12345
12689925,7.23302752293578,0.6666,0.13,0.07,0.2,0.6666,4360000,cosmosvaloper1svwt2mr4x2mx0hcmty0mxsa4rmlfau4lwx2l69,64.11,75012,0.02,0.01,0.04,8.0,26.437492400114,172446.01564499273,0.1306672262111364,314518865812089,175,2022-11-02T16:38:58.298658046Z,1.0,3168.0,6.208
12689927,7.23302752293578,0.6666,0.13,0.07,0.2,0.6666,4360000,cosmosvaloper1svwt2mr4x2mx0hcmty0mxsa4rmlfau4lwx2l69,64.11,75012,0.02,0.01,0.04,8.0,26.517550510932,172968.2172979186,0.1306672459889699,314518884664066,175,2022-11-02T16:39:11.468618569Z,1.0,10607.0,6.12345
12689929,7.23302752293578,0.6666,0.13,0.07,0.2,0.6666,4360000,cosmosvaloper1svwt2mr4x2mx0hcmty0mxsa4rmlfau4lwx2l69,64.11,75012,0.02,0.01,0.04,8.0,26.55764348095,173229.73502548225,0.1306672558778748,314518894090056,175,2022-11-02T16:39:24.500844666Z,1.0,0.0,6.12345
12689930,7.23302752293578,0.6666,0.13,0.07,0.2,0.6666,4360000,cosmosvaloper1svwt2mr4x2mx0hcmty0mxsa4rmlfau4lwx2l69,64.11,75012,0.02,0.01,0.04,8.0,26.637665494238,173751.70122207014,0.1306672756557043,314518912942039,175,2022-11-02T16:39:30.778341232Z,1.0,7055.0,6.278
12689932,7.23302752293578,0.6666,0.13,0.07,0.2,0.6666,4360000,cosmosvaloper1svwt2mr4x2mx0hcmty0mxsa4rmlfau4lwx2l69,64.11,75012,0.02,0.01,0.04,8.0,26.677682384367,174012.72269705965,0.1306672855446289,314518922368032,175,2022-11-02T16:39:43.802529371Z,1.0,0.0,6.12345
12689933,7.23302752293578,0.6666,0.13,0.07,0.2,0.6666,4360000,cosmosvaloper1svwt2mr4x2mx0hcmty0mxsa4rmlfau4lwx2l69,64.11,75012,0.02,0.01,0.04,8.0,26.75784116828,174535.58101869735,0.1306673053224978,314518941220021,175,2022-11-02T16:39:50.308135323Z,1.0,0.0,6.506
12689935,7.23302752293578,0.6666,0.13,0.07,0.2,0.6666,4360000,cosmosvaloper1svwt2mr4x2mx0hcmty0mxsa4rmlfau4lwx2l69,64.11,75012,0.02,0.01,0.04,8.0,26.797865959183,174796.65402871836,0.1306673152114421,314518950646017,175,2022-11-02T16:40:08.352962467Z,1.0,21154.0,6.12345
12689936,7.23302752293578,0.6666,0.13,0.07,0.2,0.6666,4360000,cosmosvaloper1svwt2mr4x2mx0hcmty0mxsa4rmlfau4lwx2l69,64.11,75012,0.02,0.01,0.04,8.0,26.877998787652,175319.34304864405,0.1306673349892082,314518969498012,175,2022-11-02T16:40:14.781414788Z,1.0,12006.0,6.429
12689937,7.23302752293578,0.6666,0.13,0.07,0.2,0.6666,4360000,cosmosvaloper1svwt2mr4x2mx0hcmty0mxsa4rmlfau4lwx2l69,64.11,75012,0.02,0.01,0.04,8.0,26.918043186243,175580.54395534552,0.1306673448781011,314518978924011,175,2022-11-02T16:40:21.512353493Z,1.0,11393.0,6.731
12689939,7.23302752293578,0.6666,0.13,0.07,0.2,0.6666,4360000,cosmosvaloper1svwt2mr4x2mx0hcmty0mxsa4rmlfau4lwx2l69,64.11,75012,0.02,0.01,0.04,8.0,26.9981843865,176103.28758262462,0.1306673646559006,314518997776012,175,2022-11-02T16:40:34.404848888Z,1.0,13909.0,6.12345
12689940,7.23302752293578,0.6666,0.13,0.07,0.2,0.6666,4360000,cosmosvaloper1svwt2mr4x2mx0hcmty0mxsa4rmlfau4lwx2l69,64.11,75012,0.02,0.01,0.04,8.0,27.038243695371,176364.58574584083,0.1306673745448086,314519007202014,175,2022-11-02T16:40:40.798025985Z,1.0,14904.0,6.394
12689942,7.23302752293578,0.6666,0.13,0.07,0.2,0.6666,4360000,cosmosvaloper1svwt2mr4x2mx0hcmty0mxsa4rmlfau4lwx2l69,64.11,75012,0.02,0.01,0.04,8.0,27.078281868445,176625.7460448551,0.1306673844337232,314519016628017,175,2022-11-02T16:40:53.865396329Z,1.0,0.0,6.12345
12689944,7.23302752293578,0.6666,0.13,0.07,0.2,0.6666,4360000,cosmosvaloper1svwt2mr4x2mx0hcmty0mxsa4rmlfau4lwx2l69,64.11,75012,0.02,0.01,0.04,8.0,27.198511718361,177409.97921893132,0.1306674141004974,314519044906032,175,2022-11-02T16:41:06.715103917Z,1.0,0.0,6.12345
12689946,7.23302752293578,0.6666,0.13,0.07,0.2,0.6666,4360000,cosmosvaloper1svwt2mr4x2mx0hcmty0mxsa4rmlfau4lwx2l69,64.11,75012,0.02,0.01,0.04,8.0,27.238507806941,177670.8650099399,0.1306674239894339,314519054332039,175,2022-11-02T16:41:15.827709435Z,1.0,12752.0,6.12345
12689947,7.23302752293578,0.6666,0.13,0.07,0.2,0.6666,4360000,cosmosvaloper1svwt2mr4x2mx0hcmty0mxsa4rmlfau4lwx2l69,64.11,75012,0.02,0.01,0.04,8.0,27.318619187306,178193.41412854337,0.1306674437675637,314519073184056,175,2022-11-02T16:41:22.308421874Z,1.0,15338.0,6.481
12689949,7.23302752293578,0.6666,0.13,0.07,0.2,0.6666,4360000,cosmosvaloper1svwt2mr4x2mx0hcmty0mxsa4rmlfau4lwx2l69,64.11,75012,0.02,0.01,0.04,8.0,27.39872233258,178715.90953143584,0.1306674635459569,314519092036077,175,2022-11-02T16:41:35.297051528Z,1.0,17574.0,6.12345
12689952,7.23302752293578,0.6666,0.13,0.07,0.2,0.6666,4360000,cosmosvaloper1svwt2mr4x2mx0hcmty0mxsa4rmlfau4lwx2l69,64.11,75012,0.02,0.01,0.04,8.0,27.478911366004,179238.96516406408,0.1306674833243876,314519110888102,175,2022-11-02T16:41:59.476013229Z,1.0,0.0,6.12345
12689954,7.23302752293578,0.6666,0.13,0.07,0.2,0.6666,4360000,cosmosvaloper1svwt2mr4x2mx0hcmty0mxsa4rmlfau4lwx2l69,64.11,75012,0.02,0.01,0.04,8.0,27.558980717077,179761.24013473405,0.1306675031029502,314519129740131,175,2022-11-02T16:42:12.409358552Z,1.0,9730.0,6.12345
12689955,7.23302752293578,0.6666,0.13,0.07,0.2,0.6666,4360000,cosmosvaloper1svwt2mr4x2mx0hcmty0mxsa4rmlfau4lwx2l69,64.11,75012,0.02,0.01,0.04,8.0,27.639050498796,180283.51791440847,0.1306675228816258,314519148592164,175,2022-11-02T16:42:19.080929366Z,1.0,8515.0,6.671
12689956,7.23302752293578,0.6666,0.13,0.07,0.2,0.6666,4360000,cosmosvaloper1svwt2mr4x2mx0hcmty0mxsa4rmlfau4lwx2l69,64.11,75012,0.02,0.01,0.04,8.0,27.679098500408,180544.74232283968,0.1306675327710139,314519158018182,175,2022-11-02T16:42:25.426853419Z,1.0,12209.0,6.346
12689958,7.23302752293578,0.6666,0.13,0.07,0.2,0.6666,4360000,cosmosvaloper1svwt2mr4x2mx0hcmty0mxsa4rmlfau4lwx2l69,64.11,75012,0.02,0.01,0.04,8.0,27.759174538381,181067.0609107042,0.1306675525498095,314519176870221,175,2022-11-02T16:42:38.486432109Z,1.0,15834.0,6.12345
12689960,7.23302752293578,0.6666,0.13,0.07,0.2,0.6666,4360000,cosmosvaloper1svwt2mr4x2mx0hcmty0mxsa4rmlfau4lwx2l69,64.11,75012,0.02,0.01,0.04,8.0,27.799200088237,181328.1388712071,0.1306675624392335,314519186296242,175,2022-11-02T16:42:51.317231269Z,1.0,5668.0,6.12345
12689961,7.23302752293578,0.6666,0.13,0.07,0.2,0.6666,4360000,cosmosvaloper1svwt2mr4x2mx0hcmty0mxsa4rmlfau4lwx2l69,64.11,75012,0.02,0.01,0.04,8.0,27.839220359588,181589.18240116935,0.130667572328664,314519195722264,175,2022-11-02T16:42:57.534674097Z,1.0,14138.0,6.217
12689962,7.23302752293578,0.6666,0.13,0.07,0.2,0.6666,4360000,cosmosvaloper1svwt2mr4x2mx0hcmty0mxsa4rmlfau4lwx2l69,64.11,75012,0.02,0.01,0.04,8.0,27.919328777772,182111.7121981136,0.1306675921075535,314519214574311,175,2022-11-02T16:43:04.266860317Z,1.0,13190.0,6.732
12689964,7.23302752293578,0.6666,0.13,0.07,0.2,0.6666,4360000,cosmosvaloper1svwt2mr4x2mx0hcmty0mxsa4rmlfau4lwx2l69,64.11,75012,0.02,0.01,0.04,8.0,27.959380028047,182372.95779686136,0.1306676019970119,314519224000336,175,2022-11-02T16:43:16.932783861Z,1.0,0.0,6.12345
12689965,7.23302752293578,0.6666,0.13,0.07,0.2,0.6666,4360000,cosmosvaloper1svwt2mr4x2mx0hcmty0mxsa4rmlfau4lwx2l69,64.11,75012,0.02,0.01,0.04,8.0,28.039449826869,182895.23568810095,0.1306676217759484,314519242852389,175,2022-11-02T16:43:23.466356424Z,1.0,4675.0,6.534
12689967,7.23302752293578,0.6666,0.13,0.07,0.2,0.6666,4360000,cosmosvaloper1svwt2mr4x2mx0hcmty0mxsa4rmlfau4lwx2l69,64.11,75012,0.02,0.01,0.04,8.0,28.079488696165,183156.4005284136,0.1306676316654275,314519252278417,175,2022-11-02T16:43:36.160503069Z,1.0,12673.0,6.12345
12689969,7.23302752293578,0.6666,0.13,0.07,0.2,0.6666,4360000,cosmosvaloper1svwt2mr4x2mx0hcmty0mxsa4rmlfau4lwx2l69,64.11,75012,0.02,0.01,0.04,8.0,28.159562717738,183678.70596373596,0.130667651444406,314519271130476,175,2022-11-02T16:43:49.198021670Z,1.0,14351.0,6.12345
12689970,7.23302752293578,0.6666,0.13,0.07,0.2,0.6666,4360000,cosmosvaloper1svwt2mr4x2mx0hcmty0mxsa4rmlfau4lwx2l69,64.11,75012,0.02,0.01,0.04,8.0,28.199619875103,183939.9900931533,0.1306676613339039,314519280556507,175,2022-11-02T16:43:55.469558543Z,1.0,4010.0,6.271
12689971,7.23302752293578,0.6666,0.13,0.07,0.2,0.6666,4360000,cosmosvaloper1svwt2mr4x2mx0hcmty0mxsa4rmlfau4lwx2l69,64.11,75012,0.02,0.01,0.04,8.0,28.279629430367,184461.87502875653,0.1306676811129196,314519299408572,175,2022-11-02T16:44:06.664814001Z,1.0,0.0,11.195
12689973,7.23302752293578,0.6666,0.13,0.07,0.2,0.6666,4360000,cosmosvaloper1svwt2mr4x2mx0hcmty0mxsa4rmlfau4lwx2l69,64.11,75012,0.02,0.01,0.04,8.0,28.319656053869,184722.9599924204,0.1306676910024372,314519308834606,175,2022-11-02T16:44:19.697361245Z,1.0,0.0,6.12345
12689974,7.23302752293578,0.6666,0.13,0.07,0.2,0.6666,4360000,cosmosvaloper1svwt2mr4x2mx0hcmty0mxsa4rmlfau4lwx2l69,64.11,75012,0.02,0.01,0.04,8.0,28.359670143042,184983.96319738,0.1306677008919612,314519318260641,175,2022-11-02T16:44:26.170336223Z,1.0,0.0,6.473
12689975,7.23302752293578,0.6666,0.13,0.07,0.2,0.6666,4360000,cosmosvaloper1svwt2mr4x2mx0hcmty0mxsa4rmlfau4lwx2l69,64.11,75012,0.02,0.01,0.04,8.0,28.439727565327,185506.1603591576,0.130667720671028,314519337112714,175,2022-11-02T16:44:32.394315224Z,1.0,13212.0,6.224
12689977,7.23302752293578,0.6666,0.13,0.07,0.2,0.6666,4360000,cosmosvaloper1svwt2mr4x2mx0hcmty0mxsa4rmlfau4lwx2l69,64.11,75012,0.02,0.01,0.04,8.0,28.479733036618,185767.1073515484,0.1306677305605707,314519346538752,175,2022-11-02T16:44:45.457416916Z,1.0,,6.12345
12689978,7.23302752293578,0.6666,0.13,0.07,0.2,0.6666,4360000,cosmosvaloper1svwt2mr4x2mx0hcmty0mxsa4rmlfau4lwx2l69,64.11,75012,0.02,0.01,0.04,8.0,28.519808812822,186028.51292760245,0.1306677404501195,314519355964791,175,2022-11-02T16:44:51.856306485Z,1.0,,6.399
12689979,7.23302752293578,0.6666,0.13,0.07,0.2,0.6666,4360000,cosmosvaloper1svwt2mr4x2mx0hcmty0mxsa4rmlfau4lwx2l69,64.11,75012,0.02,0.01,0.04,8.0,28.559865995448,186289.79722178777,0.1306677503396738,314519365390831,175,2022-11-02T16:44:58.123924042Z,1.0,,6.267
12689980,7.23302752293578,0.6666,0.13,0.07,0.2,0.6666,4360000,cosmosvaloper1svwt2mr4x2mx0hcmty0mxsa4rmlfau4lwx2l69,64.11,75012,0.02,0.01,0.04,8.0,28.599959698853,186551.31973307964,0.1306677602292008,314519374816872,175,2022-11-02T16:45:04.439291180Z,1.0,,6.316
12689981,7.23302752293578,0.6666,0.13,0.07,0.2,0.6666,4360000,cosmosvaloper1svwt2mr4x2mx0hcmty0mxsa4rmlfau4lwx2l69,64.11,75012,0.02,0.01,0.04,8.0,28.680124351455,187074.216334901,0.1306677800082418,314519393668957,175,2022-11-02T16:45:10.993200172Z,1.0,30453.0,6.554
12689982,7.23302752293578,0.6666,0.13,0.07,0.2,0.6666,4360000,cosmosvaloper1svwt2mr4x2mx0hcmty0mxsa4rmlfau4lwx2l69,64.11,75012,0.02,0.01,0.04,8.0,28.680124351455,187074.216334901,0.1306677800082418,314519393668957,175,2022-11-02T16:45:17.436936496Z,1.0,3742.0,6.443
12689984,7.23302752293578,0.6666,0.13,0.07,0.2,0.6666,4360000,cosmosvaloper1svwt2mr4x2mx0hcmty0mxsa4rmlfau4lwx2l69,64.11,75012,0.02,0.01,0.04,8.0,28.76042067915,187597.97182473587,0.1306677997872591,314519412521046,175,2022-11-02T16:45:35.219724304Z,1.0,0.0,6.12345
12689985,7.23302752293578,0.6666,0.13,0.07,0.2,0.6666,4360000,cosmosvaloper1svwt2mr4x2mx0hcmty0mxsa4rmlfau4lwx2l69,64.11,75012,0.02,0.01,0.04,8.0,28.800819949972,187861.4874858582,0.1306678096767674,314519421947092,175,2022-11-02T16:45:41.766188603Z,1.0,0.0,6.547
12689986,7.23302752293578,0.6666,0.13,0.07,0.2,0.6666,4360000,cosmosvaloper1svwt2mr4x2mx0hcmty0mxsa4rmlfau4lwx2l69,64.11,75012,0.02,0.01,0.04,8.0,28.881247512285,188386.0989905697,0.1306678294557974,314519440799187,175,2022-11-02T16:45:48.100048918Z,1.0,0.0,6.334
12689988,7.23302752293578,0.6666,0.13,0.07,0.2,0.6666,4360000,cosmosvaloper1svwt2mr4x2mx0hcmty0mxsa4rmlfau4lwx2l69,64.11,75012,0.02,0.01,0.04,8.0,28.921370929289,188647.81531720687,0.1306678393453196,314519450225236,175,2022-11-02T16:46:01.231680452Z,1.0,11128.0,6.12345
12689989,7.23302752293578,0.6666,0.13,0.07,0.2,0.6666,4360000,cosmosvaloper1svwt2mr4x2mx0hcmty0mxsa4rmlfau4lwx2l69,64.11,75012,0.02,0.01,0.04,8.0,28.96149616096,188909.5434805205,0.1306678492348484,314519459651286,175,2022-11-02T16:46:07.475356943Z,1.0,11866.0,6.244
12689990,7.23302752293578,0.6666,0.13,0.07,0.2,0.6666,4360000,cosmosvaloper1svwt2mr4x2mx0hcmty0mxsa4rmlfau4lwx2l69,64.11,75012,0.02,0.01,0.04,8.0,29.001548417782,189170.7956447587,0.1306678591243838,314519469077337,175,2022-11-02T16:46:18.861770955Z,1.0,4233.0,11.386
12689991,7.23302752293578,0.6666,0.13,0.07,0.2,0.6666,4360000,cosmosvaloper1svwt2mr4x2mx0hcmty0mxsa4rmlfau4lwx2l69,64.11,75012,0.02,0.01,0.04,8.0,29.041562714579,189431.80020400183,0.1306678690139258,314519478503389,175,2022-11-02T16:46:25.123781590Z,1.0,16549.0,6.262
12689992,7.23302752293578,0.6666,0.13,0.07,0.2,0.6666,4360000,cosmosvaloper1svwt2mr4x2mx0hcmty0mxsa4rmlfau4lwx2l69,64.11,75012,0.02,0.01,0.04,8.0,29.081629274498,189693.1456642355,0.1306678789034742,314519487929442,175,2022-11-02T16:46:31.660063410Z,1.0,7690.0,6.537
12689995,7.23302752293578,0.6666,0.13,0.07,0.2,0.6666,4360000,cosmosvaloper1svwt2mr4x2mx0hcmty0mxsa4rmlfau4lwx2l69,64.11,75012,0.02,0.01,0.04,8.0,29.241803851234,190737.92960771933,0.1306679184617107,314519525633664,175,2022-11-02T16:46:50.902874149Z,1.0,20328.0,6.12345
12689998,7.23302752293578,0.6666,0.13,0.07,0.2,0.6666,4360000,cosmosvaloper1svwt2mr4x2mx0hcmty0mxsa4rmlfau4lwx2l69,64.11,75012,0.02,0.01,0.04,8.0,29.361932409053,191521.50207546965,0.130667948130471,314519553911841,175,2022-11-02T16:47:05.744010276Z,1.0,0.0,6.12345
12690000,7.23302752293578,0.6666,0.13,0.07,0.2,0.6666,4360000,cosmosvaloper1svwt2mr4x2mx0hcmty0mxsa4rmlfau4lwx2l69,64.11,75012,0.02,0.01,0.04,8.0,29.401997326667,191782.836823302,0.1306679580200696,314519563337902,175,2022-11-02T16:47:18.745338229Z,1.0,12163.0,6.12345
12690001,7.23302752293578,0.6666,0.13,0.07,0.2,0.6666,4360000,cosmosvaloper1svwt2mr4x2mx0hcmty0mxsa4rmlfau4lwx2l69,64.11,75012,0.02,0.01,0.04,8.0,29.442045314033,192044.06113880943,0.1306679679096748,314519572763964,175,2022-11-02T16:47:25.208919657Z,1.0,11059.0,6.463
12690002,7.23302752293578,0.6666,0.13,0.07,0.2,0.6666,4360000,cosmosvaloper1svwt2mr4x2mx0hcmty0mxsa4rmlfau4lwx2l69,64.11,75012,0.02,0.01,0.04,8.0,29.482088620985,192305.25492498797,0.1306679777992864,314519582190027,175,2022-11-02T16:47:31.612659438Z,1.0,19825.0,6.404
12690004,7.23302752293578,0.6666,0.13,0.07,0.2,0.6666,4360000,cosmosvaloper1svwt2mr4x2mx0hcmty0mxsa4rmlfau4lwx2l69,64.11,75012,0.02,0.01,0.04,8.0,29.562303676639,192828.48029496556,0.1306679975784685,314519601042156,175,2022-11-02T16:47:49.526650470Z,1.0,8103.0,6.12345
12690005,7.23302752293578,0.6666,0.13,0.07,0.2,0.6666,4360000,cosmosvaloper1svwt2mr4x2mx0hcmty0mxsa4rmlfau4lwx2l69,64.11,75012,0.02,0.01,0.04,8.0,29.602334448547,193089.59231777984,0.1306680074680651,314519610468222,175,2022-11-02T16:47:56.296994083Z,1.0,0.0,6.77
12690006,7.23302752293578,0.6666,0.13,0.07,0.2,0.6666,4360000,cosmosvaloper1svwt2mr4x2mx0hcmty0mxsa4rmlfau4lwx2l69,64.11,75012,0.02,0.01,0.04,8.0,29.642392943734,193350.8851735152,0.1306680173576682,314519619894289,175,2022-11-02T16:48:02.610552981Z,1.0,0.0,6.314
12690008,7.23302752293578,0.6666,0.13,0.07,0.2,0.6666,4360000,cosmosvaloper1svwt2mr4x2mx0hcmty0mxsa4rmlfau4lwx2l69,64.11,75012,0.02,0.01,0.04,8.0,29.722474741263,193873.24132971064,0.1306680371368824,314519638746426,175,2022-11-02T16:48:16.127679985Z,1.0,13448.0,6.12345
12690009,7.23302752293578,0.6666,0.13,0.07,0.2,0.6666,4360000,cosmosvaloper1svwt2mr4x2mx0hcmty0mxsa4rmlfau4lwx2l69,64.11,75012,0.02,0.01,0.04,8.0,29.762528207301,194134.50138140295,0.1306680470264993,314519648172496,175,2022-11-02T16:48:22.562070816Z,1.0,12938.0,6.435
12690010,7.23302752293578,0.6666,0.13,0.07,0.2,0.6666,4360000,cosmosvaloper1svwt2mr4x2mx0hcmty0mxsa4rmlfau4lwx2l69,64.11,75012,0.02,0.01,0.04,8.0,29.802579513567,194395.7473453654,0.1306680569161228,314519657598567,175,2022-11-02T16:48:34.081404375Z,1.0,3456.0,11.519
12690011,7.23302752293578,0.6666,0.13,0.07,0.2,0.6666,4360000,cosmosvaloper1svwt2mr4x2mx0hcmty0mxsa4rmlfau4lwx2l69,64.11,75012,0.02,0.01,0.04,8.0,29.842590590347,194656.73090114,0.1306680668057529,314519667024639,175,2022-11-02T16:48:40.710042536Z,1.0,12302.0,6.629
12690012,7.23302752293578,0.6666,0.13,0.07,0.2,0.6666,4360000,cosmosvaloper1svwt2mr4x2mx0hcmty0mxsa4rmlfau4lwx2l69,64.11,75012,0.02,0.01,0.04,8.0,29.882639206443,194917.9593177138,0.1306680766953896,314519676450712,175,2022-11-02T16:48:47.127814345Z,1.0,0.0,6.417
12690013,7.23302752293578,0.6666,0.13,0.07,0.2,0.6666,4360000,cosmosvaloper1svwt2mr4x2mx0hcmty0mxsa4rmlfau4lwx2l69,64.11,75012,0.02,0.01,0.04,8.0,29.922635627317,195178.8472762011,0.1306680865850328,314519685876786,175,2022-11-02T16:48:53.618668857Z,1.0,18636.0,6.491
12690014,7.23302752293578,0.6666,0.13,0.07,0.2,0.6666,4360000,cosmosvaloper1svwt2mr4x2mx0hcmty0mxsa4rmlfau4lwx2l69,64.11,75012,0.02,0.01,0.04,8.0,30.00275072325,195701.42063065144,0.1306681063643391,314519704728937,175,2022-11-02T16:48:59.828386204Z,1.0,0.0,6.21
12690015,7.23302752293578,0.6666,0.13,0.07,0.2,0.6666,4360000,cosmosvaloper1svwt2mr4x2mx0hcmty0mxsa4rmlfau4lwx2l69,64.11,75012,0.02,0.01,0.04,8.0,30.042779973523,195962.52272816937,0.1306681162540021,314519714155014,175,2022-11-02T16:49:06.429409805Z,1.0,7734.0,6.601
12690016,7.23302752293578,0.6666,0.13,0.07,0.2,0.6666,4360000,cosmosvaloper1svwt2mr4x2mx0hcmty0mxsa4rmlfau4lwx2l69,64.11,75012,0.02,0.01,0.04,8.0,30.082896136627,196224.1917391892,0.1306681261436676,314519723581092,175,2022-11-02T16:49:12.928694022Z,1.0,28216.0,6.499
12690018,7.23302752293578,0.6666,0.13,0.07,0.2,0.6666,4360000,cosmosvaloper1svwt2mr4x2mx0hcmty0mxsa4rmlfau4lwx2l69,64.11,75012,0.02,0.01,0.04,8.0,30.122937904248,196485.3754846508,0.1306681360333398,314519733007171,175,2022-11-02T16:49:26.341763028Z,1.0,2883.0,6.12345
12690019,7.23302752293578,0.6666,0.13,0.07,0.2,0.6666,4360000,cosmosvaloper1svwt2mr4x2mx0hcmty0mxsa4rmlfau4lwx2l69,64.11,75012,0.02,0.01,0.04,8.0,30.162946583042,196746.34339888569,0.1306681459230185,314519742433251,175,2022-11-02T16:49:33.007682469Z,1.0,15299.0,6.666
12690020,7.23302752293578,0.6666,0.13,0.07,0.2,0.6666,4360000,cosmosvaloper1svwt2mr4x2mx0hcmty0mxsa4rmlfau4lwx2l69,64.11,75012,0.02,0.01,0.04,8.0,30.203007949265,197007.65498176523,0.1306681558127039,314519751859332,175,2022-11-02T16:49:39.516003801Z,1.0,13701.0,6.509
12690022,7.23302752293578,0.6666,0.13,0.07,0.2,0.6666,4360000,cosmosvaloper1svwt2mr4x2mx0hcmty0mxsa4rmlfau4lwx2l69,64.11,75012,0.02,0.01,0.04,8.0,30.283194558376,197530.69480112643,0.1306681755920743,314519770711497,175,2022-11-02T16:49:52.653327015Z,1.0,0.0,6.12345
12690023,7.23302752293578,0.6666,0.13,0.07,0.2,0.6666,4360000,cosmosvaloper1svwt2mr4x2mx0hcmty0mxsa4rmlfau4lwx2l69,64.11,75012,0.02,0.01,0.04,8.0,30.323244730325,197791.93336618913,0.1306681854817638,314519780137581,175,2022-11-02T16:49:58.952637058Z,1.0,0.0,6.299
12690024,7.23302752293578,0.6666,0.13,0.07,0.2,0.6666,4360000,cosmosvaloper1svwt2mr4x2mx0hcmty0mxsa4rmlfau4lwx2l69,64.11,75012,0.02,0.01,0.04,8.0,30.363315288315,198053.3049049703,0.1306681953714596,314519789563666,175,2022-11-02T16:50:05.592036078Z,1.0,2914.0,6.64
12690025,7.23302752293578,0.6666,0.13,0.07,0.2,0.6666,4360000,cosmosvaloper1svwt2mr4x2mx0hcmty0mxsa4rmlfau4lwx2l69,64.11,75012,0.02,0.01,0.04,8.0,30.403324120932,198314.27382255663,0.1306682052611621,314519798989752,175,2022-11-02T16:50:11.873687304Z,1.0,8849.0,6.281
12690026,7.23302752293578,0.6666,0.13,0.07,0.2,0.6666,4360000,cosmosvaloper1svwt2mr4x2mx0hcmty0mxsa4rmlfau4lwx2l69,64.11,75012,0.02,0.01,0.04,8.0,30.443358140998,198575.40703239653,0.1306682151508711,314519808415839,175,2022-11-02T16:50:18.369885628Z,1.0,13794.0,6.496
12690027,7.23302752293578,0.6666,0.13,0.07,0.2,0.6666,4360000,cosmosvaloper1svwt2mr4x2mx0hcmty0mxsa4rmlfau4lwx2l69,64.11,75012,0.02,0.01,0.04,8.0,30.483413147775,198836.67713399627,0.1306682250405867,314519817841927,175,2022-11-02T16:50:25.001819814Z,1.0,0.0,6.632
12690028,7.23302752293578,0.6666,0.13,0.07,0.2,0.6666,4360000,cosmosvaloper1svwt2mr4x2mx0hcmty0mxsa4rmlfau4lwx2l69,64.11,75012,0.02,0.01,0.04,8.0,30.523434349228,199097.72673081423,0.1306682349303056,314519827268016,175,2022-11-02T16:50:31.501433323Z,1.0,0.0,6.5
12690029,7.23302752293578,0.6666,0.13,0.07,0.2,0.6666,4360000,cosmosvaloper1svwt2mr4x2mx0hcmty0mxsa4rmlfau4lwx2l69,64.11,75012,0.02,0.01,0.04,8.0,30.563457086709,199358.78634680272,0.1306682448200306,314519836694106,175,2022-11-02T16:50:37.835794434Z,1.0,0.0,6.334
12690030,7.23302752293578,0.6666,0.13,0.07,0.2,0.6666,4360000,cosmosvaloper1svwt2mr4x2mx0hcmty0mxsa4rmlfau4lwx2l69,64.11,75012,0.02,0.01,0.04,8.0,30.603495306916,199619.94695325088,0.1306682547097621,314519846120197,175,2022-11-02T16:50:49.322813592Z,1.0,0.0,11.487
12690031,7.23302752293578,0.6666,0.13,0.07,0.2,0.6666,4360000,cosmosvaloper1svwt2mr4x2mx0hcmty0mxsa4rmlfau4lwx2l69,64.11,75012,0.02,0.01,0.04,8.0,30.643491799803,199880.8353814649,0.1306682645995002,314519855546289,175,2022-11-02T16:50:56.060905414Z,1.0,19007.0,6.738
12690032,7.23302752293578,0.6666,0.13,0.07,0.2,0.6666,4360000,cosmosvaloper1svwt2mr4x2mx0hcmty0mxsa4rmlfau4lwx2l69,64.11,75012,0.02,0.01,0.04,8.0,30.683568946838,200142.24989915165,0.1306682744892448,314519864972382,175,2022-11-02T16:51:02.377746459Z,1.0,12210.0,6.317
12690033,7.23302752293578,0.6666,0.13,0.07,0.2,0.6666,4360000,cosmosvaloper1svwt2mr4x2mx0hcmty0mxsa4rmlfau4lwx2l69,64.11,75012,0.02,0.01,0.04,8.0,30.7236172573,200403.4763221384,0.1306682843789959,314519874398476,175,2022-11-02T16:51:08.618106493Z,1.0,7038.0,6.241
12690034,7.23302752293578,0.6666,0.13,0.07,0.2,0.6666,4360000,cosmosvaloper1svwt2mr4x2mx0hcmty0mxsa4rmlfau4lwx2l69,64.11,75012,0.02,0.01,0.04,8.0,30.763643626337,200664.55962598257,0.1306682942687537,314519883824571,175,2022-11-02T16:51:15.372647451Z,1.0,0.0,6.754
12690035,7.23302752293578,0.6666,0.13,0.07,0.2,0.6666,4360000,cosmosvaloper1svwt2mr4x2mx0hcmty0mxsa4rmlfau4lwx2l69,64.11,75012,0.02,0.01,0.04,8.0,30.803656468152,200925.55469470265,0.130668304158518,314519893250667,175,2022-11-02T16:51:21.733877111Z,1.0,0.0,6.361
12690036,7.23302752293578,0.6666,0.13,0.07,0.2,0.6666,4360000,cosmosvaloper1svwt2mr4x2mx0hcmty0mxsa4rmlfau4lwx2l69,64.11,75012,0.02,0.01,0.04,8.0,30.88383709957,201448.55552286629,0.1306683239380663,314519912102862,175,2022-11-02T16:51:28.273885542Z,1.0,0.0,6.54
12690039,7.23302752293578,0.6666,0.13,0.07,0.2,0.6666,4360000,cosmosvaloper1svwt2mr4x2mx0hcmty0mxsa4rmlfau4lwx2l69,64.11,75012,0.02,0.01,0.04,8.0,30.963900755118,201970.79334286484,0.1306683437176409,314519930955061,175,2022-11-02T16:51:47.385676153Z,1.0,6481.0,6.12345
12690041,7.23302752293578,0.6666,0.13,0.07,0.2,0.6666,4360000,cosmosvaloper1svwt2mr4x2mx0hcmty0mxsa4rmlfau4lwx2l69,64.11,75012,0.02,0.01,0.04,8.0,31.044006290541,202493.30433618304,0.1306683634972413,314519949807264,175,2022-11-02T16:52:00.329199810Z,1.0,0.0,6.12345
12690042,7.23302752293578,0.6666,0.13,0.07,0.2,0.6666,4360000,cosmosvaloper1svwt2mr4x2mx0hcmty0mxsa4rmlfau4lwx2l69,64.11,75012,0.02,0.01,0.04,8.0,31.084026858968,202754.34980390995,0.130668373387051,314519959233367,175,2022-11-02T16:52:06.805502740Z,1.0,15162.0,6.476
12690043,7.23302752293578,0.6666,0.13,0.07,0.2,0.6666,4360000,cosmosvaloper1svwt2mr4x2mx0hcmty0mxsa4rmlfau4lwx2l69,64.11,75012,0.02,0.01,0.04,8.0,31.16414314658,203276.93093141992,0.1306683931666903,314519978085576,175,2022-11-02T16:52:13.137803525Z,1.0,13872.0,6.332
12690045,7.23302752293578,0.6666,0.13,0.07,0.2,0.6666,4360000,cosmosvaloper1svwt2mr4x2mx0hcmty0mxsa4rmlfau4lwx2l69,64.11,75012,0.02,0.01,0.04,8.0,31.204231066822,203538.41572038832,0.1306684030565194,314519987511682,175,2022-11-02T16:52:26.213188144Z,1.0,7238.0,6.12345
12690046,7.23302752293578,0.6666,0.13,0.07,0.2,0.6666,4360000,cosmosvaloper1svwt2mr4x2mx0hcmty0mxsa4rmlfau4lwx2l69,64.11,75012,0.02,0.01,0.04,8.0,31.244258335212,203799.50489051803,0.1306684129463547,314519996937789,175,2022-11-02T16:52:32.501585058Z,1.0,19166.0,6.288
12690047,7.23302752293578,0.6666,0.13,0.07,0.2,0.6666,4360000,cosmosvaloper1svwt2mr4x2mx0hcmty0mxsa4rmlfau4lwx2l69,64.11,75012,0.02,0.01,0.04,8.0,31.28433622036,204060.92422275257,0.1306684228361957,314520006363897,175,2022-11-02T16:52:39.372285821Z,1.0,17542.0,6.871
12690048,7.23302752293578,0.6666,0.13,0.07,0.2,0.6666,4360000,cosmosvaloper1svwt2mr4x2mx0hcmty0mxsa4rmlfau4lwx2l69,64.11,75012,0.02,0.01,0.04,8.0,31.324407218646,204322.2986334884,0.1306684327260432,314520015790006,175,2022-11-02T16:52:50.642221128Z,1.0,0.0,11.27
12690050,7.23302752293578,0.6666,0.13,0.07,0.2,0.6666,4360000,cosmosvaloper1svwt2mr4x2mx0hcmty0mxsa4rmlfau4lwx2l69,64.11,75012,0.02,0.01,0.04,8.0,31.404596797827,204845.3578259708,0.1306684525057542,314520034642227,175,2022-11-02T16:53:03.280364465Z,1.0,0.0,6.12345
12690051,7.23302752293578,0.6666,0.13,0.07,0.2,0.6666,4360000,cosmosvaloper1svwt2mr4x2mx0hcmty0mxsa4rmlfau4lwx2l69,64.11,75012,0.02,0.01,0.04,8.0,31.44459987512,205106.2892028316,0.1306684623956196,314520044068339,175,2022-11-02T16:53:05.755623607Z,1.0,0.0,2.475
12690052,7.23302752293578,0.6666,0.13,0.07,0.2,0.6666,4360000,cosmosvaloper1svwt2mr4x2mx0hcmty0mxsa4rmlfau4lwx2l69,64.11,75012,0.02,0.01,0.04,8.0,31.524679678381,205628.6323508476,0.1306684821753611,314520062920566,175,2022-11-02T16:53:12.040592468Z,1.0,11460.0,6.285
12690054,7.23302752293578,0.6666,0.13,0.07,0.2,0.6666,4360000,cosmosvaloper1svwt2mr4x2mx0hcmty0mxsa4rmlfau4lwx2l69,64.11,75012,0.02,0.01,0.04,8.0,31.604792470489,206151.19067794213,0.1306685019551218,314520081772797,175,2022-11-02T16:53:25.197641204Z,1.0,11723.0,6.12345
12690056,7.23302752293578,0.6666,0.13,0.07,0.2,0.6666,4360000,cosmosvaloper1svwt2mr4x2mx0hcmty0mxsa4rmlfau4lwx2l69,64.11,75012,0.02,0.01,0.04,8.0,31.644789066877,206412.07978126808,0.1306685118450121,314520091198914,175,2022-11-02T16:53:38.004650501Z,1.0,0.0,6.12345
12690057,7.23302752293578,0.6666,0.13,0.07,0.2,0.6666,4360000,cosmosvaloper1svwt2mr4x2mx0hcmty0mxsa4rmlfau4lwx2l69,64.11,75012,0.02,0.01,0.04,8.0,31.684837943341,206673.30989616684,0.1306685217348926,314520100625032,175,2022-11-02T16:53:44.395334312Z,1.0,0.0,6.391
12690058,7.23302752293578,0.6666,0.13,0.07,0.2,0.6666,4360000,cosmosvaloper1svwt2mr4x2mx0hcmty0mxsa4rmlfau4lwx2l69,64.11,75012,0.02,0.01,0.04,8.0,31.724866091928,206934.40480762973,0.1306685316247798,314520110051151,175,2022-11-02T16:53:50.906766203Z,1.0,0.0,6.511
12690059,7.23302752293578,0.6666,0.13,0.07,0.2,0.6666,4360000,cosmosvaloper1svwt2mr4x2mx0hcmty0mxsa4rmlfau4lwx2l69,64.11,75012,0.02,0.01,0.04,8.0,31.764895514731,207195.50803052585,0.1306685415146634,314520119477271,175,2022-11-02T16:53:57.283258324Z,1.0,30112.0,6.377
12690060,7.23302752293578,0.6666,0.13,0.07,0.2,0.6666,4360000,cosmosvaloper1svwt2mr4x2mx0hcmty0mxsa4rmlfau4lwx2l69,64.11,75012,0.02,0.01,0.04,8.0,31.80501989539,207457.23064287243,0.1306685514045507,314520128903392,175,2022-11-02T16:54:03.672972435Z,1.0,4370.0,6.389
