block_num,Block_length_target,Goal_Bonded,Inflation_Rate_Change,Min_Inflation_Rate,Max_Inflation_Rate,Min_Signatures,Blocks_per_year,Validator_id,timestamp,sign_ratio,atom_staked_v,percent_staked,commission_amt,inflation_rate,total_supply,community_tax,min_proposer_bonus,max_proposer_bonus,v_commission,n_validators,total_block_fees
12736509,7.23302752293578,0.6666,0.13,0.07,0.2,0.6666,4360000,cosmosvaloper1lzhlnpahvznwfv4jmay2tgaha5kmz5qxerarrl,2022-11-06T07:31:04.253099335Z,1.0,2807330.434215,64.7,286965142.7461321,0.1310814279112395,314958989618755,0.02,0.01,0.04,5.0,175,9237
12736510,7.23302752293578,0.6666,0.13,0.07,0.2,0.6666,4360000,cosmosvaloper1lzhlnpahvznwfv4jmay2tgaha5kmz5qxerarrl,2022-11-06T07:31:10.501462658Z,1.0,2807330.434215,64.7,286994867.7437692,0.1310814357832142,314958999087855,0.02,0.01,0.04,5.0,175,6000
12736508,7.23302752293578,0.6666,0.13,0.07,0.2,0.6666,4360000,cosmosvaloper1lzhlnpahvznwfv4jmay2tgaha5kmz5qxerarrl,2022-11-06T07:30:57.337956342Z,1.0,2807330.434215,64.63,286965142.7461321,0.1310814279112395,314958989618755,0.02,0.01,0.04,5.0,175,6454
12736511,7.23302752293578,0.6666,0.13,0.07,0.2,0.6666,4360000,cosmosvaloper1lzhlnpahvznwfv4jmay2tgaha5kmz5qxerarrl,2022-11-06T07:31:16.843962782Z,1.0,2807330.434215,64.7,287000938.06647456,0.1310814436551956,314959008556955,0.02,0.01,0.04,5.0,175,12692
12736512,7.23302752293578,0.6666,0.13,0.07,0.2,0.6666,4360000,cosmosvaloper1lzhlnpahvznwfv4jmay2tgaha5kmz5qxerarrl,2022-11-06T07:31:23.183754749Z,1.0,2807330.434215,64.7,287007012.0805657,0.1310814515271788,314959018026056,0.02,0.01,0.04,5.0,175,4360
12736513,7.23302752293578,0.6666,0.13,0.07,0.2,0.6666,4360000,cosmosvaloper1lzhlnpahvznwfv4jmay2tgaha5kmz5qxerarrl,2022-11-06T07:31:29.540924567Z,1.0,2807330.434215,64.7,287013080.75783736,0.1310814593991687,314959027495158,0.02,0.01,0.04,5.0,175,2071
12736514,7.23302752293578,0.6666,0.13,0.07,0.2,0.6666,4360000,cosmosvaloper1lzhlnpahvznwfv4jmay2tgaha5kmz5qxerarrl,2022-11-06T07:31:35.819188093Z,1.0,2807330.434215,64.7,287019147.9693025,0.1310814672711653,314959036964261,0.02,0.01,0.04,5.0,175,24991
12736515,7.23302752293578,0.6666,0.13,0.07,0.2,0.6666,4360000,cosmosvaloper1lzhlnpahvznwfv4jmay2tgaha5kmz5qxerarrl,2022-11-06T07:31:42.353380071Z,1.0,2807330.434215,64.7,287025229.86390704,0.1310814751431661,314959046433365,0.02,0.01,0.04,5.0,175,15942
12736516,7.23302752293578,0.6666,0.13,0.07,0.2,0.6666,4360000,cosmosvaloper1lzhlnpahvznwfv4jmay2tgaha5kmz5qxerarrl,2022-11-06T07:31:48.743476263Z,1.0,2807330.434215,64.7,287031305.96238375,0.1310814830151735,314959055902470,0.02,0.01,0.04,5.0,175,4251
12736517,7.23302752293578,0.6666,0.13,0.07,0.2,0.6666,4360000,cosmosvaloper1lzhlnpahvznwfv4jmay2tgaha5kmz5qxerarrl,2022-11-06T07:31:55.451756583Z,1.0,2807330.434215,64.7,287037374.572214,0.1310814908871876,314959065371576,0.02,0.01,0.04,5.0,175,24177
12736518,7.23302752293578,0.6666,0.13,0.07,0.2,0.6666,4360000,cosmosvaloper1lzhlnpahvznwfv4jmay2tgaha5kmz5qxerarrl,2022-11-06T07:32:02.015220050Z,1.0,2807330.434215,64.7,287043455.9472341,0.1310814987592062,314959074840682,0.02,0.01,0.04,5.0,175,1122
12736519,7.23302752293578,0.6666,0.13,0.07,0.2,0.6666,4360000,cosmosvaloper1lzhlnpahvznwfv4jmay2tgaha5kmz5qxerarrl,2022-11-06T07:32:08.294922031Z,1.0,2807330.434215,64.7,287049523.1484628,0.1310815066312315,314959084309789,0.02,0.01,0.04,5.0,175,18333
12736520,7.23302752293578,0.6666,0.13,0.07,0.2,0.6666,4360000,cosmosvaloper1lzhlnpahvznwfv4jmay2tgaha5kmz5qxerarrl,2022-11-06T07:32:19.537649181Z,1.0,2807330.434215,64.7,287055600.78041106,0.1310815145032632,314959093778897,0.02,0.01,0.04,5.0,175,2779
12736521,7.23302752293578,0.6666,0.13,0.07,0.2,0.6666,4360000,cosmosvaloper1lzhlnpahvznwfv4jmay2tgaha5kmz5qxerarrl,2022-11-06T07:32:25.958774818Z,1.0,2807330.434215,64.7,287061668.44914377,0.1310815223753016,314959103248006,0.02,0.01,0.04,5.0,175,2412
12736522,7.23302752293578,0.6666,0.13,0.07,0.2,0.6666,4360000,cosmosvaloper1lzhlnpahvznwfv4jmay2tgaha5kmz5qxerarrl,2022-11-06T07:32:32.189825183Z,1.0,2807330.434215,64.7,287067735.8834177,0.1310815302473466,314959112717116,0.02,0.01,0.04,5.0,175,4571
12736523,7.23302752293578,0.6666,0.13,0.07,0.2,0.6666,4360000,cosmosvaloper1lzhlnpahvznwfv4jmay2tgaha5kmz5qxerarrl,2022-11-06T07:32:38.888145767Z,1.0,2807330.434215,64.7,287073804.7013827,0.1310815381193983,314959122186227,0.02,0.01,0.04,5.0,175,15150
12736524,7.23302752293578,0.6666,0.13,0.07,0.2,0.6666,4360000,cosmosvaloper1lzhlnpahvznwfv4jmay2tgaha5kmz5qxerarrl,2022-11-06T07:32:45.609998378Z,1.0,2807330.434215,64.7,287079880.29687095,0.13108154599144,314959131655339,0.02,0.01,0.04,5.0,175,9677
12736525,7.23302752293578,0.6666,0.13,0.07,0.2,0.6666,4360000,cosmosvaloper1lzhlnpahvznwfv4jmay2tgaha5kmz5qxerarrl,2022-11-06T07:32:52.015994455Z,1.0,2807330.434215,64.7,287085952.98273474,0.1310815538634878,314959141124451,0.02,0.01,0.04,5.0,175,6301
12736526,7.23302752293578,0.6666,0.13,0.07,0.2,0.6666,4360000,cosmosvaloper1lzhlnpahvznwfv4jmay2tgaha5kmz5qxerarrl,2022-11-06T07:32:58.441661660Z,1.0,2807330.434215,64.7,287092023.5052518,0.1310815617355422,314959150593564,0.02,0.01,0.04,5.0,175,15872
12736527,7.23302752293578,0.6666,0.13,0.07,0.2,0.6666,4360000,cosmosvaloper1lzhlnpahvznwfv4jmay2tgaha5kmz5qxerarrl,2022-11-06T07:33:04.786756577Z,1.0,2807330.434215,64.7,287098101.61438894,0.1310815696075988,314959160062678,0.02,0.01,0.04,5.0,175,8766
12736528,7.23302752293578,0.6666,0.13,0.07,0.2,0.6666,4360000,cosmosvaloper1lzhlnpahvznwfv4jmay2tgaha5kmz5qxerarrl,2022-11-06T07:33:11.293427942Z,1.0,2807330.434215,64.7,287104173.71741545,0.1310815774796621,314959169531793,0.02,0.01,0.04,5.0,175,17445
12736529,7.23302752293578,0.6666,0.13,0.07,0.2,0.6666,4360000,cosmosvaloper1lzhlnpahvznwfv4jmay2tgaha5kmz5qxerarrl,2022-11-06T07:33:17.481009973Z,1.0,2807330.520166,64.7,287110251.3812556,0.1310815853517319,314959179000909,0.02,0.01,0.04,5.0,175,8162
12736530,7.23302752293578,0.6666,0.13,0.07,0.2,0.6666,4360000,cosmosvaloper1lzhlnpahvznwfv4jmay2tgaha5kmz5qxerarrl,2022-11-06T07:33:24.185328394Z,1.0,2807330.520166,64.7,287116323.09848523,0.1310815932238085,314959188470026,0.02,0.01,0.04,5.0,175,8479
12736531,7.23302752293578,0.6666,0.13,0.07,0.2,0.6666,4360000,cosmosvaloper1lzhlnpahvznwfv4jmay2tgaha5kmz5qxerarrl,2022-11-06T07:33:30.566296162Z,1.0,2807330.520166,64.7,287122395.01944494,0.1310816010958917,314959197939144,0.02,0.01,0.04,5.0,175,10981
12736532,7.23302752293578,0.6666,0.13,0.07,0.2,0.6666,4360000,cosmosvaloper1lzhlnpahvznwfv4jmay2tgaha5kmz5qxerarrl,2022-11-06T07:33:36.945855142Z,1.0,2807330.520166,64.7,287128468.54397786,0.1310816089679661,314959207408262,0.02,0.01,0.04,5.0,175,9235
12736533,7.23302752293578,0.6666,0.13,0.07,0.2,0.6666,4360000,cosmosvaloper1lzhlnpahvznwfv4jmay2tgaha5kmz5qxerarrl,2022-11-06T07:33:43.363931455Z,1.0,2807330.520166,64.7,287134540.94991755,0.1310816168400472,314959216877381,0.02,0.01,0.04,5.0,175,10423
12736534,7.23302752293578,0.6666,0.13,0.07,0.2,0.6666,4360000,cosmosvaloper1lzhlnpahvznwfv4jmay2tgaha5kmz5qxerarrl,2022-11-06T07:33:49.800687732Z,1.0,2807330.520166,64.7,287140614.1236454,0.1310816247121349,314959226346501,0.02,0.01,0.04,5.0,175,5130
12736535,7.23302752293578,0.6666,0.13,0.07,0.2,0.6666,4360000,cosmosvaloper1lzhlnpahvznwfv4jmay2tgaha5kmz5qxerarrl,2022-11-06T07:33:56.110294409Z,1.0,2807330.520166,64.7,287152758.28004026,0.1310816404563304,314959245284744,0.02,0.01,0.04,5.0,175,12293
12736536,7.23302752293578,0.6666,0.13,0.07,0.2,0.6666,4360000,cosmosvaloper1lzhlnpahvznwfv4jmay2tgaha5kmz5qxerarrl,2022-11-06T07:34:02.555775826Z,1.0,2807330.520166,64.7,287152758.28004026,0.1310816404563304,314959245284744,0.02,0.01,0.04,5.0,175,7146
12736537,7.23302752293578,0.6666,0.13,0.07,0.2,0.6666,4360000,cosmosvaloper1lzhlnpahvznwfv4jmay2tgaha5kmz5qxerarrl,2022-11-06T07:34:08.976314025Z,1.0,2807330.520166,64.7,287158829.35624367,0.1310816483284377,314959254753867,0.02,0.01,0.04,5.0,175,6153
12736538,7.23302752293578,0.6666,0.13,0.07,0.2,0.6666,4360000,cosmosvaloper1lzhlnpahvznwfv4jmay2tgaha5kmz5qxerarrl,2022-11-06T07:34:15.206141513Z,1.0,2807330.520166,64.7,287164899.7969113,0.1310816562005517,314959264222991,0.02,0.01,0.04,5.0,175,15200
12736539,7.23302752293578,0.6666,0.13,0.07,0.2,0.6666,4360000,cosmosvaloper1lzhlnpahvznwfv4jmay2tgaha5kmz5qxerarrl,2022-11-06T07:34:26.836796670Z,1.0,2807330.520166,64.7,287177046.3807133,0.1310816719447992,314959283161240,0.02,0.01,0.04,5.0,175,0
12736540,7.23302752293578,0.6666,0.13,0.07,0.2,0.6666,4360000,cosmosvaloper1lzhlnpahvznwfv4jmay2tgaha5kmz5qxerarrl,2022-11-06T07:34:33.612644517Z,1.0,2807330.520166,64.7,287177046.3807133,0.1310816719447992,314959283161240,0.02,0.01,0.04,5.0,175,0
12736541,7.23302752293578,0.6666,0.13,0.07,0.2,0.6666,4360000,cosmosvaloper1lzhlnpahvznwfv4jmay2tgaha5kmz5qxerarrl,2022-11-06T07:34:39.859900821Z,1.0,2807330.520166,64.7,287183114.27141017,0.1310816798169326,314959292630366,0.02,0.01,0.04,5.0,175,13098
12736542,7.23302752293578,0.6666,0.13,0.07,0.2,0.6666,4360000,cosmosvaloper1lzhlnpahvznwfv4jmay2tgaha5kmz5qxerarrl,2022-11-06T07:34:46.174215164Z,1.0,2807330.520166,64.7,287189188.56744885,0.131081687689072,314959302099493,0.02,0.01,0.04,5.0,175,1801
12736543,7.23302752293578,0.6666,0.13,0.07,0.2,0.6666,4360000,cosmosvaloper1lzhlnpahvznwfv4jmay2tgaha5kmz5qxerarrl,2022-11-06T07:34:52.559670611Z,1.0,2807330.520166,64.7,287195255.6272899,0.1310816955612181,314959311568621,0.02,0.01,0.04,5.0,175,0
12736544,7.23302752293578,0.6666,0.13,0.07,0.2,0.6666,4360000,cosmosvaloper1lzhlnpahvznwfv4jmay2tgaha5kmz5qxerarrl,2022-11-06T07:34:59.235218732Z,1.0,2807330.520166,64.7,287207405.4711906,0.1310817113055302,314959330506879,0.02,0.01,0.04,5.0,175,6488
12736545,7.23302752293578,0.6666,0.13,0.07,0.2,0.6666,4360000,cosmosvaloper1lzhlnpahvznwfv4jmay2tgaha5kmz5qxerarrl,2022-11-06T07:35:05.663401550Z,1.0,2807330.520166,64.7,287207405.4711906,0.1310817113055302,314959330506879,0.02,0.01,0.04,5.0,175,7113
12736546,7.23302752293578,0.6666,0.13,0.07,0.2,0.6666,4360000,cosmosvaloper1lzhlnpahvznwfv4jmay2tgaha5kmz5qxerarrl,2022-11-06T07:35:08.064008204Z,1.0,2807330.520166,64.7,287213476.53073686,0.1310817191776963,314959339976009,0.02,0.01,0.04,5.0,175,16374
12736547,7.23302752293578,0.6666,0.13,0.07,0.2,0.6666,4360000,cosmosvaloper1lzhlnpahvznwfv4jmay2tgaha5kmz5qxerarrl,2022-11-06T07:35:14.710136802Z,1.0,2807330.520166,64.7,287219552.9279378,0.131081727049869,314959349445140,0.02,0.01,0.04,5.0,175,5000
12736548,7.23302752293578,0.6666,0.13,0.07,0.2,0.6666,4360000,cosmosvaloper1lzhlnpahvznwfv4jmay2tgaha5kmz5qxerarrl,2022-11-06T07:35:21.107947468Z,1.0,2807330.520166,64.7,287225622.0396149,0.1310817349220483,314959358914272,0.02,0.01,0.04,5.0,175,2164
12736549,7.23302752293578,0.6666,0.13,0.07,0.2,0.6666,4360000,cosmosvaloper1lzhlnpahvznwfv4jmay2tgaha5kmz5qxerarrl,2022-11-06T07:35:27.650623052Z,1.0,2807330.520166,64.7,287231689.3351961,0.1310817427942344,314959368383405,0.02,0.01,0.04,5.0,175,6416
12736550,7.23302752293578,0.6666,0.13,0.07,0.2,0.6666,4360000,cosmosvaloper1lzhlnpahvznwfv4jmay2tgaha5kmz5qxerarrl,2022-11-06T07:35:33.998759003Z,1.0,2807330.520166,64.7,287237759.35524154,0.1310817506664271,314959377852539,0.02,0.01,0.04,5.0,175,12100
12736551,7.23302752293578,0.6666,0.13,0.07,0.2,0.6666,4360000,cosmosvaloper1lzhlnpahvznwfv4jmay2tgaha5kmz5qxerarrl,2022-11-06T07:35:40.592883776Z,1.0,2807330.520166,64.7,287243833.017088,0.1310817585386256,314959387321674,0.02,0.01,0.04,5.0,175,5624
12736552,7.23302752293578,0.6666,0.13,0.07,0.2,0.6666,4360000,cosmosvaloper1lzhlnpahvznwfv4jmay2tgaha5kmz5qxerarrl,2022-11-06T07:35:47.163574404Z,1.0,2807330.520166,64.7,287249902.5310608,0.1310817664108288,314959396790809,0.02,0.01,0.04,5.0,175,13426
12736553,7.23302752293578,0.6666,0.13,0.07,0.2,0.6666,4360000,cosmosvaloper1lzhlnpahvznwfv4jmay2tgaha5kmz5qxerarrl,2022-11-06T07:35:53.543427223Z,1.0,2807330.520166,64.7,287255977.04295135,0.1310817742830382,314959406259945,0.02,0.01,0.04,5.0,175,0
12736554,7.23302752293578,0.6666,0.13,0.07,0.2,0.6666,4360000,cosmosvaloper1lzhlnpahvznwfv4jmay2tgaha5kmz5qxerarrl,2022-11-06T07:35:59.798245189Z,1.0,2807330.520166,64.7,287262042.9547509,0.1310817821552544,314959415729082,0.02,0.01,0.04,5.0,175,1445
12736555,7.23302752293578,0.6666,0.13,0.07,0.2,0.6666,4360000,cosmosvaloper1lzhlnpahvznwfv4jmay2tgaha5kmz5qxerarrl,2022-11-06T07:36:06.350034562Z,1.0,2807330.520166,64.7,287268109.7928556,0.1310817900274771,314959425198220,0.02,0.01,0.04,5.0,175,12273
12736556,7.23302752293578,0.6666,0.13,0.07,0.2,0.6666,4360000,cosmosvaloper1lzhlnpahvznwfv4jmay2tgaha5kmz5qxerarrl,2022-11-06T07:36:12.776475446Z,1.0,2807330.520166,64.7,287274183.5679985,0.1310817978997066,314959434667359,0.02,0.01,0.04,5.0,175,6000
12736557,7.23302752293578,0.6666,0.13,0.07,0.2,0.6666,4360000,cosmosvaloper1lzhlnpahvznwfv4jmay2tgaha5kmz5qxerarrl,2022-11-06T07:36:19.345363910Z,1.0,2807330.520166,64.7,287280253.32530934,0.1310818057719427,314959444136499,0.02,0.01,0.04,5.0,175,23733
12736558,7.23302752293578,0.6666,0.13,0.07,0.2,0.6666,4360000,cosmosvaloper1lzhlnpahvznwfv4jmay2tgaha5kmz5qxerarrl,2022-11-06T07:36:30.606164551Z,1.0,2807330.520166,64.7,287286334.4429893,0.1310818136441836,314959453605640,0.02,0.01,0.04,5.0,175,15408
12736559,7.23302752293578,0.6666,0.13,0.07,0.2,0.6666,4360000,cosmosvaloper1lzhlnpahvznwfv4jmay2tgaha5kmz5qxerarrl,2022-11-06T07:36:37.100235278Z,1.0,2807330.520166,64.7,287298482.2814848,0.1310818293886489,314959472543923,0.02,0.01,0.04,5.0,175,9582
12736560,7.23302752293578,0.6666,0.13,0.07,0.2,0.6666,4360000,cosmosvaloper1lzhlnpahvznwfv4jmay2tgaha5kmz5qxerarrl,2022-11-06T07:36:43.460067079Z,1.0,2807330.520166,64.7,287298482.2814848,0.1310818293886489,314959472543923,0.02,0.01,0.04,5.0,175,1550
12736561,7.23302752293578,0.6666,0.13,0.07,0.2,0.6666,4360000,cosmosvaloper1lzhlnpahvznwfv4jmay2tgaha5kmz5qxerarrl,2022-11-06T07:36:49.842685992Z,1.0,2807330.520166,64.7,287304549.37052464,0.1310818372608916,314959482013066,0.02,0.01,0.04,5.0,175,8860
12736562,7.23302752293578,0.6666,0.13,0.07,0.2,0.6666,4360000,cosmosvaloper1lzhlnpahvznwfv4jmay2tgaha5kmz5qxerarrl,2022-11-06T07:36:56.514278438Z,1.0,2807330.520166,64.7,287310621.1431176,0.1310818451331402,314959491482210,0.02,0.01,0.04,5.0,175,5075
12736563,7.23302752293578,0.6666,0.13,0.07,0.2,0.6666,4360000,cosmosvaloper1lzhlnpahvznwfv4jmay2tgaha5kmz5qxerarrl,2022-11-06T07:37:02.870962222Z,1.0,2807330.520166,64.7,287316690.49161464,0.1310818530053954,314959500951355,0.02,0.01,0.04,5.0,175,0
12736564,7.23302752293578,0.6666,0.13,0.07,0.2,0.6666,4360000,cosmosvaloper1lzhlnpahvznwfv4jmay2tgaha5kmz5qxerarrl,2022-11-06T07:37:09.568163995Z,1.0,2807330.520166,64.7,287322756.5896196,0.1310818608776572,314959510420501,0.02,0.01,0.04,5.0,175,7608
12736565,7.23302752293578,0.6666,0.13,0.07,0.2,0.6666,4360000,cosmosvaloper1lzhlnpahvznwfv4jmay2tgaha5kmz5qxerarrl,2022-11-06T07:37:16.000752245Z,1.0,2807330.520166,64.7,287328827.5620815,0.1310818687499257,314959519889648,0.02,0.01,0.04,5.0,175,33852
12736566,7.23302752293578,0.6666,0.13,0.07,0.2,0.6666,4360000,cosmosvaloper1lzhlnpahvznwfv4jmay2tgaha5kmz5qxerarrl,2022-11-06T07:37:22.512507195Z,1.0,2807330.520166,64.7,287334915.3475442,0.1310818766222004,314959529358795,0.02,0.01,0.04,5.0,175,2413
12736567,7.23302752293578,0.6666,0.13,0.07,0.2,0.6666,4360000,cosmosvaloper1lzhlnpahvznwfv4jmay2tgaha5kmz5qxerarrl,2022-11-06T07:37:28.764536998Z,1.0,2807330.520166,64.7,287340982.9926399,0.1310818844944817,314959538827943,0.02,0.01,0.04,5.0,175,5417
12736568,7.23302752293578,0.6666,0.13,0.07,0.2,0.6666,4360000,cosmosvaloper1lzhlnpahvznwfv4jmay2tgaha5kmz5qxerarrl,2022-11-06T07:37:35.071031748Z,1.0,2807330.520166,64.7,287347052.5627906,0.1310818923667696,314959548297092,0.02,0.01,0.04,5.0,175,0
12736569,7.23302752293578,0.6666,0.13,0.07,0.2,0.6666,4360000,cosmosvaloper1lzhlnpahvznwfv4jmay2tgaha5kmz5qxerarrl,2022-11-06T07:37:41.641807884Z,1.0,2807330.520166,64.7,287353118.663358,0.1310819002390642,314959557766242,0.02,0.01,0.04,5.0,175,18480
12736570,7.23302752293578,0.6666,0.13,0.07,0.2,0.6666,4360000,cosmosvaloper1lzhlnpahvznwfv4jmay2tgaha5kmz5qxerarrl,2022-11-06T07:37:48.272162560Z,1.0,2807330.520166,64.7,287359196.6031736,0.1310819081113638,314959567235393,0.02,0.01,0.04,5.0,175,8018
12736571,7.23302752293578,0.6666,0.13,0.07,0.2,0.6666,4360000,cosmosvaloper1lzhlnpahvznwfv4jmay2tgaha5kmz5qxerarrl,2022-11-06T07:37:54.775225502Z,1.0,2807330.520166,64.7,287365267.8414917,0.1310819159836701,314959576704545,0.02,0.01,0.04,5.0,175,7237
12736572,7.23302752293578,0.6666,0.13,0.07,0.2,0.6666,4360000,cosmosvaloper1lzhlnpahvznwfv4jmay2tgaha5kmz5qxerarrl,2022-11-06T07:38:01.316918677Z,1.0,2807330.520166,64.7,287371338.5800985,0.131081923855983,314959586173698,0.02,0.01,0.04,5.0,175,5690
12736573,7.23302752293578,0.6666,0.13,0.07,0.2,0.6666,4360000,cosmosvaloper1lzhlnpahvznwfv4jmay2tgaha5kmz5qxerarrl,2022-11-06T07:38:07.925882336Z,1.0,2807330.520166,64.7,287377408.32831097,0.1310819317283026,314959595642851,0.02,0.01,0.04,5.0,175,7479
12736574,7.23302752293578,0.6666,0.13,0.07,0.2,0.6666,4360000,cosmosvaloper1lzhlnpahvznwfv4jmay2tgaha5kmz5qxerarrl,2022-11-06T07:38:14.220879472Z,1.0,2807330.520166,64.7,287383479.22258776,0.1310819396006285,314959605112005,0.02,0.01,0.04,5.0,175,8800
12736575,7.23302752293578,0.6666,0.13,0.07,0.2,0.6666,4360000,cosmosvaloper1lzhlnpahvznwfv4jmay2tgaha5kmz5qxerarrl,2022-11-06T07:38:20.887673993Z,1.0,2807330.520166,64.7,287389550.9637606,0.1310819474729611,314959614581160,0.02,0.01,0.04,5.0,175,10969
12736576,7.23302752293578,0.6666,0.13,0.07,0.2,0.6666,4360000,cosmosvaloper1lzhlnpahvznwfv4jmay2tgaha5kmz5qxerarrl,2022-11-06T07:38:27.346014504Z,1.0,2807330.520166,64.7,287395624.09507304,0.1310819553453004,314959624050316,0.02,0.01,0.04,5.0,175,0
12736577,7.23302752293578,0.6666,0.13,0.07,0.2,0.6666,4360000,cosmosvaloper1lzhlnpahvznwfv4jmay2tgaha5kmz5qxerarrl,2022-11-06T07:38:33.935482121Z,1.0,2807330.520166,64.7,287401690.200095,0.1310819632176463,314959633519473,0.02,0.01,0.04,5.0,175,9205
12736578,7.23302752293578,0.6666,0.13,0.07,0.2,0.6666,4360000,cosmosvaloper1lzhlnpahvznwfv4jmay2tgaha5kmz5qxerarrl,2022-11-06T07:38:40.260163259Z,1.0,2807330.520166,64.7,287407762.2026099,0.1310819710899988,314959642988631,0.02,0.01,0.04,5.0,175,7954
12736579,7.23302752293578,0.6666,0.13,0.07,0.2,0.6666,4360000,cosmosvaloper1lzhlnpahvznwfv4jmay2tgaha5kmz5qxerarrl,2022-11-06T07:38:51.445339133Z,1.0,2807330.520166,64.7,287437513.0365584,0.131081978962358,314959652457790,0.02,0.01,0.04,5.0,175,11536
12736580,7.23302752293578,0.6666,0.13,0.07,0.2,0.6666,4360000,cosmosvaloper1lzhlnpahvznwfv4jmay2tgaha5kmz5qxerarrl,2022-11-06T07:38:57.634980223Z,1.0,2807330.520166,64.7,287467275.1183676,0.1310819868347173,314959661926949,0.02,0.01,0.04,5.0,175,10439
12736581,7.23302752293578,0.6666,0.13,0.07,0.2,0.6666,4360000,cosmosvaloper1lzhlnpahvznwfv4jmay2tgaha5kmz5qxerarrl,2022-11-06T07:39:04.273141898Z,1.0,2807330.520166,64.7,287473347.9126855,0.1310819947070794,314959671396109,0.02,0.01,0.04,5.0,175,6843
12736582,7.23302752293578,0.6666,0.13,0.07,0.2,0.6666,4360000,cosmosvaloper1lzhlnpahvznwfv4jmay2tgaha5kmz5qxerarrl,2022-11-06T07:39:11.001824918Z,1.0,2807330.520166,64.7,287479418.4038055,0.1310820025794481,314959680865270,0.02,0.01,0.04,5.0,175,0
12736583,7.23302752293578,0.6666,0.13,0.07,0.2,0.6666,4360000,cosmosvaloper1lzhlnpahvznwfv4jmay2tgaha5kmz5qxerarrl,2022-11-06T07:39:17.233499105Z,1.0,2807330.520166,64.7,287485484.51170313,0.1310820104518236,314959690334432,0.02,0.01,0.04,5.0,175,12782
12736584,7.23302752293578,0.6666,0.13,0.07,0.2,0.6666,4360000,cosmosvaloper1lzhlnpahvznwfv4jmay2tgaha5kmz5qxerarrl,2022-11-06T07:39:23.829566301Z,1.0,2807330.520166,64.7,287491558.8086111,0.1310820183242057,314959699803595,0.02,0.01,0.04,5.0,175,2500
12736585,7.23302752293578,0.6666,0.13,0.07,0.2,0.6666,4360000,cosmosvaloper1lzhlnpahvznwfv4jmay2tgaha5kmz5qxerarrl,2022-11-06T07:39:30.326776263Z,1.0,2807330.520166,64.7,287497626.51933306,0.1310820261965944,314959709272759,0.02,0.01,0.04,5.0,175,11336
12736586,7.23302752293578,0.6666,0.13,0.07,0.2,0.6666,4360000,cosmosvaloper1lzhlnpahvznwfv4jmay2tgaha5kmz5qxerarrl,2022-11-06T07:39:36.756181300Z,1.0,2807330.520166,64.7,287503699.8911897,0.1310820340689833,314959718741923,0.02,0.01,0.04,5.0,175,7513
12736587,7.23302752293578,0.6666,0.13,0.07,0.2,0.6666,4360000,cosmosvaloper1lzhlnpahvznwfv4jmay2tgaha5kmz5qxerarrl,2022-11-06T07:39:43.277230988Z,1.0,2807330.520166,64.7,287509770.8139665,0.1310820419413786,314959728211088,0.02,0.01,0.04,5.0,175,11477
12736588,7.23302752293578,0.6666,0.13,0.07,0.2,0.6666,4360000,cosmosvaloper1lzhlnpahvznwfv4jmay2tgaha5kmz5qxerarrl,2022-11-06T07:39:50.104229022Z,1.0,2807330.520166,64.7,287515844.276612,0.1310820498137555,314959737680254,0.02,0.01,0.04,5.0,175,6646
12736589,7.23302752293578,0.6666,0.13,0.07,0.2,0.6666,4360000,cosmosvaloper1lzhlnpahvznwfv4jmay2tgaha5kmz5qxerarrl,2022-11-06T07:39:56.943898093Z,1.0,2807330.520166,64.7,287521914.6450464,0.1310820576861423,314959747149421,0.02,0.01,0.04,5.0,175,20403
12736590,7.23302752293578,0.6666,0.13,0.07,0.2,0.6666,4360000,cosmosvaloper1lzhlnpahvznwfv4jmay2tgaha5kmz5qxerarrl,2022-11-06T07:40:03.223422678Z,1.0,2807330.520166,64.7,287527993.82640654,0.1310820655585358,314959756618589,0.02,0.01,0.04,5.0,175,4376
12736591,7.23302752293578,0.6666,0.13,0.07,0.2,0.6666,4360000,cosmosvaloper1lzhlnpahvznwfv4jmay2tgaha5kmz5qxerarrl,2022-11-06T07:40:09.953797099Z,1.0,2807330.520166,64.7,287534062.8988513,0.1310820734309359,314959766087758,0.02,0.01,0.04,5.0,175,0
12736592,7.23302752293578,0.6666,0.13,0.07,0.2,0.6666,4360000,cosmosvaloper1lzhlnpahvznwfv4jmay2tgaha5kmz5qxerarrl,2022-11-06T07:40:16.239510911Z,1.0,2807330.520166,64.7,287540129.1685232,0.1310820813033426,314959775556928,0.02,0.01,0.04,5.0,175,6943
12736593,7.23302752293578,0.6666,0.13,0.07,0.2,0.6666,4360000,cosmosvaloper1lzhlnpahvznwfv4jmay2tgaha5kmz5qxerarrl,2022-11-06T07:40:22.881042060Z,1.0,2807330.520166,64.7,287546199.8867562,0.1310820891757561,314959785026098,0.02,0.01,0.04,5.0,175,2809
12736594,7.23302752293578,0.6666,0.13,0.07,0.2,0.6666,4360000,cosmosvaloper1lzhlnpahvznwfv4jmay2tgaha5kmz5qxerarrl,2022-11-06T07:40:29.264503506Z,1.0,2807330.520166,64.7,287552267.9566091,0.1310820970481761,314959794495269,0.02,0.01,0.04,5.0,175,4800
12736595,7.23302752293578,0.6666,0.13,0.07,0.2,0.6666,4360000,cosmosvaloper1lzhlnpahvznwfv4jmay2tgaha5kmz5qxerarrl,2022-11-06T07:40:35.966361380Z,1.0,2807330.520166,64.7,287558337.3026045,0.1310821049206029,314959803964441,0.02,0.01,0.04,5.0,175,4236
12736596,7.23302752293578,0.6666,0.13,0.07,0.2,0.6666,4360000,cosmosvaloper1lzhlnpahvznwfv4jmay2tgaha5kmz5qxerarrl,2022-11-06T07:40:42.392894117Z,1.0,2807330.520166,64.7,287564406.28792304,0.1310821127930323,314959813433614,0.02,0.01,0.04,5.0,175,5000
12736597,7.23302752293578,0.6666,0.13,0.07,0.2,0.6666,4360000,cosmosvaloper1lzhlnpahvznwfv4jmay2tgaha5kmz5qxerarrl,2022-11-06T07:40:48.761775993Z,1.0,2807330.520166,64.7,287570475.76332647,0.1310821206654683,314959822902788,0.02,0.01,0.04,5.0,175,6793
12736598,7.23302752293578,0.6666,0.13,0.07,0.2,0.6666,4360000,cosmosvaloper1lzhlnpahvznwfv4jmay2tgaha5kmz5qxerarrl,2022-11-06T07:40:55.150496567Z,1.0,2807330.520166,64.7,287576546.38790774,0.131082128537911,314959832371963,0.02,0.01,0.04,5.0,175,6555
12736599,7.23302752293578,0.6666,0.13,0.07,0.2,0.6666,4360000,cosmosvaloper1lzhlnpahvznwfv4jmay2tgaha5kmz5qxerarrl,2022-11-06T07:41:06.560842317Z,1.0,2807330.520166,64.7,287582616.7030966,0.1310821364103603,314959841841139,0.02,0.01,0.04,5.0,175,2500
12736600,7.23302752293578,0.6666,0.13,0.07,0.2,0.6666,4360000,cosmosvaloper1lzhlnpahvznwfv4jmay2tgaha5kmz5qxerarrl,2022-11-06T07:41:12.950423398Z,1.0,2807330.520166,64.7,287588684.4212235,0.1310821442828149,314959851310315,0.02,0.01,0.04,5.0,175,14909
12736601,7.23302752293578,0.6666,0.13,0.07,0.2,0.6666,4360000,cosmosvaloper1lzhlnpahvznwfv4jmay2tgaha5kmz5qxerarrl,2022-11-06T07:41:19.432421969Z,1.0,2807330.520166,64.7,287594760.0887687,0.1310821521552729,314959860779492,0.02,0.01,0.04,5.0,175,7217
12736602,7.23302752293578,0.6666,0.13,0.07,0.2,0.6666,4360000,cosmosvaloper1lzhlnpahvznwfv4jmay2tgaha5kmz5qxerarrl,2022-11-06T07:41:25.676032467Z,1.0,2807330.520166,64.7,287600830.8292976,0.1310821600277376,314959870248670,0.02,0.01,0.04,5.0,175,2333
12736603,7.23302752293578,0.6666,0.13,0.07,0.2,0.6666,4360000,cosmosvaloper1lzhlnpahvznwfv4jmay2tgaha5kmz5qxerarrl,2022-11-06T07:41:31.970500450Z,1.0,2807330.520166,64.7,287612979.6456732,0.1310821757726869,314959889187029,0.02,0.01,0.04,5.0,175,2164
12736604,7.23302752293578,0.6666,0.13,0.07,0.2,0.6666,4360000,cosmosvaloper1lzhlnpahvznwfv4jmay2tgaha5kmz5qxerarrl,2022-11-06T07:41:38.314096914Z,1.0,2807330.520166,64.7,287612979.6456732,0.1310821757726869,314959889187029,0.02,0.01,0.04,5.0,175,4818
12736605,7.23302752293578,0.6666,0.13,0.07,0.2,0.6666,4360000,cosmosvaloper1lzhlnpahvznwfv4jmay2tgaha5kmz5qxerarrl,2022-11-06T07:41:40.665459888Z,1.0,2807330.520166,64.7,287619048.851194,0.1310821836451715,314959898656210,0.02,0.01,0.04,5.0,175,150
12736606,7.23302752293578,0.6666,0.13,0.07,0.2,0.6666,4360000,cosmosvaloper1lzhlnpahvznwfv4jmay2tgaha5kmz5qxerarrl,2022-11-06T07:41:47.414160349Z,1.0,2807330.520166,64.7,287625115.0669545,0.1310821915176628,314959908125392,0.02,0.01,0.04,5.0,175,17546
12736607,7.23302752293578,0.6666,0.13,0.07,0.2,0.6666,4360000,cosmosvaloper1lzhlnpahvznwfv4jmay2tgaha5kmz5qxerarrl,2022-11-06T07:41:53.886250359Z,1.0,2807330.520166,64.7,287631192.4275316,0.1310821993901603,314959917594574,0.02,0.01,0.04,5.0,175,2094
12736608,7.23302752293578,0.6666,0.13,0.07,0.2,0.6666,4360000,cosmosvaloper1lzhlnpahvznwfv4jmay2tgaha5kmz5qxerarrl,2022-11-06T07:42:00.770851901Z,1.0,2807330.520166,64.7,287637259.88929254,0.1310822072626645,314959927063757,0.02,0.01,0.04,5.0,175,39371
12736609,7.23302752293578,0.6666,0.13,0.07,0.2,0.6666,4360000,cosmosvaloper1lzhlnpahvznwfv4jmay2tgaha5kmz5qxerarrl,2022-11-06T07:42:07.253372173Z,1.0,2807330.520166,64.7,287643351.23197925,0.1310822151351719,314959936532941,0.02,0.01,0.04,5.0,175,12592
12736610,7.23302752293578,0.6666,0.13,0.07,0.2,0.6666,4360000,cosmosvaloper1lzhlnpahvznwfv4jmay2tgaha5kmz5qxerarrl,2022-11-06T07:42:13.429653570Z,1.0,2807330.520166,64.7,287649425.42022026,0.1310822230076859,314959946002126,0.02,0.01,0.04,5.0,175,5500
12736611,7.23302752293578,0.6666,0.13,0.07,0.2,0.6666,4360000,cosmosvaloper1lzhlnpahvznwfv4jmay2tgaha5kmz5qxerarrl,2022-11-06T07:42:19.750246091Z,1.0,2807330.520166,64.7,287655495.07007986,0.1310822308802066,314959955471312,0.02,0.01,0.04,5.0,175,2162
12736612,7.23302752293578,0.6666,0.13,0.07,0.2,0.6666,4360000,cosmosvaloper1lzhlnpahvznwfv4jmay2tgaha5kmz5qxerarrl,2022-11-06T07:42:26.223348969Z,1.0,2807330.520166,64.7,287661562.5821985,0.131082238752734,314959964940499,0.02,0.01,0.04,5.0,175,0
12736613,7.23302752293578,0.6666,0.13,0.07,0.2,0.6666,4360000,cosmosvaloper1lzhlnpahvznwfv4jmay2tgaha5kmz5qxerarrl,2022-11-06T07:42:32.722123069Z,1.0,2807330.520166,64.7,287667628.528966,0.1310822466252681,314959974409687,0.02,0.01,0.04,5.0,175,9227
12736614,7.23302752293578,0.6666,0.13,0.07,0.2,0.6666,4360000,cosmosvaloper1lzhlnpahvznwfv4jmay2tgaha5kmz5qxerarrl,2022-11-06T07:42:39.253666199Z,1.0,2807330.520166,64.7,287673700.38717616,0.1310822544978071,314959983878875,0.02,0.01,0.04,5.0,175,13871
12736615,7.23302752293578,0.6666,0.13,0.07,0.2,0.6666,4360000,cosmosvaloper1lzhlnpahvznwfv4jmay2tgaha5kmz5qxerarrl,2022-11-06T07:42:45.877507440Z,1.0,2807330.520166,64.7,287679775.2203257,0.1310822623703522,314959993348064,0.02,0.01,0.04,5.0,175,17546
12736616,7.23302752293578,0.6666,0.13,0.07,0.2,0.6666,4360000,cosmosvaloper1lzhlnpahvznwfv4jmay2tgaha5kmz5qxerarrl,2022-11-06T07:42:52.266765405Z,1.0,2807330.520166,64.7,287685852.4082854,0.1310822702422484,314960002817254,0.02,0.01,0.04,5.0,175,9348
12736617,7.23302752293578,0.6666,0.13,0.07,0.2,0.6666,4360000,cosmosvaloper1lzhlnpahvznwfv4jmay2tgaha5kmz5qxerarrl,2022-11-06T07:43:03.695732971Z,1.0,2807330.520166,64.7,287691924.3452296,0.131082278114143,314960012286445,0.02,0.01,0.04,5.0,175,4370
12736618,7.23302752293578,0.6666,0.13,0.07,0.2,0.6666,4360000,cosmosvaloper1lzhlnpahvznwfv4jmay2tgaha5kmz5qxerarrl,2022-11-06T07:43:10.237909739Z,1.0,2807330.520166,64.7,287697993.0759276,0.1310822859860443,314960021755637,0.02,0.01,0.04,5.0,175,0
12736619,7.23302752293578,0.6666,0.13,0.07,0.2,0.6666,4360000,cosmosvaloper1lzhlnpahvznwfv4jmay2tgaha5kmz5qxerarrl,2022-11-06T07:43:16.541335873Z,1.0,2807330.520166,64.7,287704059.00765085,0.1310822938579523,314960031224830,0.02,0.01,0.04,5.0,175,12588
12736620,7.23302752293578,0.6666,0.13,0.07,0.2,0.6666,4360000,cosmosvaloper1lzhlnpahvznwfv4jmay2tgaha5kmz5qxerarrl,2022-11-06T07:43:23.518620190Z,1.0,2807330.520166,64.7,287710133.0038441,0.1310823017296495,314960040694024,0.02,0.01,0.04,5.0,175,8251
12736621,7.23302752293578,0.6666,0.13,0.07,0.2,0.6666,4360000,cosmosvaloper1lzhlnpahvznwfv4jmay2tgaha5kmz5qxerarrl,2022-11-06T07:43:29.977057653Z,1.0,2807330.520166,64.7,287716204.2224106,0.1310823096013187,314960050163218,0.02,0.01,0.04,5.0,175,9763
12736622,7.23302752293578,0.6666,0.13,0.07,0.2,0.6666,4360000,cosmosvaloper1lzhlnpahvznwfv4jmay2tgaha5kmz5qxerarrl,2022-11-06T07:43:36.256525236Z,1.0,2807330.520166,64.7,287722276.4035996,0.1310823174729818,314960059632413,0.02,0.01,0.04,5.0,175,3971
12736623,7.23302752293578,0.6666,0.13,0.07,0.2,0.6666,4360000,cosmosvaloper1lzhlnpahvznwfv4jmay2tgaha5kmz5qxerarrl,2022-11-06T07:43:42.981611404Z,1.0,2807330.520166,64.7,287728344.87414473,0.1310823253446517,314960069101609,0.02,0.01,0.04,5.0,175,9471
12736624,7.23302752293578,0.6666,0.13,0.07,0.2,0.6666,4360000,cosmosvaloper1lzhlnpahvznwfv4jmay2tgaha5kmz5qxerarrl,2022-11-06T07:43:49.508359307Z,1.0,2807330.520166,64.7,287734416.86824983,0.1310823332163282,314960078570806,0.02,0.01,0.04,5.0,175,11905
12736625,7.23302752293578,0.6666,0.13,0.07,0.2,0.6666,4360000,cosmosvaloper1lzhlnpahvznwfv4jmay2tgaha5kmz5qxerarrl,2022-11-06T07:43:55.779890089Z,1.0,2807330.520166,64.7,287740490.4222057,0.1310823410880113,314960088040004,0.02,0.01,0.04,5.0,175,16764
12736626,7.23302752293578,0.6666,0.13,0.07,0.2,0.6666,4360000,cosmosvaloper1lzhlnpahvznwfv4jmay2tgaha5kmz5qxerarrl,2022-11-06T07:44:02.436916099Z,1.0,2807330.520166,64.7,287746567.0894571,0.1310823489596304,314960097509203,0.02,0.01,0.04,5.0,175,6314
12736627,7.23302752293578,0.6666,0.13,0.07,0.2,0.6666,4360000,cosmosvaloper1lzhlnpahvznwfv4jmay2tgaha5kmz5qxerarrl,2022-11-06T07:44:08.717190404Z,1.0,2807330.520166,64.7,287752637.0631231,0.1310823568312562,314960106978402,0.02,0.01,0.04,5.0,175,12668
12736628,7.23302752293578,0.6666,0.13,0.07,0.2,0.6666,4360000,cosmosvaloper1lzhlnpahvznwfv4jmay2tgaha5kmz5qxerarrl,2022-11-06T07:44:14.947295619Z,1.0,2807330.520166,64.7,287758711.10519725,0.1310823647028886,314960116447602,0.02,0.01,0.04,5.0,175,2162
12736629,7.23302752293578,0.6666,0.13,0.07,0.2,0.6666,4360000,cosmosvaloper1lzhlnpahvznwfv4jmay2tgaha5kmz5qxerarrl,2022-11-06T07:44:21.327927919Z,1.0,2807330.520166,64.7,287764778.4178149,0.1310823725745277,314960125916803,0.02,0.01,0.04,5.0,175,0
12736630,7.23302752293578,0.6666,0.13,0.07,0.2,0.6666,4360000,cosmosvaloper1lzhlnpahvznwfv4jmay2tgaha5kmz5qxerarrl,2022-11-06T07:44:27.785768088Z,1.0,2807330.520166,64.7,287770844.3461056,0.1310823804461734,314960135386005,0.02,0.01,0.04,5.0,175,10059
12736631,7.23302752293578,0.6666,0.13,0.07,0.2,0.6666,4360000,cosmosvaloper1lzhlnpahvznwfv4jmay2tgaha5kmz5qxerarrl,2022-11-06T07:44:34.066542654Z,1.0,2807330.520166,64.7,287776916.71878767,0.1310823883178258,314960144855208,0.02,0.01,0.04,5.0,175,10094
12736632,7.23302752293578,0.6666,0.13,0.07,0.2,0.6666,4360000,cosmosvaloper1lzhlnpahvznwfv4jmay2tgaha5kmz5qxerarrl,2022-11-06T07:44:40.749703097Z,1.0,2807330.520166,64.7,287782989.1145312,0.1310823961894849,314960154324412,0.02,0.01,0.04,5.0,175,7687
12736633,7.23302752293578,0.6666,0.13,0.07,0.2,0.6666,4360000,cosmosvaloper1lzhlnpahvznwfv4jmay2tgaha5kmz5qxerarrl,2022-11-06T07:44:46.911865415Z,1.0,2807330.520166,64.7,287789059.9690018,0.1310824040611441,314960163793617,0.02,0.01,0.04,5.0,175,8796
12736634,7.23302752293578,0.6666,0.13,0.07,0.2,0.6666,4360000,cosmosvaloper1lzhlnpahvznwfv4jmay2tgaha5kmz5qxerarrl,2022-11-06T07:44:53.419121674Z,1.0,2807330.520166,64.7,287795131.5345336,0.1310824119328083,314960173262822,0.02,0.01,0.04,5.0,175,22905
12736635,7.23302752293578,0.6666,0.13,0.07,0.2,0.6666,4360000,cosmosvaloper1lzhlnpahvznwfv4jmay2tgaha5kmz5qxerarrl,2022-11-06T07:45:00.656602792Z,1.0,2807330.520166,64.7,287801212.1380492,0.1310824198044766,314960182732028,0.02,0.01,0.04,5.0,175,1845
12736636,7.23302752293578,0.6666,0.13,0.07,0.2,0.6666,4360000,cosmosvaloper1lzhlnpahvznwfv4jmay2tgaha5kmz5qxerarrl,2022-11-06T07:45:11.929357320Z,1.0,2807330.520166,64.7,287807279.84646773,0.1310824276761517,314960192201235,0.02,0.01,0.04,5.0,175,0
12736637,7.23302752293578,0.6666,0.13,0.07,0.2,0.6666,4360000,cosmosvaloper1lzhlnpahvznwfv4jmay2tgaha5kmz5qxerarrl,2022-11-06T07:45:18.336380968Z,1.0,2807330.520166,64.7,287813346.373423,0.1310824355478334,314960201670443,0.02,0.01,0.04,5.0,175,7983
12736638,7.23302752293578,0.6666,0.13,0.07,0.2,0.6666,4360000,cosmosvaloper1lzhlnpahvznwfv4jmay2tgaha5kmz5qxerarrl,2022-11-06T07:45:24.748663598Z,1.0,2807330.520166,64.7,287819418.0153948,0.1310824434195165,314960211139652,0.02,0.01,0.04,5.0,175,0
12736639,7.23302752293578,0.6666,0.13,0.07,0.2,0.6666,4360000,cosmosvaloper1lzhlnpahvznwfv4jmay2tgaha5kmz5qxerarrl,2022-11-06T07:45:31.503057772Z,1.0,2807330.520166,64.7,287825483.9485125,0.1310824512912062,314960220608862,0.02,0.01,0.04,5.0,175,8472
12736640,7.23302752293578,0.6666,0.13,0.07,0.2,0.6666,4360000,cosmosvaloper1lzhlnpahvznwfv4jmay2tgaha5kmz5qxerarrl,2022-11-06T07:45:37.911707424Z,1.0,2807330.520166,64.7,287831555.30924726,0.1310824591629026,314960230078073,0.02,0.01,0.04,5.0,175,3475
12736641,7.23302752293578,0.6666,0.13,0.07,0.2,0.6666,4360000,cosmosvaloper1lzhlnpahvznwfv4jmay2tgaha5kmz5qxerarrl,2022-11-06T07:45:44.261342430Z,1.0,2807330.520166,64.7,287837623.4695668,0.1310824670346056,314960239547284,0.02,0.01,0.04,5.0,175,3272
12736642,7.23302752293578,0.6666,0.13,0.07,0.2,0.6666,4360000,cosmosvaloper1lzhlnpahvznwfv4jmay2tgaha5kmz5qxerarrl,2022-11-06T07:45:50.943255896Z,1.0,2807330.520166,64.7,287843691.49984545,0.1310824749063153,314960249016496,0.02,0.01,0.04,5.0,175,27808
12736643,7.23302752293578,0.6666,0.13,0.07,0.2,0.6666,4360000,cosmosvaloper1lzhlnpahvznwfv4jmay2tgaha5kmz5qxerarrl,2022-11-06T07:45:57.390892888Z,1.0,2807330.520166,64.7,287849775.2484166,0.1310824827780224,314960258485709,0.02,0.01,0.04,5.0,175,6330
12736644,7.23302752293578,0.6666,0.13,0.07,0.2,0.6666,4360000,cosmosvaloper1lzhlnpahvznwfv4jmay2tgaha5kmz5qxerarrl,2022-11-06T07:46:04.270288991Z,1.0,2807330.520166,64.7,287855850.93614966,0.1310824906497362,314960267954923,0.02,0.01,0.04,5.0,175,829
12736645,7.23302752293578,0.6666,0.13,0.07,0.2,0.6666,4360000,cosmosvaloper1lzhlnpahvznwfv4jmay2tgaha5kmz5qxerarrl,2022-11-06T07:46:10.580407913Z,1.0,2807330.520166,64.7,287861919.6802378,0.1310824985214567,314960277424138,0.02,0.01,0.04,5.0,175,2071
12736646,7.23302752293578,0.6666,0.13,0.07,0.2,0.6666,4360000,cosmosvaloper1lzhlnpahvznwfv4jmay2tgaha5kmz5qxerarrl,2022-11-06T07:46:16.802015167Z,1.0,2807330.520166,64.7,287867987.5538647,0.1310825063931838,314960286893354,0.02,0.01,0.04,5.0,175,19742
12736647,7.23302752293578,0.6666,0.13,0.07,0.2,0.6666,4360000,cosmosvaloper1lzhlnpahvznwfv4jmay2tgaha5kmz5qxerarrl,2022-11-06T07:46:23.177137320Z,1.0,2807330.520166,64.7,287880141.2558028,0.1310825221366401,314960305831788,0.02,0.01,0.04,5.0,175,8144
12736648,7.23302752293578,0.6666,0.13,0.07,0.2,0.6666,4360000,cosmosvaloper1lzhlnpahvznwfv4jmay2tgaha5kmz5qxerarrl,2022-11-06T07:46:29.457388998Z,1.0,2807330.520166,64.7,287880141.2558028,0.1310825221366401,314960305831788,0.02,0.01,0.04,5.0,175,7449
12736650,7.23302752293578,0.6666,0.13,0.07,0.2,0.6666,4360000,cosmosvaloper1lzhlnpahvznwfv4jmay2tgaha5kmz5qxerarrl,2022-11-06T07:46:42.331263935Z,1.0,2807330.520166,64.7,287892287.0616411,0.131082537880123,314960324770225,0.02,0.01,0.04,5.0,175,0
12736649,7.23302752293578,0.6666,0.13,0.07,0.2,0.6666,4360000,cosmosvaloper1lzhlnpahvznwfv4jmay2tgaha5kmz5qxerarrl,2022-11-06T07:46:35.858318092Z,1.0,2807330.520166,64.7,287886212.5759716,0.1310825300083782,314960315301006,0.02,0.01,0.04,5.0,175,12389
12736651,7.23302752293578,0.6666,0.13,0.07,0.2,0.6666,4360000,cosmosvaloper1lzhlnpahvznwfv4jmay2tgaha5kmz5qxerarrl,2022-11-06T07:46:48.867559819Z,1.0,2807330.520166,64.7,287898356.4687993,0.1310825457518744,314960334239445,0.02,0.01,0.04,5.0,175,13895
12736652,7.23302752293578,0.6666,0.13,0.07,0.2,0.6666,4360000,cosmosvaloper1lzhlnpahvznwfv4jmay2tgaha5kmz5qxerarrl,2022-11-06T07:46:55.110742117Z,1.0,2807330.520166,64.7,287928096.4457473,0.1310825536236326,314960343708666,0.02,0.01,0.04,5.0,175,738
12736653,7.23302752293578,0.6666,0.13,0.07,0.2,0.6666,4360000,cosmosvaloper1lzhlnpahvznwfv4jmay2tgaha5kmz5qxerarrl,2022-11-06T07:47:01.461731414Z,1.0,2807330.520166,64.7,287934163.46901,0.1310825614953973,314960353177888,0.02,0.01,0.04,5.0,175,3470
12736654,7.23302752293578,0.6666,0.13,0.07,0.2,0.6666,4360000,cosmosvaloper1lzhlnpahvznwfv4jmay2tgaha5kmz5qxerarrl,2022-11-06T07:47:07.810409327Z,1.0,2807330.520166,64.7,287940232.2431963,0.1310825693671687,314960362647111,0.02,0.01,0.04,5.0,175,5446
12736656,7.23302752293578,0.6666,0.13,0.07,0.2,0.6666,4360000,cosmosvaloper1lzhlnpahvznwfv4jmay2tgaha5kmz5qxerarrl,2022-11-06T07:47:25.687386390Z,1.0,2807330.520166,64.7,287952402.91519094,0.1310825851107066,314960381585558,0.02,0.01,0.04,5.0,175,0
12736657,7.23302752293578,0.6666,0.13,0.07,0.2,0.6666,4360000,cosmosvaloper1lzhlnpahvznwfv4jmay2tgaha5kmz5qxerarrl,2022-11-06T07:47:28.080031020Z,1.0,2807330.520166,64.7,287958471.2485865,0.131082592982473,314960391054783,0.02,0.01,0.04,5.0,175,6250
12736658,7.23302752293578,0.6666,0.13,0.07,0.2,0.6666,4360000,cosmosvaloper1lzhlnpahvznwfv4jmay2tgaha5kmz5qxerarrl,2022-11-06T07:47:34.414795753Z,1.0,2807330.520166,64.7,287964541.8050441,0.1310826008542449,314960400524009,0.02,0.01,0.04,5.0,175,4852
12736659,7.23302752293578,0.6666,0.13,0.07,0.2,0.6666,4360000,cosmosvaloper1lzhlnpahvznwfv4jmay2tgaha5kmz5qxerarrl,2022-11-06T07:47:40.691803106Z,1.0,2807330.520166,64.7,287970610.8710739,0.1310826087260235,314960409993236,0.02,0.01,0.04,5.0,175,6212
12736660,7.23302752293578,0.6666,0.13,0.07,0.2,0.6666,4360000,cosmosvaloper1lzhlnpahvznwfv4jmay2tgaha5kmz5qxerarrl,2022-11-06T07:47:47.126357042Z,1.0,2807330.520166,64.7,287976680.8089264,0.1310826165978039,314960419462464,0.02,0.01,0.04,5.0,175,6829
12736661,7.23302752293578,0.6666,0.13,0.07,0.2,0.6666,4360000,cosmosvaloper1lzhlnpahvznwfv4jmay2tgaha5kmz5qxerarrl,2022-11-06T07:47:53.751875936Z,1.0,2807330.520166,64.7,287982751.14266783,0.1310826244695909,314960428931692,0.02,0.01,0.04,5.0,175,2500
12736662,7.23302752293578,0.6666,0.13,0.07,0.2,0.6666,4360000,cosmosvaloper1lzhlnpahvznwfv4jmay2tgaha5kmz5qxerarrl,2022-11-06T07:48:00.335742414Z,1.0,2807330.520166,64.7,287988818.703116,0.1310826323413845,314960438400921,0.02,0.01,0.04,5.0,175,9279
12736663,7.23302752293578,0.6666,0.13,0.07,0.2,0.6666,4360000,cosmosvaloper1lzhlnpahvznwfv4jmay2tgaha5kmz5qxerarrl,2022-11-06T07:48:06.789431193Z,1.0,2807330.520166,64.7,287994890.6068117,0.1310826402131849,314960447870151,0.02,0.01,0.04,5.0,175,7338
12736664,7.23302752293578,0.6666,0.13,0.07,0.2,0.6666,4360000,cosmosvaloper1lzhlnpahvznwfv4jmay2tgaha5kmz5qxerarrl,2022-11-06T07:48:13.053500328Z,1.0,2807330.520166,64.7,288000961.2677493,0.1310826480849918,314960457339382,0.02,0.01,0.04,5.0,175,6263
12736665,7.23302752293578,0.6666,0.13,0.07,0.2,0.6666,4360000,cosmosvaloper1lzhlnpahvznwfv4jmay2tgaha5kmz5qxerarrl,2022-11-06T07:48:19.491641295Z,1.0,2807330.520166,64.7,288007031.2406857,0.1310826559568055,314960466808614,0.02,0.01,0.04,5.0,175,12052
12736666,7.23302752293578,0.6666,0.13,0.07,0.2,0.6666,4360000,cosmosvaloper1lzhlnpahvznwfv4jmay2tgaha5kmz5qxerarrl,2022-11-06T07:48:25.845326651Z,1.0,2807330.520166,64.7,288013104.9226787,0.1310826638286258,314960476277847,0.02,0.01,0.04,5.0,175,3886
12736667,7.23302752293578,0.6666,0.13,0.07,0.2,0.6666,4360000,cosmosvaloper1lzhlnpahvznwfv4jmay2tgaha5kmz5qxerarrl,2022-11-06T07:48:32.058187202Z,1.0,2807330.520166,64.7,288019173.3741973,0.1310826717004528,314960485747081,0.02,0.01,0.04,5.0,175,0
12736668,7.23302752293578,0.6666,0.13,0.07,0.2,0.6666,4360000,cosmosvaloper1lzhlnpahvznwfv4jmay2tgaha5kmz5qxerarrl,2022-11-06T07:48:38.384528410Z,1.0,2807330.520166,64.7,288025239.3369965,0.1310826795722864,314960495216315,0.02,0.01,0.04,5.0,175,16621
12736669,7.23302752293578,0.6666,0.13,0.07,0.2,0.6666,4360000,cosmosvaloper1lzhlnpahvznwfv4jmay2tgaha5kmz5qxerarrl,2022-11-06T07:48:44.949773130Z,1.0,2807330.520166,64.7,288031315.94715834,0.1310826874441214,314960504685550,0.02,0.01,0.04,5.0,175,15874
12736670,7.23302752293578,0.6666,0.13,0.07,0.2,0.6666,4360000,cosmosvaloper1lzhlnpahvznwfv4jmay2tgaha5kmz5qxerarrl,2022-11-06T07:48:56.239337736Z,1.0,2807330.520166,64.7,288037392.0794348,0.1310826953159681,314960514154786,0.02,0.01,0.04,5.0,175,9390
12736671,7.23302752293578,0.6666,0.13,0.07,0.2,0.6666,4360000,cosmosvaloper1lzhlnpahvznwfv4jmay2tgaha5kmz5qxerarrl,2022-11-06T07:49:02.660628406Z,1.0,2807330.520166,64.7,288043464.058572,0.1310827031878191,314960523624023,0.02,0.01,0.04,5.0,175,20438
12736672,7.23302752293578,0.6666,0.13,0.07,0.2,0.6666,4360000,cosmosvaloper1lzhlnpahvznwfv4jmay2tgaha5kmz5qxerarrl,2022-11-06T07:49:09.292555923Z,1.0,2807330.520166,64.7,288049543.1158143,0.1310827110596767,314960533093261,0.02,0.01,0.04,5.0,175,8208
12736673,7.23302752293578,0.6666,0.13,0.07,0.2,0.6666,4360000,cosmosvaloper1lzhlnpahvznwfv4jmay2tgaha5kmz5qxerarrl,2022-11-06T07:49:15.559235526Z,1.0,2807330.520166,64.7,288055614.3391365,0.1310827189315408,314960542562500,0.02,0.01,0.04,5.0,175,4137
12736674,7.23302752293578,0.6666,0.13,0.07,0.2,0.6666,4360000,cosmosvaloper1lzhlnpahvznwfv4jmay2tgaha5kmz5qxerarrl,2022-11-06T07:49:22.443275302Z,1.0,2807330.520166,64.7,288061683.5506108,0.1310827268034116,314960552031740,0.02,0.01,0.04,5.0,175,14895
12736675,7.23302752293578,0.6666,0.13,0.07,0.2,0.6666,4360000,cosmosvaloper1lzhlnpahvznwfv4jmay2tgaha5kmz5qxerarrl,2022-11-06T07:49:33.637898014Z,1.0,2807342.952035,64.7,288067759.0588861,0.1310827346752884,314960561500980,0.02,0.01,0.04,5.0,175,6250
12736676,7.23302752293578,0.6666,0.13,0.07,0.2,0.6666,4360000,cosmosvaloper1lzhlnpahvznwfv4jmay2tgaha5kmz5qxerarrl,2022-11-06T07:49:40.070487896Z,1.0,2807342.952035,64.7,288079896.6181756,0.1310827504190613,314960580439463,0.02,0.01,0.04,5.0,175,1602
12736677,7.23302752293578,0.6666,0.13,0.07,0.2,0.6666,4360000,cosmosvaloper1lzhlnpahvznwfv4jmay2tgaha5kmz5qxerarrl,2022-11-06T07:49:46.498188510Z,1.0,2807342.952035,64.7,288079896.6181756,0.1310827504190613,314960580439463,0.02,0.01,0.04,5.0,175,3000
12736678,7.23302752293578,0.6666,0.13,0.07,0.2,0.6666,4360000,cosmosvaloper1lzhlnpahvznwfv4jmay2tgaha5kmz5qxerarrl,2022-11-06T07:49:52.747534418Z,1.0,2807342.952035,64.7,288085964.50780123,0.1310827582909578,314960589908706,0.02,0.01,0.04,5.0,175,14424
12736679,7.23302752293578,0.6666,0.13,0.07,0.2,0.6666,4360000,cosmosvaloper1lzhlnpahvznwfv4jmay2tgaha5kmz5qxerarrl,2022-11-06T07:49:59.426362090Z,1.0,2807342.952035,64.7,288092039.7162474,0.1310827661628605,314960599377950,0.02,0.01,0.04,5.0,175,19489
12736680,7.23302752293578,0.6666,0.13,0.07,0.2,0.6666,4360000,cosmosvaloper1lzhlnpahvznwfv4jmay2tgaha5kmz5qxerarrl,2022-11-06T07:50:05.813787770Z,1.0,2807342.952035,64.7,288098118.1699579,0.1310827740347697,314960608847195,0.02,0.01,0.04,5.0,175,1941
12736681,7.23302752293578,0.6666,0.13,0.07,0.2,0.6666,4360000,cosmosvaloper1lzhlnpahvznwfv4jmay2tgaha5kmz5qxerarrl,2022-11-06T07:50:12.047120825Z,1.0,2807342.952035,64.7,288104185.9783573,0.1310827819066857,314960618316441,0.02,0.01,0.04,5.0,175,8069
12736682,7.23302752293578,0.6666,0.13,0.07,0.2,0.6666,4360000,cosmosvaloper1lzhlnpahvznwfv4jmay2tgaha5kmz5qxerarrl,2022-11-06T07:50:18.392296242Z,1.0,2807342.952035,64.7,288110257.1177315,0.1310827897786079,314960627785687,0.02,0.01,0.04,5.0,175,4832
12736683,7.23302752293578,0.6666,0.13,0.07,0.2,0.6666,4360000,cosmosvaloper1lzhlnpahvznwfv4jmay2tgaha5kmz5qxerarrl,2022-11-06T07:50:24.779414566Z,1.0,2807342.952035,64.7,288116326.1834932,0.1310827976505367,314960637254934,0.02,0.01,0.04,5.0,175,2071
12736684,7.23302752293578,0.6666,0.13,0.07,0.2,0.6666,4360000,cosmosvaloper1lzhlnpahvznwfv4jmay2tgaha5kmz5qxerarrl,2022-11-06T07:50:31.435000764Z,1.0,2807342.952035,64.7,288122393.48120725,0.1310828055224722,314960646724182,0.02,0.01,0.04,5.0,175,7375
12736685,7.23302752293578,0.6666,0.13,0.07,0.2,0.6666,4360000,cosmosvaloper1lzhlnpahvznwfv4jmay2tgaha5kmz5qxerarrl,2022-11-06T07:50:37.820767010Z,1.0,2807342.952035,64.7,288128464.1772883,0.1310828133944144,314960656193431,0.02,0.01,0.04,5.0,175,13032
12736686,7.23302752293578,0.6666,0.13,0.07,0.2,0.6666,4360000,cosmosvaloper1lzhlnpahvznwfv4jmay2tgaha5kmz5qxerarrl,2022-11-06T07:50:44.615789274Z,1.0,2807342.952035,64.7,288134538.4978671,0.1310828212663632,314960665662681,0.02,0.01,0.04,5.0,175,11177
12736687,7.23302752293578,0.6666,0.13,0.07,0.2,0.6666,4360000,cosmosvaloper1lzhlnpahvznwfv4jmay2tgaha5kmz5qxerarrl,2022-11-06T07:50:50.963906370Z,1.0,2807342.952035,64.7,288140611.630779,0.1310828291383075,314960675131932,0.02,0.01,0.04,5.0,175,11488
12736688,7.23302752293578,0.6666,0.13,0.07,0.2,0.6666,4360000,cosmosvaloper1lzhlnpahvznwfv4jmay2tgaha5kmz5qxerarrl,2022-11-06T07:50:57.205554786Z,1.0,2807342.952035,64.7,288146684.96355724,0.1310828370102556,314960684601184,0.02,0.01,0.04,5.0,175,2616
12736689,7.23302752293578,0.6666,0.13,0.07,0.2,0.6666,4360000,cosmosvaloper1lzhlnpahvznwfv4jmay2tgaha5kmz5qxerarrl,2022-11-06T07:51:03.550496450Z,1.0,2807342.952035,64.7,288152752.6133019,0.1310828448822104,314960694070436,0.02,0.01,0.04,5.0,175,16016
12736690,7.23302752293578,0.6666,0.13,0.07,0.2,0.6666,4360000,cosmosvaloper1lzhlnpahvznwfv4jmay2tgaha5kmz5qxerarrl,2022-11-06T07:51:09.928079407Z,1.0,2807342.952035,64.7,288158828.84695613,0.13108285275415,314960703539689,0.02,0.01,0.04,5.0,175,2073
12736691,7.23302752293578,0.6666,0.13,0.07,0.2,0.6666,4360000,cosmosvaloper1lzhlnpahvznwfv4jmay2tgaha5kmz5qxerarrl,2022-11-06T07:51:16.311635008Z,1.0,2807342.952035,64.7,288164896.149408,0.1310828606260964,314960713008943,0.02,0.01,0.04,5.0,175,9366
12736692,7.23302752293578,0.6666,0.13,0.07,0.2,0.6666,4360000,cosmosvaloper1lzhlnpahvznwfv4jmay2tgaha5kmz5qxerarrl,2022-11-06T07:51:22.903684740Z,1.0,2807342.952035,64.7,288170968.12377787,0.1310828684980494,314960722478198,0.02,0.01,0.04,5.0,175,3029
12736693,7.23302752293578,0.6666,0.13,0.07,0.2,0.6666,4360000,cosmosvaloper1lzhlnpahvznwfv4jmay2tgaha5kmz5qxerarrl,2022-11-06T07:51:29.303430726Z,1.0,2807342.952035,64.7,288177036.039326,0.131082876370009,314960731947454,0.02,0.01,0.04,5.0,175,0
12736694,7.23302752293578,0.6666,0.13,0.07,0.2,0.6666,4360000,cosmosvaloper1lzhlnpahvznwfv4jmay2tgaha5kmz5qxerarrl,2022-11-06T07:51:35.775712677Z,1.0,2807342.952035,64.7,288183102.0151468,0.1310828842419754,314960741416711,0.02,0.01,0.04,5.0,175,9389
12736695,7.23302752293578,0.6666,0.13,0.07,0.2,0.6666,4360000,cosmosvaloper1lzhlnpahvznwfv4jmay2tgaha5kmz5qxerarrl,2022-11-06T07:51:47.152467516Z,1.0,2807342.952035,64.7,288189174.0061722,0.1310828921139425,314960750885969,0.02,0.01,0.04,5.0,175,739
12736696,7.23302752293578,0.6666,0.13,0.07,0.2,0.6666,4360000,cosmosvaloper1lzhlnpahvznwfv4jmay2tgaha5kmz5qxerarrl,2022-11-06T07:51:53.874467760Z,1.0,2807342.952035,64.7,288195240.4566753,0.1310828999859164,314960760355227,0.02,0.01,0.04,5.0,175,7533
12736697,7.23302752293578,0.6666,0.13,0.07,0.2,0.6666,4360000,cosmosvaloper1lzhlnpahvznwfv4jmay2tgaha5kmz5qxerarrl,2022-11-06T07:52:00.248959266Z,1.0,2807342.952035,64.7,288201311.2592148,0.1310829078578959,314960769824486,0.02,0.01,0.04,5.0,175,389
12736698,7.23302752293578,0.6666,0.13,0.07,0.2,0.6666,4360000,cosmosvaloper1lzhlnpahvznwfv4jmay2tgaha5kmz5qxerarrl,2022-11-06T07:52:06.975296505Z,1.0,2807342.952035,64.7,288207377.48597085,0.1310829157298808,314960779293746,0.02,0.01,0.04,5.0,175,3859
12736699,7.23302752293578,0.6666,0.13,0.07,0.2,0.6666,4360000,cosmosvaloper1lzhlnpahvznwfv4jmay2tgaha5kmz5qxerarrl,2022-11-06T07:52:13.200881215Z,1.0,2807342.952035,64.7,288213445.9362089,0.1310829236018724,314960788763007,0.02,0.01,0.04,5.0,175,9552
12736700,7.23302752293578,0.6666,0.13,0.07,0.2,0.6666,4360000,cosmosvaloper1lzhlnpahvznwfv4jmay2tgaha5kmz5qxerarrl,2022-11-06T07:52:19.457160167Z,1.0,2807342.952035,64.7,288219518.03397566,0.1310829314738577,314960798232269,0.02,0.01,0.04,5.0,175,0
12736701,7.23302752293578,0.6666,0.13,0.07,0.2,0.6666,4360000,cosmosvaloper1lzhlnpahvznwfv4jmay2tgaha5kmz5qxerarrl,2022-11-06T07:52:25.968108239Z,1.0,2807342.952035,64.7,288225584.01340187,0.1310829393458496,314960807701532,0.02,0.01,0.04,5.0,175,1801
12736702,7.23302752293578,0.6666,0.13,0.07,0.2,0.6666,4360000,cosmosvaloper1lzhlnpahvznwfv4jmay2tgaha5kmz5qxerarrl,2022-11-06T07:52:32.251500220Z,1.0,2807342.952035,64.7,288231651.14685607,0.1310829472178482,314960817170795,0.02,0.01,0.04,5.0,175,7410
12736703,7.23302752293578,0.6666,0.13,0.07,0.2,0.6666,4360000,cosmosvaloper1lzhlnpahvznwfv4jmay2tgaha5kmz5qxerarrl,2022-11-06T07:52:38.755387698Z,1.0,2807342.952035,64.7,288237721.8734179,0.1310829550898535,314960826640059,0.02,0.01,0.04,5.0,175,7024
12736704,7.23302752293578,0.6666,0.13,0.07,0.2,0.6666,4360000,cosmosvaloper1lzhlnpahvznwfv4jmay2tgaha5kmz5qxerarrl,2022-11-06T07:52:45.301424419Z,1.0,2807342.952035,64.7,288243792.3533499,0.1310829629618655,314960836109324,0.02,0.01,0.04,5.0,175,0
12736705,7.23302752293578,0.6666,0.13,0.07,0.2,0.6666,4360000,cosmosvaloper1lzhlnpahvznwfv4jmay2tgaha5kmz5qxerarrl,2022-11-06T07:52:51.860231958Z,1.0,2807342.952035,64.7,288249858.3343705,0.1310829708338841,314960845578590,0.02,0.01,0.04,5.0,175,4151
12736706,7.23302752293578,0.6666,0.13,0.07,0.2,0.6666,4360000,cosmosvaloper1lzhlnpahvznwfv4jmay2tgaha5kmz5qxerarrl,2022-11-06T07:52:58.199414464Z,1.0,2807342.952035,64.7,288255926.97514904,0.1310829787059093,314960855047857,0.02,0.01,0.04,5.0,175,5508
12736707,7.23302752293578,0.6666,0.13,0.07,0.2,0.6666,4360000,cosmosvaloper1lzhlnpahvznwfv4jmay2tgaha5kmz5qxerarrl,2022-11-06T07:53:04.731590857Z,1.0,2807342.952035,64.7,288261996.485858,0.1310829865779404,314960864517125,0.02,0.01,0.04,5.0,175,14279
12736708,7.23302752293578,0.6666,0.13,0.07,0.2,0.6666,4360000,cosmosvaloper1lzhlnpahvznwfv4jmay2tgaha5kmz5qxerarrl,2022-11-06T07:53:11.051636718Z,1.0,2807342.952035,64.7,288268071.615882351529882896,0.131082994449966505,314960873986394,0.020000000000000000,0.010000000000000000,0.040000000000000000,5.0,175,11047
