block_num,Block_length_target,Goal_Bonded,Inflation_Rate_Change,Min_Inflation_Rate,Max_Inflation_Rate,Min_Signatures,Blocks_per_year,Validator_id,total_block_fees,proposer,timestamp,sign_ratio,community_tax,min_proposer_bonus,max_proposer_bonus,inflation_rate,v_commission,commission_amt,total_supply,atom_staked_v,percent_staked,n_validators,commission
12788312,7.23302752293578,0.6666,0.13,0.07,0.2,0.6666,4360000,cosmosvaloper1c4k24jzduc365kywrsvf5ujz4ya6mwympnc4en,0,ddqzFvTKE2f1MqtxqAt/plq2kDk=,2022-11-10T07:43:10.919220263Z,1.0,0.02,0.01,0.04,0.1315112237100762,20.0,986149246.7682078,315450632493110,15658138.732106,64.49,175,
12788313,7.23302752293578,0.6666,0.13,0.07,0.2,0.6666,4360000,cosmosvaloper1c4k24jzduc365kywrsvf5ujz4ya6mwympnc4en,0,bXAfpZUyaI3xa6+VIRN+jBTLsxY=,2022-11-10T07:43:17.535448482Z,1.0,0.02,0.01,0.04,0.1315112322911409,20.0,986285679.293862,315450642008087,15658138.732106,64.49,175,20.0
12788314,7.23302752293578,0.6666,0.13,0.07,0.2,0.6666,4360000,cosmosvaloper1c4k24jzduc365kywrsvf5ujz4ya6mwympnc4en,0,Wlnch0b9cn/d1cv1y7kMb2Fsz5s=,2022-11-10T07:43:24.334906075Z,1.0,0.02,0.01,0.04,0.1315112408722122,20.0,986421962.751966,315450651523065,15658138.732106,64.49,175,20.0
12788315,7.23302752293578,0.6666,0.13,0.07,0.2,0.6666,4360000,cosmosvaloper1c4k24jzduc365kywrsvf5ujz4ya6mwympnc4en,0,6AB0DGjIGzA0XDriumOPpW/2fu8=,2022-11-10T07:43:30.917354985Z,1.0,0.02,0.01,0.04,0.1315112494532793,20.0,986558495.284528,315450661038044,15658138.732106,64.49,175,20.0
12788316,7.23302752293578,0.6666,0.13,0.07,0.2,0.6666,4360000,cosmosvaloper1c4k24jzduc365kywrsvf5ujz4ya6mwympnc4en,0,rC1WBXzYR2Xm++MYl5CT6ORKoY8=,2022-11-10T07:43:37.529435648Z,1.0,0.02,0.01,0.04,0.1315112666154334,20.0,986831272.4990988,315450680068005,15658138.732106,64.49,175,20.0
12788317,7.23302752293578,0.6666,0.13,0.07,0.2,0.6666,4360000,cosmosvaloper1c4k24jzduc365kywrsvf5ujz4ya6mwympnc4en,0,2mqqqVnJ74ij6zex8QfLJmfruqs=,2022-11-10T07:43:43.697345407Z,0.9942857142857144,0.02,0.01,0.04,0.1315112666154334,20.0,986831272.4990988,315450680068005,15658138.732106,64.49,175,20.0
12788318,7.23302752293578,0.6666,0.13,0.07,0.2,0.6666,4360000,cosmosvaloper1c4k24jzduc365kywrsvf5ujz4ya6mwympnc4en,0,7VCeeAl+EwapH+3o6Ft10Gvd9uM=,2022-11-10T07:43:46.048780396Z,1.0,0.02,0.01,0.04,0.1315112751961406,20.0,986967527.4040116,315450689582986,15658138.732106,64.49,175,20.0
12788319,7.23302752293578,0.6666,0.13,0.07,0.2,0.6666,4360000,cosmosvaloper1c4k24jzduc365kywrsvf5ujz4ya6mwympnc4en,0,nPiuH9UH+XoFQlBYL/5SkiyNNwU=,2022-11-10T07:43:52.436288989Z,0.9942857142857144,0.02,0.01,0.04,0.1315112837765225,20.0,987103841.1600392,315450699097968,15658138.732106,64.49,175,20.0
12788320,7.23302752293578,0.6666,0.13,0.07,0.2,0.6666,4360000,cosmosvaloper1c4k24jzduc365kywrsvf5ujz4ya6mwympnc4en,0,Z5uJeFlzvpTU/fi2b4SpKZMukcU=,2022-11-10T07:43:58.949843058Z,1.0,0.02,0.01,0.04,0.1315112923569104,20.0,987240266.113397,315450708612951,15658138.732106,64.49,175,20.0
12788321,7.23302752293578,0.6666,0.13,0.07,0.2,0.6666,4360000,cosmosvaloper1c4k24jzduc365kywrsvf5ujz4ya6mwympnc4en,0,0tRY+SCey4yiqrHZngZhG4Eqh5c=,2022-11-10T07:44:05.316051824Z,1.0,0.02,0.01,0.04,0.1315113009372947,20.0,987376584.5548276,315450718127935,15658138.732106,64.49,175,20.0
12788322,7.23302752293578,0.6666,0.13,0.07,0.2,0.6666,4360000,cosmosvaloper1c4k24jzduc365kywrsvf5ujz4ya6mwympnc4en,0,1o7sDS6CSPHsZM21he22HspDK9g=,2022-11-10T07:44:11.552185129Z,1.0,0.02,0.01,0.04,0.1315113095176748,20.0,987512933.8883872,315450727642920,15658138.732106,64.49,175,20.0
12788323,7.23302752293578,0.6666,0.13,0.07,0.2,0.6666,4360000,cosmosvaloper1c4k24jzduc365kywrsvf5ujz4ya6mwympnc4en,0,0UpULodWw6lC2f2Ic9wumneYoX8=,2022-11-10T07:44:17.939852077Z,1.0,0.02,0.01,0.04,0.1315113180980615,20.0,987744483.2867188,315450737157906,15658138.732106,64.49,175,20.0
12788324,7.23302752293578,0.6666,0.13,0.07,0.2,0.6666,4360000,cosmosvaloper1c4k24jzduc365kywrsvf5ujz4ya6mwympnc4en,0,sBVSUtc7fut00qjMgUOX5mlwqDk=,2022-11-10T07:44:24.396930510Z,1.0,0.02,0.01,0.04,0.1315113266784549,20.0,987880730.6240972,315450746672893,15658138.732106,64.49,175,20.0
12788325,7.23302752293578,0.6666,0.13,0.07,0.2,0.6666,4360000,cosmosvaloper1c4k24jzduc365kywrsvf5ujz4ya6mwympnc4en,0,9Zc0qJanaJQ2vDQiJE/YYq4YnFw=,2022-11-10T07:44:30.872596326Z,1.0,0.02,0.01,0.04,0.1315113352588393,20.0,988017122.5334624,315450756187881,15658138.732106,64.49,175,20.0
12788326,7.23302752293578,0.6666,0.13,0.07,0.2,0.6666,4360000,cosmosvaloper1c4k24jzduc365kywrsvf5ujz4ya6mwympnc4en,0,HO0wcz0WJciatphndgbQ43s2dqk=,2022-11-10T07:44:37.675631321Z,1.0,0.02,0.01,0.04,0.1315113438392247,20.0,988153578.9769914,315450765702870,15658138.732106,64.49,175,20.0
12788327,7.23302752293578,0.6666,0.13,0.07,0.2,0.6666,4360000,cosmosvaloper1c4k24jzduc365kywrsvf5ujz4ya6mwympnc4en,0,Fw/v1tf0ppqucKJEFfxOLJKN4uU=,2022-11-10T07:44:44.074145681Z,1.0,0.02,0.01,0.04,0.1315113524196162,20.0,988290177.7928392,315450775217860,15658138.732106,64.49,175,20.0
12788328,7.23302752293578,0.6666,0.13,0.07,0.2,0.6666,4360000,cosmosvaloper1c4k24jzduc365kywrsvf5ujz4ya6mwympnc4en,0,g/R9d0ew9jOmug30m33PYfkKobA=,2022-11-10T07:44:50.350137789Z,0.9942857142857144,0.02,0.01,0.04,0.1315113610000017,20.0,988426770.9033264,315450784732851,15658138.732106,64.49,175,20.0
12788329,7.23302752293578,0.6666,0.13,0.07,0.2,0.6666,4360000,cosmosvaloper1c4k24jzduc365kywrsvf5ujz4ya6mwympnc4en,0,4KEmUlnOnHj3ayEZaATxspRtsmo=,2022-11-10T07:44:57.055216820Z,0.9142857142857144,0.02,0.01,0.04,0.1315113695803934,20.0,988563683.9369828,315450794247842,15658138.732106,64.49,175,20.0
12788330,7.23302752293578,0.6666,0.13,0.07,0.2,0.6666,4360000,cosmosvaloper1c4k24jzduc365kywrsvf5ujz4ya6mwympnc4en,0,4KEmUlnOnHj3ayEZaATxspRtsmo=,2022-11-10T07:45:08.585754287Z,0.9885714285714284,0.02,0.01,0.04,0.1315113781607599,20.0,988700426.038972,315450803762834,15658138.732106,64.49,175,20.0
12788331,7.23302752293578,0.6666,0.13,0.07,0.2,0.6666,4360000,cosmosvaloper1c4k24jzduc365kywrsvf5ujz4ya6mwympnc4en,0,MZIPm8Ojm2aHbMfW1eWJ4QOTvw4=,2022-11-10T07:45:15.170211095Z,1.0,0.02,0.01,0.04,0.1315113867411329,20.0,988836765.6760772,315450813277827,15658138.732106,64.49,175,20.0
12788332,7.23302752293578,0.6666,0.13,0.07,0.2,0.6666,4360000,cosmosvaloper1c4k24jzduc365kywrsvf5ujz4ya6mwympnc4en,0,aPJweVkNysw6wcSJKhoAjzSPWW8=,2022-11-10T07:45:21.594384718Z,1.0,0.02,0.01,0.04,0.1315113953215124,20.0,988973192.6610688,315450822792821,15658138.732106,64.49,175,20.0
12788333,7.23302752293578,0.6666,0.13,0.07,0.2,0.6666,4360000,cosmosvaloper1c4k24jzduc365kywrsvf5ujz4ya6mwympnc4en,0,rC1WBXzYR2Xm++MYl5CT6ORKoY8=,2022-11-10T07:45:27.878024787Z,1.0,0.02,0.01,0.04,0.1315114039018975,20.0,989109782.2118804,315450832307816,15658138.732106,64.49,175,20.0
12788334,7.23302752293578,0.6666,0.13,0.07,0.2,0.6666,4360000,cosmosvaloper1c4k24jzduc365kywrsvf5ujz4ya6mwympnc4en,0,uezh17TdgOhoJj6jqvJyucfxKS0=,2022-11-10T07:45:34.100956024Z,1.0,0.02,0.01,0.04,0.1315114124822892,20.0,989246024.3262068,315450841822812,15658138.732106,64.49,175,20.0
12788335,7.23302752293578,0.6666,0.13,0.07,0.2,0.6666,4360000,cosmosvaloper1c4k24jzduc365kywrsvf5ujz4ya6mwympnc4en,0,1o7sDS6CSPHsZM21he22HspDK9g=,2022-11-10T07:45:40.360430488Z,1.0,0.02,0.01,0.04,0.1315114210626774,20.0,989382495.0156612,315450851337809,15658138.732106,64.49,175,20.0
12788336,7.23302752293578,0.6666,0.13,0.07,0.2,0.6666,4360000,cosmosvaloper1c4k24jzduc365kywrsvf5ujz4ya6mwympnc4en,0,TrEoJnX3JLWQJvIXPCPw3Jk28Rg=,2022-11-10T07:45:46.858395463Z,0.9428571428571428,0.02,0.01,0.04,0.1315114296430694,20.0,989609926.166096,315450860852807,15658138.732106,64.49,175,20.0
12788337,7.23302752293578,0.6666,0.13,0.07,0.2,0.6666,4360000,cosmosvaloper1c4k24jzduc365kywrsvf5ujz4ya6mwympnc4en,0,usM/NA80l3UfEkho8EnsLokwrC8=,2022-11-10T07:45:53.168822906Z,0.9828571428571428,0.02,0.01,0.04,0.1315114382234569,20.0,989746833.1611505,315450870367806,15658138.732106,64.49,175,20.0
12788338,7.23302752293578,0.6666,0.13,0.07,0.2,0.6666,4360000,cosmosvaloper1c4k24jzduc365kywrsvf5ujz4ya6mwympnc4en,0,usM/NA80l3UfEkho8EnsLokwrC8=,2022-11-10T07:46:04.683162231Z,0.9485714285714286,0.02,0.01,0.04,0.1315114468038294,20.0,989883523.9968284,315450879882806,15658138.732106,64.49,175,20.0
12788339,7.23302752293578,0.6666,0.13,0.07,0.2,0.6666,4360000,cosmosvaloper1c4k24jzduc365kywrsvf5ujz4ya6mwympnc4en,0,RnWWYjgvy0fHp78CVYOkFaBRQ+g=,2022-11-10T07:46:11.291166220Z,0.9771428571428572,0.02,0.01,0.04,0.1315114553842086,20.0,990020105.4108,315450889397806,15658138.732106,64.49,175,20.0
12788340,7.23302752293578,0.6666,0.13,0.07,0.2,0.6666,4360000,cosmosvaloper1c4k24jzduc365kywrsvf5ujz4ya6mwympnc4en,0,0tRY+SCey4yiqrHZngZhG4Eqh5c=,2022-11-10T07:46:17.571860312Z,0.9828571428571428,0.02,0.01,0.04,0.1315114639645347,20.0,990156832.502924,315450898912807,15658138.732106,64.49,175,20.0
12788341,7.23302752293578,0.6666,0.13,0.07,0.2,0.6666,4360000,cosmosvaloper1c4k24jzduc365kywrsvf5ujz4ya6mwympnc4en,0,sRZ9BDfbnfDVM+4qzeSBBxOb3S4=,2022-11-10T07:46:23.791920161Z,0.9828571428571428,0.02,0.01,0.04,0.1315114725448577,20.0,990293447.8335872,315450908427809,15658138.732106,64.49,175,20.0
12788342,7.23302752293578,0.6666,0.13,0.07,0.2,0.6666,4360000,cosmosvaloper1c4k24jzduc365kywrsvf5ujz4ya6mwympnc4en,0,zIf1a1hiGBHitaR/OMYWbilc424=,2022-11-10T07:46:30.000038219Z,0.9771428571428572,0.02,0.01,0.04,0.1315114811251223,20.0,990430084.618716,315450917942812,15658138.732106,64.49,175,20.0
12788343,7.23302752293578,0.6666,0.13,0.07,0.2,0.6666,4360000,cosmosvaloper1c4k24jzduc365kywrsvf5ujz4ya6mwympnc4en,0,2fikG3gqpqZq3IH5U5I8fc57YAE=,2022-11-10T07:46:36.486090814Z,0.9828571428571428,0.02,0.01,0.04,0.1315114897053936,20.0,990566649.9938568,315450927457816,15658138.732106,64.49,175,20.0
12788344,7.23302752293578,0.6666,0.13,0.07,0.2,0.6666,4360000,cosmosvaloper1c4k24jzduc365kywrsvf5ujz4ya6mwympnc4en,0,nPiuH9UH+XoFQlBYL/5SkiyNNwU=,2022-11-10T07:46:43.054775530Z,0.9828571428571428,0.02,0.01,0.04,0.1315114982856629,20.0,990703501.6185693,315450936972821,15658138.732106,64.49,175,20.0
12788345,7.23302752293578,0.6666,0.13,0.07,0.2,0.6666,4360000,cosmosvaloper1c4k24jzduc365kywrsvf5ujz4ya6mwympnc4en,0,+0+yWmG0k6W/jjzUtej1tATajiM=,2022-11-10T07:46:49.498904950Z,0.96,0.02,0.01,0.04,0.1315115068659389,20.0,990839811.9605564,315450946487827,15658138.732106,64.49,175,20.0
12788346,7.23302752293578,0.6666,0.13,0.07,0.2,0.6666,4360000,cosmosvaloper1c4k24jzduc365kywrsvf5ujz4ya6mwympnc4en,0,AAAB5EP9I35LYW4vpp307j1JqU8=,2022-11-10T07:46:56.114118764Z,0.9885714285714284,0.02,0.01,0.04,0.1315115154460154,20.0,990976227.2560045,315450956002834,15658138.732106,64.49,175,20.0
12788347,7.23302752293578,0.6666,0.13,0.07,0.2,0.6666,4360000,cosmosvaloper1c4k24jzduc365kywrsvf5ujz4ya6mwympnc4en,0,7VCeeAl+EwapH+3o6Ft10Gvd9uM=,2022-11-10T07:47:02.408911368Z,0.9885714285714284,0.02,0.01,0.04,0.1315115240260985,20.0,991112688.5216626,315450965517842,15658138.732106,64.49,175,20.0
12788348,7.23302752293578,0.6666,0.13,0.07,0.2,0.6666,4360000,cosmosvaloper1c4k24jzduc365kywrsvf5ujz4ya6mwympnc4en,0,1o7sDS6CSPHsZM21he22HspDK9g=,2022-11-10T07:47:08.708645355Z,0.9885714285714284,0.02,0.01,0.04,0.1315115326061638,20.0,991249096.8156184,315450975032851,15658138.732106,64.49,175,20.0
12788349,7.23302752293578,0.6666,0.13,0.07,0.2,0.6666,4360000,cosmosvaloper1c4k24jzduc365kywrsvf5ujz4ya6mwympnc4en,0,USBWWacX3/uW4FT4vREIcw4Xrqc=,2022-11-10T07:47:15.215575383Z,0.9942857142857144,0.02,0.01,0.04,0.1315115411862353,20.0,991480533.2792896,315450984547861,15658138.732106,64.49,175,20.0
12788350,7.23302752293578,0.6666,0.13,0.07,0.2,0.6666,4360000,cosmosvaloper1c4k24jzduc365kywrsvf5ujz4ya6mwympnc4en,0,USBWWacX3/uW4FT4vREIcw4Xrqc=,2022-11-10T07:47:26.412015889Z,0.9828571428571428,0.02,0.01,0.04,0.1315115497663133,20.0,991616744.871604,315450994062871,15658138.732106,64.49,175,20.0
12788351,7.23302752293578,0.6666,0.13,0.07,0.2,0.6666,4360000,cosmosvaloper1c4k24jzduc365kywrsvf5ujz4ya6mwympnc4en,0,rC1WBXzYR2Xm++MYl5CT6ORKoY8=,2022-11-10T07:47:32.758161147Z,1.0,0.02,0.01,0.04,0.1315115583450266,20.0,991753095.4096168,315451003577882,15658138.732106,64.49,175,20.0
12788352,7.23302752293578,0.6666,0.13,0.07,0.2,0.6666,4360000,cosmosvaloper1c4k24jzduc365kywrsvf5ujz4ya6mwympnc4en,0,Z5uJeFlzvpTU/fi2b4SpKZMukcU=,2022-11-10T07:47:38.916897114Z,1.0,0.02,0.01,0.04,0.1315115669237355,20.0,991889539.3559016,315451013092894,15658138.732106,64.49,175,20.0
12788353,7.23302752293578,0.6666,0.13,0.07,0.2,0.6666,4360000,cosmosvaloper1c4k24jzduc365kywrsvf5ujz4ya6mwympnc4en,0,RPBYL8sjsEQHRDaQb4IGz2VRLDY=,2022-11-10T07:47:45.138161511Z,1.0,0.02,0.01,0.04,0.1315115755024501,20.0,992025855.2189252,315451022607907,15658138.732106,64.49,175,20.0
12788354,7.23302752293578,0.6666,0.13,0.07,0.2,0.6666,4360000,cosmosvaloper1c4k24jzduc365kywrsvf5ujz4ya6mwympnc4en,0,6Dv8Q20s6NzJ7AWJsuW3NeN/uFw=,2022-11-10T07:47:52.071421397Z,1.0,0.02,0.01,0.04,0.1315115840811714,20.0,992162227.0332977,315451032122921,15658138.732106,64.49,175,20.0
12788355,7.23302752293578,0.6666,0.13,0.07,0.2,0.6666,4360000,cosmosvaloper1c4k24jzduc365kywrsvf5ujz4ya6mwympnc4en,0,CZ4rCVgzMa/eNeX6lmc9LKfeoxY=,2022-11-10T07:47:58.220660935Z,1.0,0.02,0.01,0.04,0.1315115926598994,20.0,992298661.3907818,315451041637936,15658138.732106,64.49,175,20.0
12788356,7.23302752293578,0.6666,0.13,0.07,0.2,0.6666,4360000,cosmosvaloper1c4k24jzduc365kywrsvf5ujz4ya6mwympnc4en,0,9Zc0qJanaJQ2vDQiJE/YYq4YnFw=,2022-11-10T07:48:04.462525011Z,0.9942857142857144,0.02,0.01,0.04,0.1315116012385852,20.0,992434988.010911,315451051152952,15658138.732106,64.49,175,20.0
12788357,7.23302752293578,0.6666,0.13,0.07,0.2,0.6666,4360000,cosmosvaloper1c4k24jzduc365kywrsvf5ujz4ya6mwympnc4en,0,HO0wcz0WJciatphndgbQ43s2dqk=,2022-11-10T07:48:11.086790274Z,1.0,0.02,0.01,0.04,0.131511609817268,20.0,992571274.7055178,315451060667969,15658138.732106,64.49,175,20.0
12788358,7.23302752293578,0.6666,0.13,0.07,0.2,0.6666,4360000,cosmosvaloper1c4k24jzduc365kywrsvf5ujz4ya6mwympnc4en,0,gZZf6KFfqAeMkgLzLkz6cvhfKiI=,2022-11-10T07:48:17.353377469Z,1.0,0.02,0.01,0.04,0.1315116183959573,20.0,992707485.512935,315451070182987,15658138.732106,64.49,175,20.0
12788359,7.23302752293578,0.6666,0.13,0.07,0.2,0.6666,4360000,cosmosvaloper1c4k24jzduc365kywrsvf5ujz4ya6mwympnc4en,0,ppNdh3uXdsRblu6uUmlZo7mlqxo=,2022-11-10T07:48:23.799169493Z,1.0,0.02,0.01,0.04,0.131511626974419,20.0,992843899.8356618,315451079698006,15658138.732106,64.49,175,20.0
12788360,7.23302752293578,0.6666,0.13,0.07,0.2,0.6666,4360000,cosmosvaloper1c4k24jzduc365kywrsvf5ujz4ya6mwympnc4en,0,bXAfpZUyaI3xa6+VIRN+jBTLsxY=,2022-11-10T07:48:30.371277801Z,1.0,0.02,0.01,0.04,0.1315116355528872,20.0,992980142.2453468,315451089213026,15658138.732106,64.49,175,20.0
12788361,7.23302752293578,0.6666,0.13,0.07,0.2,0.6666,4360000,cosmosvaloper1c4k24jzduc365kywrsvf5ujz4ya6mwympnc4en,0,1o7sDS6CSPHsZM21he22HspDK9g=,2022-11-10T07:48:37.099718726Z,1.0,0.02,0.01,0.04,0.131511644131362,20.0,993116381.5757391,315451098728046,15658138.732106,64.49,175,20.0
12788362,7.23302752293578,0.6666,0.13,0.07,0.2,0.6666,4360000,cosmosvaloper1c4k24jzduc365kywrsvf5ujz4ya6mwympnc4en,0,0tRY+SCey4yiqrHZngZhG4Eqh5c=,2022-11-10T07:48:43.452335078Z,1.0,0.02,0.01,0.04,0.1315116527098435,20.0,993348062.3193796,315451108243067,15658138.732106,64.49,175,20.0
12788363,7.23302752293578,0.6666,0.13,0.07,0.2,0.6666,4360000,cosmosvaloper1c4k24jzduc365kywrsvf5ujz4ya6mwympnc4en,0,aPJweVkNysw6wcSJKhoAjzSPWW8=,2022-11-10T07:48:49.889758016Z,1.0,0.02,0.01,0.04,0.1315116612883218,20.0,993484460.220739,315451117758089,15658138.732106,64.49,175,20.0
12788364,7.23302752293578,0.6666,0.13,0.07,0.2,0.6666,4360000,cosmosvaloper1c4k24jzduc365kywrsvf5ujz4ya6mwympnc4en,0,hGvk854xItKi0/5UVOJWEHPpVTg=,2022-11-10T07:48:56.269005606Z,1.0,0.02,0.01,0.04,0.1315116698668065,20.0,993620901.1969416,315451127273112,15658138.732106,64.49,175,20.0
12788365,7.23302752293578,0.6666,0.13,0.07,0.2,0.6666,4360000,cosmosvaloper1c4k24jzduc365kywrsvf5ujz4ya6mwympnc4en,0,nBfJT3MTu01uBkKHvu3l04iOiFU=,2022-11-10T07:49:02.725079653Z,1.0,0.02,0.01,0.04,0.1315116784452977,20.0,993757396.7657944,315451136788136,15658138.732106,64.49,175,20.0
12788366,7.23302752293578,0.6666,0.13,0.07,0.2,0.6666,4360000,cosmosvaloper1c4k24jzduc365kywrsvf5ujz4ya6mwympnc4en,0,nBfJT3MTu01uBkKHvu3l04iOiFU=,2022-11-10T07:49:14.070289999Z,0.9942857142857144,0.02,0.01,0.04,0.1315116870237412,20.0,993893793.6304158,315451146303161,15658138.732106,64.49,175,20.0
12788367,7.23302752293578,0.6666,0.13,0.07,0.2,0.6666,4360000,cosmosvaloper1c4k24jzduc365kywrsvf5ujz4ya6mwympnc4en,0,rC1WBXzYR2Xm++MYl5CT6ORKoY8=,2022-11-10T07:49:20.709907124Z,1.0,0.02,0.01,0.04,0.1315116956021781,20.0,994030216.4057928,315451155818187,15658138.732106,64.49,175,20.0
12788368,7.23302752293578,0.6666,0.13,0.07,0.2,0.6666,4360000,cosmosvaloper1c4k24jzduc365kywrsvf5ujz4ya6mwympnc4en,0,rC1WBXzYR2Xm++MYl5CT6ORKoY8=,2022-11-10T07:49:31.759095486Z,0.9942857142857144,0.02,0.01,0.04,0.1315117041806217,20.0,994166622.6706958,315451165333214,15658138.732106,64.49,175,20.0
12788369,7.23302752293578,0.6666,0.13,0.07,0.2,0.6666,4360000,cosmosvaloper1c4k24jzduc365kywrsvf5ujz4ya6mwympnc4en,0,leBg0HcTBw/pgi9sUL12vMv58Xo=,2022-11-10T07:49:37.926632822Z,1.0,0.02,0.01,0.04,0.1315117213375164,20.0,994439187.658038,315451184363271,15658138.732106,64.49,175,20.0
12788370,7.23302752293578,0.6666,0.13,0.07,0.2,0.6666,4360000,cosmosvaloper1c4k24jzduc365kywrsvf5ujz4ya6mwympnc4en,0,nPiuH9UH+XoFQlBYL/5SkiyNNwU=,2022-11-10T07:49:44.579811816Z,1.0,0.02,0.01,0.04,0.1315117299159676,20.0,994575923.975214,315451193878301,15658138.732106,64.49,175,20.0
12788371,7.23302752293578,0.6666,0.13,0.07,0.2,0.6666,4360000,cosmosvaloper1c4k24jzduc365kywrsvf5ujz4ya6mwympnc4en,0,2mqqqVnJ74ij6zex8QfLJmfruqs=,2022-11-10T07:49:50.999717409Z,0.9714285714285714,0.02,0.01,0.04,0.1315117384944255,20.0,994712148.1473902,315451203393331,15658138.732106,64.49,175,20.0
12788372,7.23302752293578,0.6666,0.13,0.07,0.2,0.6666,4360000,cosmosvaloper1c4k24jzduc365kywrsvf5ujz4ya6mwympnc4en,0,/V1U4Nnkdo/qTA3/3In6lrZlfzI=,2022-11-10T07:49:53.241159778Z,0.9485714285714286,0.02,0.01,0.04,0.1315117384944255,20.0,994712148.1473902,315451203393331,15658138.732106,64.49,175,20.0
12788373,7.23302752293578,0.6666,0.13,0.07,0.2,0.6666,4360000,cosmosvaloper1c4k24jzduc365kywrsvf5ujz4ya6mwympnc4en,0,zFziQY2oXHjX+J/sqrCN3OMUwMw=,2022-11-10T07:49:59.548144202Z,1.0,0.02,0.01,0.04,0.1315117470728803,20.0,994848477.9952896,315451212908362,15658138.732106,64.49,175,20.0
12788374,7.23302752293578,0.6666,0.13,0.07,0.2,0.6666,4360000,cosmosvaloper1c4k24jzduc365kywrsvf5ujz4ya6mwympnc4en,0,1o7sDS6CSPHsZM21he22HspDK9g=,2022-11-10T07:50:06.351050331Z,1.0,0.02,0.01,0.04,0.1315117556513417,20.0,994984688.7969112,315451222423394,15658138.732106,64.49,175,20.0
12788375,7.23302752293578,0.6666,0.13,0.07,0.2,0.6666,4360000,cosmosvaloper1c4k24jzduc365kywrsvf5ujz4ya6mwympnc4en,0,sRZ9BDfbnfDVM+4qzeSBBxOb3S4=,2022-11-10T07:50:12.727530175Z,1.0,0.02,0.01,0.04,0.131511772808176,20.0,995352676.5625408,315451241453461,15658138.732106,64.49,175,20.0
12788376,7.23302752293578,0.6666,0.13,0.07,0.2,0.6666,4360000,cosmosvaloper1c4k24jzduc365kywrsvf5ujz4ya6mwympnc4en,0,3qELGQGaE7F9GrnK4XMhza47BIc=,2022-11-10T07:50:19.007049744Z,1.0,0.02,0.01,0.04,0.131511772808176,20.0,995352676.5625408,315451241453461,15658138.732106,64.49,175,20.0
12788377,7.23302752293578,0.6666,0.13,0.07,0.2,0.6666,4360000,cosmosvaloper1c4k24jzduc365kywrsvf5ujz4ya6mwympnc4en,0,UdslZiBO4mZCfqimy3GYNasXC+k=,2022-11-10T07:50:25.545640579Z,1.0,0.02,0.01,0.04,0.1315117813866031,20.0,995488958.9442323,315451250968496,15658138.732106,64.49,175,20.0
12788378,7.23302752293578,0.6666,0.13,0.07,0.2,0.6666,4360000,cosmosvaloper1c4k24jzduc365kywrsvf5ujz4ya6mwympnc4en,0,7VCeeAl+EwapH+3o6Ft10Gvd9uM=,2022-11-10T07:50:31.817224280Z,1.0,0.02,0.01,0.04,0.1315117899650369,20.0,995625205.5519266,315451260483532,15658138.732106,64.49,175,20.0
12788379,7.23302752293578,0.6666,0.13,0.07,0.2,0.6666,4360000,cosmosvaloper1c4k24jzduc365kywrsvf5ujz4ya6mwympnc4en,0,g/R9d0ew9jOmug30m33PYfkKobA=,2022-11-10T07:50:38.077313276Z,1.0,0.02,0.01,0.04,0.131511798543477,20.0,995761803.6581132,315451269998569,15658138.732106,64.49,175,20.0
12788380,7.23302752293578,0.6666,0.13,0.07,0.2,0.6666,4360000,cosmosvaloper1c4k24jzduc365kywrsvf5ujz4ya6mwympnc4en,0,ezou/ls/zfgZ/PUmBzFM7+R1S7Y=,2022-11-10T07:50:44.717581495Z,1.0,0.02,0.01,0.04,0.1315118071211557,20.0,995898176.713074,315451279513607,15658138.732106,64.49,175,20.0
12788381,7.23302752293578,0.6666,0.13,0.07,0.2,0.6666,4360000,cosmosvaloper1c4k24jzduc365kywrsvf5ujz4ya6mwympnc4en,0,hLPYkiui8ko5R37BSVeZG+Gud2U=,2022-11-10T07:50:51.322288211Z,1.0,0.02,0.01,0.04,0.1315118156988411,20.0,996034387.5754015,315451289028646,15658138.732106,64.49,175,20.0
12788382,7.23302752293578,0.6666,0.13,0.07,0.2,0.6666,4360000,cosmosvaloper1c4k24jzduc365kywrsvf5ujz4ya6mwympnc4en,0,sjayojrXFqnY2Fagy6di8yNRXF8=,2022-11-10T07:50:57.627942744Z,1.0,0.02,0.01,0.04,0.131511824276523,20.0,996171000.209306,315451298543686,15658138.732106,64.49,175,20.0
12788383,7.23302752293578,0.6666,0.13,0.07,0.2,0.6666,4360000,cosmosvaloper1c4k24jzduc365kywrsvf5ujz4ya6mwympnc4en,0,0tRY+SCey4yiqrHZngZhG4Eqh5c=,2022-11-10T07:51:04.009286784Z,1.0,0.02,0.01,0.04,0.1315118328542112,20.0,996307359.1908464,315451308058726,15658138.732106,64.49,175,20.0
12788384,7.23302752293578,0.6666,0.13,0.07,0.2,0.6666,4360000,cosmosvaloper1c4k24jzduc365kywrsvf5ujz4ya6mwympnc4en,0,bXAfpZUyaI3xa6+VIRN+jBTLsxY=,2022-11-10T07:51:10.280793268Z,1.0,0.02,0.01,0.04,0.1315118414319062,20.0,996443626.8628628,315451317573767,15658138.732106,64.49,175,20.0
12788385,7.23302752293578,0.6666,0.13,0.07,0.2,0.6666,4360000,cosmosvaloper1c4k24jzduc365kywrsvf5ujz4ya6mwympnc4en,0,Z5uJeFlzvpTU/fi2b4SpKZMukcU=,2022-11-10T07:51:17.182625178Z,1.0,0.02,0.01,0.04,0.1315118500096018,20.0,996580006.1797065,315451327088809,15658138.732106,64.49,175,20.0
12788386,7.23302752293578,0.6666,0.13,0.07,0.2,0.6666,4360000,cosmosvaloper1c4k24jzduc365kywrsvf5ujz4ya6mwympnc4en,0,rC1WBXzYR2Xm++MYl5CT6ORKoY8=,2022-11-10T07:51:23.459516639Z,1.0,0.02,0.01,0.04,0.131511858587304,20.0,996716288.195628,315451336603852,15658138.732106,64.49,175,20.0
12788387,7.23302752293578,0.6666,0.13,0.07,0.2,0.6666,4360000,cosmosvaloper1c4k24jzduc365kywrsvf5ujz4ya6mwympnc4en,0,1o7sDS6CSPHsZM21he22HspDK9g=,2022-11-10T07:51:29.696663056Z,1.0,0.02,0.01,0.04,0.1315118671650032,20.0,996852559.5003752,315451346118896,15658138.732106,64.49,175,20.0
12788388,7.23302752293578,0.6666,0.13,0.07,0.2,0.6666,4360000,cosmosvaloper1c4k24jzduc365kywrsvf5ujz4ya6mwympnc4en,0,9Zc0qJanaJQ2vDQiJE/YYq4YnFw=,2022-11-10T07:51:36.103001319Z,1.0,0.02,0.01,0.04,0.131511875742709,20.0,997084074.150686,315451355633941,15658138.732106,64.49,175,20.0
12788389,7.23302752293578,0.6666,0.13,0.07,0.2,0.6666,4360000,cosmosvaloper1c4k24jzduc365kywrsvf5ujz4ya6mwympnc4en,0,9Zc0qJanaJQ2vDQiJE/YYq4YnFw=,2022-11-10T07:51:47.651563259Z,0.9885714285714284,0.02,0.01,0.04,0.1315118843203669,20.0,997220588.1505544,315451365148987,15658138.732106,64.49,175,20.0
12788390,7.23302752293578,0.6666,0.13,0.07,0.2,0.6666,4360000,cosmosvaloper1c4k24jzduc365kywrsvf5ujz4ya6mwympnc4en,0,HO0wcz0WJciatphndgbQ43s2dqk=,2022-11-10T07:51:54.358787065Z,1.0,0.02,0.01,0.04,0.1315118928980314,20.0,997356895.0943048,315451374664034,15658138.732106,64.49,175,20.0
12788391,7.23302752293578,0.6666,0.13,0.07,0.2,0.6666,4360000,cosmosvaloper1c4k24jzduc365kywrsvf5ujz4ya6mwympnc4en,0,JURdDrNT6QUKsR7GGX1dy2EZhts=,2022-11-10T07:52:00.700275413Z,1.0,0.02,0.01,0.04,0.1315119014757025,20.0,997493208.260329,315451384179082,15658138.732106,64.49,175,20.0
12788392,7.23302752293578,0.6666,0.13,0.07,0.2,0.6666,4360000,cosmosvaloper1c4k24jzduc365kywrsvf5ujz4ya6mwympnc4en,0,MZIPm8Ojm2aHbMfW1eWJ4QOTvw4=,2022-11-10T07:52:07.004006885Z,1.0,0.02,0.01,0.04,0.1315119100533787,20.0,997629491.3929162,315451393694131,15658138.732106,64.49,175,20.0
12788393,7.23302752293578,0.6666,0.13,0.07,0.2,0.6666,4360000,cosmosvaloper1c4k24jzduc365kywrsvf5ujz4ya6mwympnc4en,0,AZucopRNPMNsfHMoPvPVjlbIpdQ=,2022-11-10T07:52:13.275043572Z,1.0,0.02,0.01,0.04,0.1315119272086937,20.0,997902505.3961248,315451412724231,15658138.732106,64.49,175,20.0
12788394,7.23302752293578,0.6666,0.13,0.07,0.2,0.6666,4360000,cosmosvaloper1c4k24jzduc365kywrsvf5ujz4ya6mwympnc4en,0,aPJweVkNysw6wcSJKhoAjzSPWW8=,2022-11-10T07:52:19.869700611Z,1.0,0.02,0.01,0.04,0.1315119272086937,20.0,997902505.3961248,315451412724231,15658138.732106,64.49,175,20.0
12788395,7.23302752293578,0.6666,0.13,0.07,0.2,0.6666,4360000,cosmosvaloper1c4k24jzduc365kywrsvf5ujz4ya6mwympnc4en,0,nPiuH9UH+XoFQlBYL/5SkiyNNwU=,2022-11-10T07:52:26.325903389Z,1.0,0.02,0.01,0.04,0.1315119357863485,20.0,998038877.7300804,315451422239282,15658138.732106,64.49,175,20.0
12788396,7.23302752293578,0.6666,0.13,0.07,0.2,0.6666,4360000,cosmosvaloper1c4k24jzduc365kywrsvf5ujz4ya6mwympnc4en,0,C0LkfxVOJNEBhLsS4yNHqsYca4A=,2022-11-10T07:52:32.842942393Z,1.0,0.02,0.01,0.04,0.1315119529416766,20.0,998311490.9699988,315451441269387,15658138.732106,64.49,175,20.0
12788397,7.23302752293578,0.6666,0.13,0.07,0.2,0.6666,4360000,cosmosvaloper1c4k24jzduc365kywrsvf5ujz4ya6mwympnc4en,0,2fikG3gqpqZq3IH5U5I8fc57YAE=,2022-11-10T07:52:39.064784991Z,1.0,0.02,0.01,0.04,0.1315119529416766,20.0,998311490.9699988,315451441269387,15658138.732106,64.49,175,20.0
12788398,7.23302752293578,0.6666,0.13,0.07,0.2,0.6666,4360000,cosmosvaloper1c4k24jzduc365kywrsvf5ujz4ya6mwympnc4en,0,Wlnch0b9cn/d1cv1y7kMb2Fsz5s=,2022-11-10T07:52:45.536555046Z,1.0,0.02,0.01,0.04,0.1315119615193344,20.0,998447929.5695668,315451450784441,15658138.732106,64.49,175,20.0
12788399,7.23302752293578,0.6666,0.13,0.07,0.2,0.6666,4360000,cosmosvaloper1c4k24jzduc365kywrsvf5ujz4ya6mwympnc4en,0,LCpem575AxZPor0/FAVx3fAqAMw=,2022-11-10T07:52:51.902493790Z,1.0,0.02,0.01,0.04,0.1315119786746674,20.0,998720562.7549185,315451469814552,15658138.732106,64.49,175,20.0
12788400,7.23302752293578,0.6666,0.13,0.07,0.2,0.6666,4360000,cosmosvaloper1c4k24jzduc365kywrsvf5ujz4ya6mwympnc4en,0,1o7sDS6CSPHsZM21he22HspDK9g=,2022-11-10T07:52:58.389054320Z,1.0,0.02,0.01,0.04,0.1315119786746674,20.0,998720562.7549185,315451469814552,15658138.732106,64.49,175,20.0
12788401,7.23302752293578,0.6666,0.13,0.07,0.2,0.6666,4360000,cosmosvaloper1c4k24jzduc365kywrsvf5ujz4ya6mwympnc4en,0,jg7je3saA43RReMPHvl982Ge9Ck=,2022-11-10T07:53:04.726359455Z,1.0,0.02,0.01,0.04,0.1315119872523438,20.0,998952150.785944,315451479329609,15658138.732106,64.49,175,20.0
12788402,7.23302752293578,0.6666,0.13,0.07,0.2,0.6666,4360000,cosmosvaloper1c4k24jzduc365kywrsvf5ujz4ya6mwympnc4en,0,gBF3Ltfd8syc16SMjAqiSG6fTpc=,2022-11-10T07:53:11.510811819Z,1.0,0.02,0.01,0.04,0.1315119958300161,20.0,999088375.6764852,315451488844667,15658138.732106,64.49,175,20.0
12788403,7.23302752293578,0.6666,0.13,0.07,0.2,0.6666,4360000,cosmosvaloper1c4k24jzduc365kywrsvf5ujz4ya6mwympnc4en,0,rC1WBXzYR2Xm++MYl5CT6ORKoY8=,2022-11-10T07:53:17.956369881Z,1.0,0.02,0.01,0.04,0.1315120129853604,20.0,999361387.2248513,315451507874785,15658138.732106,64.49,175,20.0
12788404,7.23302752293578,0.6666,0.13,0.07,0.2,0.6666,4360000,cosmosvaloper1c4k24jzduc365kywrsvf5ujz4ya6mwympnc4en,0,0tRY+SCey4yiqrHZngZhG4Eqh5c=,2022-11-10T07:53:24.158739281Z,1.0,0.02,0.01,0.04,0.1315120129853604,20.0,999361387.2248513,315451507874785,15658138.732106,64.49,175,20.0
12788405,7.23302752293578,0.6666,0.13,0.07,0.2,0.6666,4360000,cosmosvaloper1c4k24jzduc365kywrsvf5ujz4ya6mwympnc4en,0,ncQBIJm+dDGJB0uF5JiRrjs/7ps=,2022-11-10T07:53:30.576079402Z,0.9942857142857144,0.02,0.01,0.04,0.1315120215630422,20.0,999497644.0257117,315451517389845,15658138.732106,64.49,175,20.0
12788406,7.23302752293578,0.6666,0.13,0.07,0.2,0.6666,4360000,cosmosvaloper1c4k24jzduc365kywrsvf5ujz4ya6mwympnc4en,0,sRZ9BDfbnfDVM+4qzeSBBxOb3S4=,2022-11-10T07:53:37.064635251Z,1.0,0.02,0.01,0.04,0.1315120387179454,20.0,999770534.3193164,315451536419968,15658138.732106,64.49,175,20.0
12788407,7.23302752293578,0.6666,0.13,0.07,0.2,0.6666,4360000,cosmosvaloper1c4k24jzduc365kywrsvf5ujz4ya6mwympnc4en,0,sRZ9BDfbnfDVM+4qzeSBBxOb3S4=,2022-11-10T07:53:48.217914566Z,0.9885714285714284,0.02,0.01,0.04,0.1315120472952765,20.0,999906877.2919098,315451545935031,15658138.732106,64.49,175,20.0
12788408,7.23302752293578,0.6666,0.13,0.07,0.2,0.6666,4360000,cosmosvaloper1c4k24jzduc365kywrsvf5ujz4ya6mwympnc4en,0,TrEoJnX3JLWQJvIXPCPw3Jk28Rg=,2022-11-10T07:53:54.401215526Z,1.0,0.02,0.01,0.04,0.1315120472952765,20.0,999906877.2919098,315451545935031,15658138.732106,64.49,175,20.0
12788409,7.23302752293578,0.6666,0.13,0.07,0.2,0.6666,4360000,cosmosvaloper1c4k24jzduc365kywrsvf5ujz4ya6mwympnc4en,0,bXAfpZUyaI3xa6+VIRN+jBTLsxY=,2022-11-10T07:54:00.722170852Z,1.0,0.02,0.01,0.04,0.1315120644498682,20.0,1000179795.0672144,315451564965160,15658138.732106,64.49,175,20.0
12788410,7.23302752293578,0.6666,0.13,0.07,0.2,0.6666,4360000,cosmosvaloper1c4k24jzduc365kywrsvf5ujz4ya6mwympnc4en,0,7VCeeAl+EwapH+3o6Ft10Gvd9uM=,2022-11-10T07:54:07.521200248Z,1.0,0.02,0.01,0.04,0.1315120644498682,20.0,1000179795.0672144,315451564965160,15658138.732106,64.49,175,20.0
12788411,7.23302752293578,0.6666,0.13,0.07,0.2,0.6666,4360000,cosmosvaloper1c4k24jzduc365kywrsvf5ujz4ya6mwympnc4en,0,CZ4rCVgzMa/eNeX6lmc9LKfeoxY=,2022-11-10T07:54:13.807550739Z,1.0,0.02,0.01,0.04,0.1315120730271741,20.0,1000316107.541201,315451574480226,15658138.732106,64.49,175,20.0
12788412,7.23302752293578,0.6666,0.13,0.07,0.2,0.6666,4360000,cosmosvaloper1c4k24jzduc365kywrsvf5ujz4ya6mwympnc4en,0,6+1pTmzhIk+x6KLdjuY6OFaLHis=,2022-11-10T07:54:20.075458638Z,1.0,0.02,0.01,0.04,0.1315120816044421,20.0,1000452394.7487926,315451583995293,15658138.732106,64.49,175,20.0
12788413,7.23302752293578,0.6666,0.13,0.07,0.2,0.6666,4360000,cosmosvaloper1c4k24jzduc365kywrsvf5ujz4ya6mwympnc4en,0,1o7sDS6CSPHsZM21he22HspDK9g=,2022-11-10T07:54:26.686336433Z,1.0,0.02,0.01,0.04,0.1315120987589608,20.0,1000820349.6672276,315451603025430,15658138.732106,64.49,175,20.0
12788414,7.23302752293578,0.6666,0.13,0.07,0.2,0.6666,4360000,cosmosvaloper1c4k24jzduc365kywrsvf5ujz4ya6mwympnc4en,0,USBWWacX3/uW4FT4vREIcw4Xrqc=,2022-11-10T07:54:33.088778212Z,1.0,0.02,0.01,0.04,0.1315121073362236,20.0,1000956721.1560456,315451612540499,15658138.732106,64.49,175,20.0
12788415,7.23302752293578,0.6666,0.13,0.07,0.2,0.6666,4360000,cosmosvaloper1c4k24jzduc365kywrsvf5ujz4ya6mwympnc4en,0,WS8Xu4zzaqNYZ2Wfiw6eduEbz7o=,2022-11-10T07:54:39.391960217Z,1.0,0.02,0.01,0.04,0.1315121073362236,20.0,1000956721.1560456,315451612540499,15658138.732106,64.49,175,20.0
12788417,7.23302752293578,0.6666,0.13,0.07,0.2,0.6666,4360000,cosmosvaloper1c4k24jzduc365kywrsvf5ujz4ya6mwympnc4en,0,pPHVU08/qQWk2mBuihCDSXZRH/c=,2022-11-10T07:54:51.983547427Z,1.0,0.02,0.01,0.04,0.1315121244907671,20.0,1001229384.9979692,315451631570640,15658138.732106,64.49,175,20.0
12788418,7.23302752293578,0.6666,0.13,0.07,0.2,0.6666,4360000,cosmosvaloper1c4k24jzduc365kywrsvf5ujz4ya6mwympnc4en,0,9Zc0qJanaJQ2vDQiJE/YYq4YnFw=,2022-11-10T07:54:58.430867844Z,1.0,0.02,0.01,0.04,0.1315121330680488,20.0,1001365689.6402484,315451641085712,15658138.732106,64.49,175,20.0
12788419,7.23302752293578,0.6666,0.13,0.07,0.2,0.6666,4360000,cosmosvaloper1c4k24jzduc365kywrsvf5ujz4ya6mwympnc4en,0,Z5uJeFlzvpTU/fi2b4SpKZMukcU=,2022-11-10T07:55:05.148031605Z,1.0,0.02,0.01,0.04,0.1315121502226322,20.0,1001638153.5536112,315451660115859,15658138.732106,64.49,175,20.0
12788420,7.23302752293578,0.6666,0.13,0.07,0.2,0.6666,4360000,cosmosvaloper1c4k24jzduc365kywrsvf5ujz4ya6mwympnc4en,0,HO0wcz0WJciatphndgbQ43s2dqk=,2022-11-10T07:55:11.473947411Z,1.0,0.02,0.01,0.04,0.1315121502226322,20.0,1001638153.5536112,315451660115859,15658138.732106,64.49,175,20.0
12788421,7.23302752293578,0.6666,0.13,0.07,0.2,0.6666,4360000,cosmosvaloper1c4k24jzduc365kywrsvf5ujz4ya6mwympnc4en,0,nPiuH9UH+XoFQlBYL/5SkiyNNwU=,2022-11-10T07:55:17.790627272Z,1.0,0.02,0.01,0.04,0.1315121587999339,20.0,1001774364.0589153,315451669630934,15658138.732106,64.49,175,20.0
12788422,7.23302752293578,0.6666,0.13,0.07,0.2,0.6666,4360000,cosmosvaloper1c4k24jzduc365kywrsvf5ujz4ya6mwympnc4en,0,rC1WBXzYR2Xm++MYl5CT6ORKoY8=,2022-11-10T07:55:24.291202929Z,1.0,0.02,0.01,0.04,0.131512167377241,20.0,1001910841.7866817,315451679146010,15658138.732106,64.49,175,20.0
12788423,7.23302752293578,0.6666,0.13,0.07,0.2,0.6666,4360000,cosmosvaloper1c4k24jzduc365kywrsvf5ujz4ya6mwympnc4en,0,RqP4uDk7qhU8QOVyLq6C6g1Isy0=,2022-11-10T07:55:30.505268190Z,1.0,0.02,0.01,0.04,0.1315121759545547,20.0,1002047141.7908252,315451688661087,15658138.732106,64.49,175,20.0
12788424,7.23302752293578,0.6666,0.13,0.07,0.2,0.6666,4360000,cosmosvaloper1c4k24jzduc365kywrsvf5ujz4ya6mwympnc4en,0,mtCqGKkqGkN0Qm7ZuBktHWw9JpE=,2022-11-10T07:55:37.253846643Z,1.0,0.02,0.01,0.04,0.131512184528448,20.0,1002183805.114921,315451698176165,15658138.732106,64.49,175,20.0
12788425,7.23302752293578,0.6666,0.13,0.07,0.2,0.6666,4360000,cosmosvaloper1c4k24jzduc365kywrsvf5ujz4ya6mwympnc4en,0,1o7sDS6CSPHsZM21he22HspDK9g=,2022-11-10T07:55:43.407418235Z,1.0,0.02,0.01,0.04,0.1315121931023426,20.0,1002320135.5382652,315451707691244,15658138.732106,64.49,175,20.0
12788426,7.23302752293578,0.6666,0.13,0.07,0.2,0.6666,4360000,cosmosvaloper1c4k24jzduc365kywrsvf5ujz4ya6mwympnc4en,0,1o7sDS6CSPHsZM21he22HspDK9g=,2022-11-10T07:55:54.620654780Z,0.9885714285714284,0.02,0.01,0.04,0.1315122016762393,20.0,1002552325.8883789,315451717206323,15658138.732106,64.49,175,20.0
12788427,7.23302752293578,0.6666,0.13,0.07,0.2,0.6666,4360000,cosmosvaloper1c4k24jzduc365kywrsvf5ujz4ya6mwympnc4en,0,0tRY+SCey4yiqrHZngZhG4Eqh5c=,2022-11-10T07:56:01.022861997Z,1.0,0.02,0.01,0.04,0.1315122102501358,20.0,1002783857.5060782,315451726721403,15658138.732106,64.49,175,20.0
12788428,7.23302752293578,0.6666,0.13,0.07,0.2,0.6666,4360000,cosmosvaloper1c4k24jzduc365kywrsvf5ujz4ya6mwympnc4en,0,aPJweVkNysw6wcSJKhoAjzSPWW8=,2022-11-10T07:56:07.358792304Z,1.0,0.02,0.01,0.04,0.1315122273979295,20.0,1003056985.8692296,315451745751566,15658138.732106,64.49,175,20.0
12788429,7.23302752293578,0.6666,0.13,0.07,0.2,0.6666,4360000,cosmosvaloper1c4k24jzduc365kywrsvf5ujz4ya6mwympnc4en,0,2mqqqVnJ74ij6zex8QfLJmfruqs=,2022-11-10T07:56:13.739818236Z,0.9828571428571428,0.02,0.01,0.04,0.1315122273979295,20.0,1003056985.8692296,315451745751566,15658138.732106,64.49,175,20.0
12788430,7.23302752293578,0.6666,0.13,0.07,0.2,0.6666,4360000,cosmosvaloper1c4k24jzduc365kywrsvf5ujz4ya6mwympnc4en,0,kcgjp0TeUPkcF6RrYk7fj3FQp90=,2022-11-10T07:56:16.209744490Z,0.9828571428571428,0.02,0.01,0.04,0.1315122359718356,20.0,1003193304.8126552,315451755266649,15658138.732106,64.49,175,20.0
12788431,7.23302752293578,0.6666,0.13,0.07,0.2,0.6666,4360000,cosmosvaloper1c4k24jzduc365kywrsvf5ujz4ya6mwympnc4en,0,j+PP+moHsJPkQbuE2httq/U6+i0=,2022-11-10T07:56:22.826612427Z,1.0,0.02,0.01,0.04,0.1315122445457484,20.0,1003329650.9259688,315451764781733,15658138.732106,64.49,175,20.0
12788432,7.23302752293578,0.6666,0.13,0.07,0.2,0.6666,4360000,cosmosvaloper1c4k24jzduc365kywrsvf5ujz4ya6mwympnc4en,0,bXAfpZUyaI3xa6+VIRN+jBTLsxY=,2022-11-10T07:56:29.421841608Z,0.9942857142857144,0.02,0.01,0.04,0.1315122531196678,20.0,1003465889.089796,315451774296818,15658138.732106,64.49,175,20.0
12788433,7.23302752293578,0.6666,0.13,0.07,0.2,0.6666,4360000,cosmosvaloper1c4k24jzduc365kywrsvf5ujz4ya6mwympnc4en,0,g/R9d0ew9jOmug30m33PYfkKobA=,2022-11-10T07:56:36.283600341Z,1.0,0.02,0.01,0.04,0.1315122616935717,20.0,1003602206.0577502,315451783811904,15658138.732106,64.49,175,20.0
12788434,7.23302752293578,0.6666,0.13,0.07,0.2,0.6666,4360000,cosmosvaloper1c4k24jzduc365kywrsvf5ujz4ya6mwympnc4en,0,0mmoHHdB9FjDHbf7FMWBdkIfsvg=,2022-11-10T07:56:42.987221079Z,1.0,0.02,0.01,0.04,0.1315122702675815,20.0,1003738983.5825036,315451793326991,15658138.732106,64.49,175,20.0
12788435,7.23302752293578,0.6666,0.13,0.07,0.2,0.6666,4360000,cosmosvaloper1c4k24jzduc365kywrsvf5ujz4ya6mwympnc4en,0,zAWIKXj8X91qdyFofhTAKZrgBLg=,2022-11-10T07:56:49.378371270Z,1.0,0.02,0.01,0.04,0.1315122788415839,20.0,1003875297.6597408,315451802842079,15658138.732106,64.49,175,20.0
12788436,7.23302752293578,0.6666,0.13,0.07,0.2,0.6666,4360000,cosmosvaloper1c4k24jzduc365kywrsvf5ujz4ya6mwympnc4en,0,dCC3PxAomsoYrM0ctatUiCwE0tU=,2022-11-10T07:56:55.710494762Z,1.0,0.02,0.01,0.04,0.1315122874155929,20.0,1004011614.009238,315451812357168,15658138.732106,64.49,175,20.0
12788437,7.23302752293578,0.6666,0.13,0.07,0.2,0.6666,4360000,cosmosvaloper1c4k24jzduc365kywrsvf5ujz4ya6mwympnc4en,0,7VCeeAl+EwapH+3o6Ft10Gvd9uM=,2022-11-10T07:57:01.852528030Z,1.0,0.02,0.01,0.04,0.1315122959896081,20.0,1004148022.8966404,315451821872257,15658138.732106,64.49,175,20.0
12788438,7.23302752293578,0.6666,0.13,0.07,0.2,0.6666,4360000,cosmosvaloper1c4k24jzduc365kywrsvf5ujz4ya6mwympnc4en,0,sRZ9BDfbnfDVM+4qzeSBBxOb3S4=,2022-11-10T07:57:08.127356658Z,1.0,0.02,0.01,0.04,0.13151230456363,20.0,1004284231.6027784,315451831387347,15658138.732106,64.49,175,20.0
12788439,7.23302752293578,0.6666,0.13,0.07,0.2,0.6666,4360000,cosmosvaloper1c4k24jzduc365kywrsvf5ujz4ya6mwympnc4en,0,1o7sDS6CSPHsZM21he22HspDK9g=,2022-11-10T07:57:14.356680394Z,1.0,0.02,0.01,0.04,0.1315123131375175,20.0,1004420658.4834929,315451840902438,15658138.732106,64.49,175,20.0
12788440,7.23302752293578,0.6666,0.13,0.07,0.2,0.6666,4360000,cosmosvaloper1c4k24jzduc365kywrsvf5ujz4ya6mwympnc4en,0,rC1WBXzYR2Xm++MYl5CT6ORKoY8=,2022-11-10T07:57:20.746912020Z,1.0,0.02,0.01,0.04,0.1315123217114116,20.0,1004652281.7510568,315451850417530,15658138.732106,64.49,175,20.0
12788441,7.23302752293578,0.6666,0.13,0.07,0.2,0.6666,4360000,cosmosvaloper1c4k24jzduc365kywrsvf5ujz4ya6mwympnc4en,0,ddqzFvTKE2f1MqtxqAt/plq2kDk=,2022-11-10T07:57:26.979248639Z,1.0,0.02,0.01,0.04,0.1315123302852766,20.0,1004788609.5276562,315451859932623,15658138.732106,64.49,175,20.0
12788442,7.23302752293578,0.6666,0.13,0.07,0.2,0.6666,4360000,cosmosvaloper1c4k24jzduc365kywrsvf5ujz4ya6mwympnc4en,0,ZxRgkwzNybBsXQVeTVUOuNryKR4=,2022-11-10T07:57:33.560982052Z,1.0,0.02,0.01,0.04,0.1315123388591428,20.0,1004924930.2040097,315451869447717,15658138.732106,64.49,175,20.0
12788443,7.23302752293578,0.6666,0.13,0.07,0.2,0.6666,4360000,cosmosvaloper1c4k24jzduc365kywrsvf5ujz4ya6mwympnc4en,0,07wmsaneyNVrCjuOzSMRDsTNRac=,2022-11-10T07:57:40.223040909Z,1.0,0.02,0.01,0.04,0.1315123474332202,20.0,1005061382.6565508,315451878962812,15658138.732106,64.49,175,20.0
12788444,7.23302752293578,0.6666,0.13,0.07,0.2,0.6666,4360000,cosmosvaloper1c4k24jzduc365kywrsvf5ujz4ya6mwympnc4en,0,2fikG3gqpqZq3IH5U5I8fc57YAE=,2022-11-10T07:57:46.464042248Z,1.0,0.02,0.01,0.04,0.1315123560073134,20.0,1005197680.804247,315451888477908,15658138.732106,64.49,175,20.0
12788445,7.23302752293578,0.6666,0.13,0.07,0.2,0.6666,4360000,cosmosvaloper1c4k24jzduc365kywrsvf5ujz4ya6mwympnc4en,0,2fikG3gqpqZq3IH5U5I8fc57YAE=,2022-11-10T07:57:57.707872178Z,0.9828571428571428,0.02,0.01,0.04,0.1315123645814134,20.0,1005334232.9405096,315451897993005,15658138.732106,64.49,175,20.0
12788446,7.23302752293578,0.6666,0.13,0.07,0.2,0.6666,4360000,cosmosvaloper1c4k24jzduc365kywrsvf5ujz4ya6mwympnc4en,0,nPiuH9UH+XoFQlBYL/5SkiyNNwU=,2022-11-10T07:58:04.119862176Z,1.0,0.02,0.01,0.04,0.13151237315552,20.0,1005470512.1458148,315451907508103,15658138.732106,64.49,175,20.0
12788447,7.23302752293578,0.6666,0.13,0.07,0.2,0.6666,4360000,cosmosvaloper1c4k24jzduc365kywrsvf5ujz4ya6mwympnc4en,0,0tRY+SCey4yiqrHZngZhG4Eqh5c=,2022-11-10T07:58:10.551222794Z,1.0,0.02,0.01,0.04,0.1315123817296965,20.0,1005606979.751039,315451917023202,15658138.732106,64.49,175,20.0
12788448,7.23302752293578,0.6666,0.13,0.07,0.2,0.6666,4360000,cosmosvaloper1c4k24jzduc365kywrsvf5ujz4ya6mwympnc4en,0,9Zc0qJanaJQ2vDQiJE/YYq4YnFw=,2022-11-10T07:58:17.006258766Z,1.0,0.02,0.01,0.04,0.1315123903038795,20.0,1005743420.9880046,315451926538301,15658138.732106,64.49,175,20.0
12788449,7.23302752293578,0.6666,0.13,0.07,0.2,0.6666,4360000,cosmosvaloper1c4k24jzduc365kywrsvf5ujz4ya6mwympnc4en,0,HO0wcz0WJciatphndgbQ43s2dqk=,2022-11-10T07:58:23.791475851Z,1.0,0.02,0.01,0.04,0.1315123988780691,20.0,1005879646.9946024,315451936053401,15658138.732106,64.49,175,20.0
12788450,7.23302752293578,0.6666,0.13,0.07,0.2,0.6666,4360000,cosmosvaloper1c4k24jzduc365kywrsvf5ujz4ya6mwympnc4en,0,HO0wcz0WJciatphndgbQ43s2dqk=,2022-11-10T07:58:34.973456543Z,1.0,0.02,0.01,0.04,0.1315124074522642,20.0,1006016164.7556144,315451945568502,15658138.732106,64.49,175,20.0
12788451,7.23302752293578,0.6666,0.13,0.07,0.2,0.6666,4360000,cosmosvaloper1c4k24jzduc365kywrsvf5ujz4ya6mwympnc4en,0,Z5uJeFlzvpTU/fi2b4SpKZMukcU=,2022-11-10T07:58:41.316355348Z,1.0,0.02,0.01,0.04,0.131512416026466,20.0,1006152373.6128188,315451955083604,15658138.732106,64.49,175,20.0
12788452,7.23302752293578,0.6666,0.13,0.07,0.2,0.6666,4360000,cosmosvaloper1c4k24jzduc365kywrsvf5ujz4ya6mwympnc4en,0,1o7sDS6CSPHsZM21he22HspDK9g=,2022-11-10T07:58:47.582864746Z,1.0,0.02,0.01,0.04,0.1315124246006744,20.0,1006288792.4850048,315451964598707,15658138.732106,64.49,175,20.0
12788453,7.23302752293578,0.6666,0.13,0.07,0.2,0.6666,4360000,cosmosvaloper1c4k24jzduc365kywrsvf5ujz4ya6mwympnc4en,0,MZIPm8Ojm2aHbMfW1eWJ4QOTvw4=,2022-11-10T07:58:54.000686316Z,1.0,0.02,0.01,0.04,0.1315124331748872,20.0,1006520466.5502218,315451974113811,15658138.732106,64.49,175,20.0
12788454,7.23302752293578,0.6666,0.13,0.07,0.2,0.6666,4360000,cosmosvaloper1c4k24jzduc365kywrsvf5ujz4ya6mwympnc4en,0,UdslZiBO4mZCfqimy3GYNasXC+k=,2022-11-10T07:59:00.314296190Z,1.0,0.02,0.01,0.04,0.1315124417490922,20.0,1006656864.7658348,315451983628916,15658138.732106,64.49,175,20.0
12788455,7.23302752293578,0.6666,0.13,0.07,0.2,0.6666,4360000,cosmosvaloper1c4k24jzduc365kywrsvf5ujz4ya6mwympnc4en,0,6Dv8Q20s6NzJ7AWJsuW3NeN/uFw=,2022-11-10T07:59:06.607114920Z,1.0,0.02,0.01,0.04,0.1315124503233039,20.0,1006793169.6461806,315451993144022,15658138.732106,64.49,175,20.0
12788456,7.23302752293578,0.6666,0.13,0.07,0.2,0.6666,4360000,cosmosvaloper1c4k24jzduc365kywrsvf5ujz4ya6mwympnc4en,0,bXAfpZUyaI3xa6+VIRN+jBTLsxY=,2022-11-10T07:59:12.772851622Z,1.0,0.02,0.01,0.04,0.1315124588975222,20.0,1006929378.564248,315452002659129,15658138.732106,64.49,175,20.0
12788457,7.23302752293578,0.6666,0.13,0.07,0.2,0.6666,4360000,cosmosvaloper1c4k24jzduc365kywrsvf5ujz4ya6mwympnc4en,0,rC1WBXzYR2Xm++MYl5CT6ORKoY8=,2022-11-10T07:59:19.666428215Z,1.0,0.02,0.01,0.04,0.1315124674717473,20.0,1007065587.4966308,315452012174237,15658147.232106,64.49,175,20.0
12788458,7.23302752293578,0.6666,0.13,0.07,0.2,0.6666,4360000,cosmosvaloper1c4k24jzduc365kywrsvf5ujz4ya6mwympnc4en,0,aPJweVkNysw6wcSJKhoAjzSPWW8=,2022-11-10T07:59:25.911103860Z,1.0,0.02,0.01,0.04,0.1315124760459789,20.0,1007202047.2567668,315452021689345,15658147.232106,64.49,175,20.0
12788459,7.23302752293578,0.6666,0.13,0.07,0.2,0.6666,4360000,cosmosvaloper1c4k24jzduc365kywrsvf5ujz4ya6mwympnc4en,0,tMwD8qyiLEPeHtOFoQS6hrdGJ5I=,2022-11-10T07:59:32.423882932Z,1.0,0.02,0.01,0.04,0.1315124846202171,20.0,1007338512.9146904,315452031204454,15658147.232106,64.49,175,20.0
12788460,7.23302752293578,0.6666,0.13,0.07,0.2,0.6666,4360000,cosmosvaloper1c4k24jzduc365kywrsvf5ujz4ya6mwympnc4en,0,gZZf6KFfqAeMkgLzLkz6cvhfKiI=,2022-11-10T07:59:38.653938070Z,1.0,0.02,0.01,0.04,0.1315124931944614,20.0,1007474923.9894488,315452040719564,15658147.232106,64.49,175,20.0
12788461,7.23302752293578,0.6666,0.13,0.07,0.2,0.6666,4360000,cosmosvaloper1c4k24jzduc365kywrsvf5ujz4ya6mwympnc4en,0,+OUDK5jV0yRC4yW2lwtDT3UuET4=,2022-11-10T07:59:44.971305056Z,1.0,0.02,0.01,0.04,0.1315125017687124,20.0,1007611252.3663452,315452050234675,15658147.232106,64.49,175,20.0
12788462,7.23302752293578,0.6666,0.13,0.07,0.2,0.6666,4360000,cosmosvaloper1c4k24jzduc365kywrsvf5ujz4ya6mwympnc4en,0,nBfJT3MTu01uBkKHvu3l04iOiFU=,2022-11-10T07:59:51.361879270Z,1.0,0.02,0.01,0.04,0.13151251034297,20.0,1007747749.5602546,315452059749787,15658147.232106,64.49,175,20.0
12788463,7.23302752293578,0.6666,0.13,0.07,0.2,0.6666,4360000,cosmosvaloper1c4k24jzduc365kywrsvf5ujz4ya6mwympnc4en,0,CZ4rCVgzMa/eNeX6lmc9LKfeoxY=,2022-11-10T07:59:58.019872718Z,1.0,0.02,0.01,0.04,0.1315125189172343,20.0,1007884092.495525,315452069264900,15658147.232106,64.49,175,20.0
12788464,7.23302752293578,0.6666,0.13,0.07,0.2,0.6666,4360000,cosmosvaloper1c4k24jzduc365kywrsvf5ujz4ya6mwympnc4en,0,CZ4rCVgzMa/eNeX6lmc9LKfeoxY=,2022-11-10T08:00:09.266924919Z,0.9885714285714284,0.02,0.01,0.04,0.1315125274915049,20.0,1008020541.7054924,315452078780014,15658147.232106,64.49,175,20.0
12788465,7.23302752293578,0.6666,0.13,0.07,0.2,0.6666,4360000,cosmosvaloper1c4k24jzduc365kywrsvf5ujz4ya6mwympnc4en,0,1o7sDS6CSPHsZM21he22HspDK9g=,2022-11-10T08:00:15.483795836Z,0.9657142857142856,0.02,0.01,0.04,0.1315125360657674,20.0,1008157028.316364,315452088295129,15658147.232106,64.49,175,20.0
12788466,7.23302752293578,0.6666,0.13,0.07,0.2,0.6666,4360000,cosmosvaloper1c4k24jzduc365kywrsvf5ujz4ya6mwympnc4en,0,6AB0DGjIGzA0XDriumOPpW/2fu8=,2022-11-10T08:00:21.907063465Z,0.9885714285714284,0.02,0.01,0.04,0.1315125446400363,20.0,1008388713.772462,315452097810245,15658147.232106,64.49,175,20.0
12788467,7.23302752293578,0.6666,0.13,0.07,0.2,0.6666,4360000,cosmosvaloper1c4k24jzduc365kywrsvf5ujz4ya6mwympnc4en,0,0tRY+SCey4yiqrHZngZhG4Eqh5c=,2022-11-10T08:00:29.959477108Z,1.0,0.02,0.01,0.04,0.1315125532142693,20.0,1008525109.7504752,315452107325362,15658147.232106,64.49,175,20.0
12788468,7.23302752293578,0.6666,0.13,0.07,0.2,0.6666,4360000,cosmosvaloper1c4k24jzduc365kywrsvf5ujz4ya6mwympnc4en,0,4HD6TwULr36idhxSpqVxV4BoGTk=,2022-11-10T08:00:36.305856026Z,1.0,0.02,0.01,0.04,0.1315125617885089,20.0,1008661355.005669,315452116840480,15658147.232106,64.49,175,20.0
12788469,7.23302752293578,0.6666,0.13,0.07,0.2,0.6666,4360000,cosmosvaloper1c4k24jzduc365kywrsvf5ujz4ya6mwympnc4en,0,7VCeeAl+EwapH+3o6Ft10Gvd9uM=,2022-11-10T08:00:42.992370799Z,1.0,0.02,0.01,0.04,0.1315125703627529,20.0,1008797866.6221852,315452126355598,15658147.232106,64.49,175,20.0
12788470,7.23302752293578,0.6666,0.13,0.07,0.2,0.6666,4360000,cosmosvaloper1c4k24jzduc365kywrsvf5ujz4ya6mwympnc4en,0,OZZxwv5LJxTsbofU7kVO8V8zqio=,2022-11-10T08:00:49.374144749Z,1.0,0.02,0.01,0.04,0.1315125789370034,20.0,1008934179.818282,315452135870717,15658147.232106,64.49,175,20.0
12788471,7.23302752293578,0.6666,0.13,0.07,0.2,0.6666,4360000,cosmosvaloper1c4k24jzduc365kywrsvf5ujz4ya6mwympnc4en,0,nPiuH9UH+XoFQlBYL/5SkiyNNwU=,2022-11-10T08:00:55.999982007Z,1.0,0.02,0.01,0.04,0.1315125875112607,20.0,1009070503.83519,315452145385837,15658147.232106,64.49,175,20.0
12788472,7.23302752293578,0.6666,0.13,0.07,0.2,0.6666,4360000,cosmosvaloper1c4k24jzduc365kywrsvf5ujz4ya6mwympnc4en,0,sRZ9BDfbnfDVM+4qzeSBBxOb3S4=,2022-11-10T08:01:02.503682511Z,0.9942857142857144,0.02,0.01,0.04,0.1315125960855243,20.0,1009206841.623142,315452154900958,15658147.232106,64.49,175,20.0
12788473,7.23302752293578,0.6666,0.13,0.07,0.2,0.6666,4360000,cosmosvaloper1c4k24jzduc365kywrsvf5ujz4ya6mwympnc4en,0,USBWWacX3/uW4FT4vREIcw4Xrqc=,2022-11-10T08:01:08.683208349Z,0.9314285714285714,0.02,0.01,0.04,0.1315126046597945,20.0,1009343616.7495964,315452164416080,15658147.232106,64.49,175,20.0
12788474,7.23302752293578,0.6666,0.13,0.07,0.2,0.6666,4360000,cosmosvaloper1c4k24jzduc365kywrsvf5ujz4ya6mwympnc4en,0,rC1WBXzYR2Xm++MYl5CT6ORKoY8=,2022-11-10T08:01:15.056451745Z,0.9942857142857144,0.02,0.01,0.04,0.1315126132340696,20.0,1009479920.5107586,315452173931203,15658147.232106,64.49,175,20.0
12788475,7.23302752293578,0.6666,0.13,0.07,0.2,0.6666,4360000,cosmosvaloper1c4k24jzduc365kywrsvf5ujz4ya6mwympnc4en,0,Wlnch0b9cn/d1cv1y7kMb2Fsz5s=,2022-11-10T08:01:21.270858647Z,1.0,0.02,0.01,0.04,0.1315126218083514,20.0,1009616172.5804032,315452183446327,15658147.232106,64.49,175,20.0
12788476,7.23302752293578,0.6666,0.13,0.07,0.2,0.6666,4360000,cosmosvaloper1c4k24jzduc365kywrsvf5ujz4ya6mwympnc4en,0,AZucopRNPMNsfHMoPvPVjlbIpdQ=,2022-11-10T08:01:27.461518920Z,1.0,0.02,0.01,0.04,0.1315126303826396,20.0,1009752569.78864,315452192961452,15658147.232106,64.49,175,20.0
12788477,7.23302752293578,0.6666,0.13,0.07,0.2,0.6666,4360000,cosmosvaloper1c4k24jzduc365kywrsvf5ujz4ya6mwympnc4en,0,1o7sDS6CSPHsZM21he22HspDK9g=,2022-11-10T08:01:35.166350394Z,1.0,0.02,0.01,0.04,0.1315126389569279,20.0,1009888916.4076155,315452202476578,15658147.232106,64.49,175,20.0
12788478,7.23302752293578,0.6666,0.13,0.07,0.2,0.6666,4360000,cosmosvaloper1c4k24jzduc365kywrsvf5ujz4ya6mwympnc4en,0,1UCrAiCIYSrHSyh9B22/vEo3ei4=,2022-11-10T08:01:41.597143534Z,1.0,0.02,0.01,0.04,0.1315126475311322,20.0,1010120891.711908,315452211991705,15658147.232106,64.49,175,20.0
12788479,7.23302752293578,0.6666,0.13,0.07,0.2,0.6666,4360000,cosmosvaloper1c4k24jzduc365kywrsvf5ujz4ya6mwympnc4en,0,9Zc0qJanaJQ2vDQiJE/YYq4YnFw=,2022-11-10T08:01:47.978168828Z,1.0,0.02,0.01,0.04,0.1315126561053431,20.0,1010257218.9872786,315452221506833,15658147.232106,64.49,175,20.0
12788480,7.23302752293578,0.6666,0.13,0.07,0.2,0.6666,4360000,cosmosvaloper1c4k24jzduc365kywrsvf5ujz4ya6mwympnc4en,0,bXAfpZUyaI3xa6+VIRN+jBTLsxY=,2022-11-10T08:01:54.779883586Z,1.0,0.02,0.01,0.04,0.1315126646795607,20.0,1010393512.595394,315452231021961,15658147.232106,64.49,175,20.0
12788481,7.23302752293578,0.6666,0.13,0.07,0.2,0.6666,4360000,cosmosvaloper1c4k24jzduc365kywrsvf5ujz4ya6mwympnc4en,0,TrEoJnX3JLWQJvIXPCPw3Jk28Rg=,2022-11-10T08:02:01.511616314Z,0.9942857142857144,0.02,0.01,0.04,0.1315126818280143,20.0,1010668146.177943,315452250052220,15658147.232106,64.49,175,20.0
12788482,7.23302752293578,0.6666,0.13,0.07,0.2,0.6666,4360000,cosmosvaloper1c4k24jzduc365kywrsvf5ujz4ya6mwympnc4en,0,2mqqqVnJ74ij6zex8QfLJmfruqs=,2022-11-10T08:02:07.733391817Z,0.7428571428571429,0.02,0.01,0.04,0.1315126818280143,20.0,1010668146.177943,315452250052220,15658147.232106,64.49,175,20.0
12788483,7.23302752293578,0.6666,0.13,0.07,0.2,0.6666,4360000,cosmosvaloper1c4k24jzduc365kywrsvf5ujz4ya6mwympnc4en,0,HO0wcz0WJciatphndgbQ43s2dqk=,2022-11-10T08:02:10.362470497Z,0.8571428571428571,0.02,0.01,0.04,0.1315126904022277,20.0,1010804827.1316996,315452259567351,15658147.232106,64.49,175,20.0
12788484,7.23302752293578,0.6666,0.13,0.07,0.2,0.6666,4360000,cosmosvaloper1c4k24jzduc365kywrsvf5ujz4ya6mwympnc4en,0,Z5uJeFlzvpTU/fi2b4SpKZMukcU=,2022-11-10T08:02:16.685044949Z,0.9714285714285714,0.02,0.01,0.04,0.1315126989764478,20.0,1010941249.3718354,315452269082483,15658147.232106,64.49,175,20.0
12788485,7.23302752293578,0.6666,0.13,0.07,0.2,0.6666,4360000,cosmosvaloper1c4k24jzduc365kywrsvf5ujz4ya6mwympnc4en,0,Z5uJeFlzvpTU/fi2b4SpKZMukcU=,2022-11-10T08:02:27.827282859Z,0.9885714285714284,0.02,0.01,0.04,0.1315127075506744,20.0,1011077602.6444756,315452278597616,15658147.232106,64.49,175,20.0
12788486,7.23302752293578,0.6666,0.13,0.07,0.2,0.6666,4360000,cosmosvaloper1c4k24jzduc365kywrsvf5ujz4ya6mwympnc4en,0,zIf1a1hiGBHitaR/OMYWbilc424=,2022-11-10T08:02:34.120958025Z,1.0,0.02,0.01,0.04,0.1315127161249075,20.0,1011213920.4158996,315452288112750,15658147.232106,64.49,175,20.0
12788487,7.23302752293578,0.6666,0.13,0.07,0.2,0.6666,4360000,cosmosvaloper1c4k24jzduc365kywrsvf5ujz4ya6mwympnc4en,0,g/R9d0ew9jOmug30m33PYfkKobA=,2022-11-10T08:02:40.613194604Z,1.0,0.02,0.01,0.04,0.1315127246991471,20.0,1011350231.7312552,315452297627885,15658147.232106,64.49,175,20.0
12788488,7.23302752293578,0.6666,0.13,0.07,0.2,0.6666,4360000,cosmosvaloper1c4k24jzduc365kywrsvf5ujz4ya6mwympnc4en,0,aPJweVkNysw6wcSJKhoAjzSPWW8=,2022-11-10T08:02:47.284648894Z,1.0,0.02,0.01,0.04,0.1315127332733935,20.0,1011486538.9232192,315452307143021,15658147.232106,64.49,175,20.0
12788489,7.23302752293578,0.6666,0.13,0.07,0.2,0.6666,4360000,cosmosvaloper1c4k24jzduc365kywrsvf5ujz4ya6mwympnc4en,0,0tRY+SCey4yiqrHZngZhG4Eqh5c=,2022-11-10T08:02:53.757225165Z,1.0,0.02,0.01,0.04,0.1315127418476313,20.0,1011623233.1357008,315452316658158,15658147.232106,64.49,175,20.0
12788490,7.23302752293578,0.6666,0.13,0.07,0.2,0.6666,4360000,cosmosvaloper1c4k24jzduc365kywrsvf5ujz4ya6mwympnc4en,0,sxWB6f9XEEVTE3Di1IlaLW/t7Ps=,2022-11-10T08:03:00.185173414Z,1.0,0.02,0.01,0.04,0.1315127504215997,20.0,1011759843.2904638,315452326173296,15658147.232106,64.49,175,20.0
12788491,7.23302752293578,0.6666,0.13,0.07,0.2,0.6666,4360000,cosmosvaloper1c4k24jzduc365kywrsvf5ujz4ya6mwympnc4en,0,1o7sDS6CSPHsZM21he22HspDK9g=,2022-11-10T08:03:06.739717875Z,1.0,0.02,0.01,0.04,0.1315127589953776,20.0,1011896279.7661784,315452335688434,15658147.232106,64.49,175,20.0
12788492,7.23302752293578,0.6666,0.13,0.07,0.2,0.6666,4360000,cosmosvaloper1c4k24jzduc365kywrsvf5ujz4ya6mwympnc4en,0,rC1WBXzYR2Xm++MYl5CT6ORKoY8=,2022-11-10T08:03:13.147888378Z,1.0,0.02,0.01,0.04,0.1315127675691623,20.0,1012128287.0327471,315452345203573,15658147.232106,64.49,175,20.0
12788493,7.23302752293578,0.6666,0.13,0.07,0.2,0.6666,4360000,cosmosvaloper1c4k24jzduc365kywrsvf5ujz4ya6mwympnc4en,0,leBg0HcTBw/pgi9sUL12vMv58Xo=,2022-11-10T08:03:19.365976036Z,1.0,0.02,0.01,0.04,0.1315127761429535,20.0,1012264589.371062,315452354718713,15658147.232106,64.49,175,20.0
12788494,7.23302752293578,0.6666,0.13,0.07,0.2,0.6666,4360000,cosmosvaloper1c4k24jzduc365kywrsvf5ujz4ya6mwympnc4en,0,JURdDrNT6QUKsR7GGX1dy2EZhts=,2022-11-10T08:03:26.106507254Z,1.0,0.02,0.01,0.04,0.1315127847167515,20.0,1012401025.8693216,315452364233854,15658147.232106,64.49,175,20.0
12788495,7.23302752293578,0.6666,0.13,0.07,0.2,0.6666,4360000,cosmosvaloper1c4k24jzduc365kywrsvf5ujz4ya6mwympnc4en,0,nfjjOMheh5vISwqqKKCLQxvVtUg=,2022-11-10T08:03:32.396778658Z,1.0,0.02,0.01,0.04,0.1315127932905539,20.0,1012537441.238678,315452373748996,15658147.232106,64.49,175,20.0
12788496,7.23302752293578,0.6666,0.13,0.07,0.2,0.6666,4360000,cosmosvaloper1c4k24jzduc365kywrsvf5ujz4ya6mwympnc4en,0,2fikG3gqpqZq3IH5U5I8fc57YAE=,2022-11-10T08:03:39.266928660Z,1.0,0.02,0.01,0.04,0.1315128018643552,20.0,1012673866.5283124,315452383264139,15658147.232106,64.49,175,20.0
12788497,7.23302752293578,0.6666,0.13,0.07,0.2,0.6666,4360000,cosmosvaloper1c4k24jzduc365kywrsvf5ujz4ya6mwympnc4en,0,nPiuH9UH+XoFQlBYL/5SkiyNNwU=,2022-11-10T08:03:45.623878795Z,1.0,0.02,0.01,0.04,0.1315128104381703,20.0,1012810274.1519266,315452392779283,15658147.232106,64.49,175,20.0
12788498,7.23302752293578,0.6666,0.13,0.07,0.2,0.6666,4360000,cosmosvaloper1c4k24jzduc365kywrsvf5ujz4ya6mwympnc4en,0,V3E7t0Icf+s4G4Y/yH3tXoKaqWE=,2022-11-10T08:03:52.265664122Z,0.9542857142857144,0.02,0.01,0.04,0.131512819011992,20.0,1012946688.0902492,315452402294428,15658147.232106,64.49,175,20.0
12788499,7.23302752293578,0.6666,0.13,0.07,0.2,0.6666,4360000,cosmosvaloper1c4k24jzduc365kywrsvf5ujz4ya6mwympnc4en,0,7VCeeAl+EwapH+3o6Ft10Gvd9uM=,2022-11-10T08:03:58.696659192Z,0.9885714285714284,0.02,0.01,0.04,0.1315128275858163,20.0,1013082951.622562,315452411809574,15658147.232106,64.49,175,20.0
12788500,7.23302752293578,0.6666,0.13,0.07,0.2,0.6666,4360000,cosmosvaloper1c4k24jzduc365kywrsvf5ujz4ya6mwympnc4en,0,ePHXqXc/ySJzngo3BafKBr6jCIM=,2022-11-10T08:04:05.001748307Z,0.9942857142857144,0.02,0.01,0.04,0.1315128361596284,20.0,1013219405.8777072,315452421324721,15658147.232106,64.49,175,20.0
12788501,7.23302752293578,0.6666,0.13,0.07,0.2,0.6666,4360000,cosmosvaloper1c4k24jzduc365kywrsvf5ujz4ya6mwympnc4en,0,KQZ9/jNSpASB230R7kSxChD8QpA=,2022-11-10T08:04:11.402383918Z,1.0,0.02,0.01,0.04,0.1315128447334471,20.0,1013355614.963589,315452430839869,15658147.232106,64.49,175,20.0
12788502,7.23302752293578,0.6666,0.13,0.07,0.2,0.6666,4360000,cosmosvaloper1c4k24jzduc365kywrsvf5ujz4ya6mwympnc4en,0,Fw/v1tf0ppqucKJEFfxOLJKN4uU=,2022-11-10T08:04:17.902261149Z,0.9942857142857144,0.02,0.01,0.04,0.1315128533072603,20.0,1013492054.6434184,315452440355017,15658147.232106,64.49,175,20.0
12788503,7.23302752293578,0.6666,0.13,0.07,0.2,0.6666,4360000,cosmosvaloper1c4k24jzduc365kywrsvf5ujz4ya6mwympnc4en,0,Fw/v1tf0ppqucKJEFfxOLJKN4uU=,2022-11-10T08:04:29.849054666Z,0.9942857142857144,0.02,0.01,0.04,0.1315128618811065,20.0,1013628470.5835968,315452449870166,15658147.232106,64.49,175,20.0
12788504,7.23302752293578,0.6666,0.13,0.07,0.2,0.6666,4360000,cosmosvaloper1c4k24jzduc365kywrsvf5ujz4ya6mwympnc4en,0,1o7sDS6CSPHsZM21he22HspDK9g=,2022-11-10T08:04:36.064876779Z,1.0,0.02,0.01,0.04,0.1315128704549559,20.0,1013764961.0258312,315452459385316,15658147.232106,64.49,175,20.0
12788505,7.23302752293578,0.6666,0.13,0.07,0.2,0.6666,4360000,cosmosvaloper1c4k24jzduc365kywrsvf5ujz4ya6mwympnc4en,0,bXAfpZUyaI3xa6+VIRN+jBTLsxY=,2022-11-10T08:04:42.454195575Z,1.0,0.02,0.01,0.04,0.1315128790288119,20.0,1013996447.2145064,315452468900467,15658147.232106,64.49,175,20.0
12788506,7.23302752293578,0.6666,0.13,0.07,0.2,0.6666,4360000,cosmosvaloper1c4k24jzduc365kywrsvf5ujz4ya6mwympnc4en,0,sRZ9BDfbnfDVM+4qzeSBBxOb3S4=,2022-11-10T08:04:49.284527344Z,1.0,0.02,0.01,0.04,0.131512887602565,20.0,1014132752.7213662,315452478415619,15658147.232106,64.49,175,20.0
12788509,7.23302752293578,0.6666,0.13,0.07,0.2,0.6666,4360000,cosmosvaloper1c4k24jzduc365kywrsvf5ujz4ya6mwympnc4en,0,rC1WBXzYR2Xm++MYl5CT6ORKoY8=,2022-11-10T08:05:08.089692842Z,1.0,0.02,0.01,0.04,0.1315129133234955,20.0,1014541995.905506,315452506961081,15658147.232106,64.49,175,20.0
12788510,7.23302752293578,0.6666,0.13,0.07,0.2,0.6666,4360000,cosmosvaloper1c4k24jzduc365kywrsvf5ujz4ya6mwympnc4en,0,0tRY+SCey4yiqrHZngZhG4Eqh5c=,2022-11-10T08:05:14.274998751Z,1.0,0.02,0.01,0.04,0.1315129218971416,20.0,1014678204.9579504,315452516476237,15658147.232106,64.49,175,20.0
12788511,7.23302752293578,0.6666,0.13,0.07,0.2,0.6666,4360000,cosmosvaloper1c4k24jzduc365kywrsvf5ujz4ya6mwympnc4en,0,9Zc0qJanaJQ2vDQiJE/YYq4YnFw=,2022-11-10T08:05:20.672577999Z,1.0,0.02,0.01,0.04,0.1315129304707942,20.0,1014814651.488856,315452525991394,15658147.232106,64.49,175,20.0
12788512,7.23302752293578,0.6666,0.13,0.07,0.2,0.6666,4360000,cosmosvaloper1c4k24jzduc365kywrsvf5ujz4ya6mwympnc4en,0,MZIPm8Ojm2aHbMfW1eWJ4QOTvw4=,2022-11-10T08:05:27.439099482Z,1.0,0.02,0.01,0.04,0.1315129390444541,20.0,1014950903.5939996,315452535506551,15658147.232106,64.49,175,20.0
12788513,7.23302752293578,0.6666,0.13,0.07,0.2,0.6666,4360000,cosmosvaloper1c4k24jzduc365kywrsvf5ujz4ya6mwympnc4en,0,HO0wcz0WJciatphndgbQ43s2dqk=,2022-11-10T08:05:33.676240599Z,1.0,0.02,0.01,0.04,0.1315129476181207,20.0,1015087112.6683792,315452545021709,15658147.232106,64.49,175,20.0
12788514,7.23302752293578,0.6666,0.13,0.07,0.2,0.6666,4360000,cosmosvaloper1c4k24jzduc365kywrsvf5ujz4ya6mwympnc4en,0,YORRkTA0ENMo09DiUvXrxEViZEo=,2022-11-10T08:05:40.074785521Z,1.0,0.02,0.01,0.04,0.1315129561917939,20.0,1015223321.7570736,315452554536868,,,175,20.0
12788515,7.23302752293578,0.6666,0.13,0.07,0.2,0.6666,4360000,cosmosvaloper1c4k24jzduc365kywrsvf5ujz4ya6mwympnc4en,0,tOEIXxyeuw6plEUssbgSS6ib7Ro=,2022-11-10T08:05:46.660047830Z,1.0,0.02,0.01,0.04,0.1315129647654737,20.0,1015359566.6474783,315452564052028,15658147.232106,64.49,175,20.0
12788516,7.23302752293578,0.6666,0.13,0.07,0.2,0.6666,4360000,cosmosvaloper1c4k24jzduc365kywrsvf5ujz4ya6mwympnc4en,0,1o7sDS6CSPHsZM21he22HspDK9g=,2022-11-10T08:05:52.854248759Z,0.9942857142857144,0.02,0.01,0.04,0.1315129733391521,20.0,1015495944.781514,315452573567189,15658147.232106,64.49,175,20.0
12788517,7.23302752293578,0.6666,0.13,0.07,0.2,0.6666,4360000,cosmosvaloper1c4k24jzduc365kywrsvf5ujz4ya6mwympnc4en,0,Z5uJeFlzvpTU/fi2b4SpKZMukcU=,2022-11-10T08:05:59.296874917Z,1.0,0.02,0.01,0.04,0.1315129819128371,20.0,1015727665.0198096,315452583082351,,,175,20.0
12788518,7.23302752293578,0.6666,0.13,0.07,0.2,0.6666,4360000,cosmosvaloper1c4k24jzduc365kywrsvf5ujz4ya6mwympnc4en,0,CZ4rCVgzMa/eNeX6lmc9LKfeoxY=,2022-11-10T08:06:05.573098564Z,1.0,0.02,0.01,0.04,0.1315129904865104,20.0,1015864056.3761736,315452592597514,15658147.232106,64.49,175,20.0
12788519,7.23302752293578,0.6666,0.13,0.07,0.2,0.6666,4360000,cosmosvaloper1c4k24jzduc365kywrsvf5ujz4ya6mwympnc4en,0,aPJweVkNysw6wcSJKhoAjzSPWW8=,2022-11-10T08:06:11.861156774Z,1.0,0.02,0.01,0.04,0.131512999060185,20.0,1016000387.9103296,315452602112678,15658147.232106,64.49,175,20.0
12788520,7.23302752293578,0.6666,0.13,0.07,0.2,0.6666,4360000,cosmosvaloper1c4k24jzduc365kywrsvf5ujz4ya6mwympnc4en,0,aWq8lRhv1loHBQwoqwDJNYoxUDA=,2022-11-10T08:06:18.359666881Z,1.0,0.02,0.01,0.04,0.1315130076338663,20.0,1016136693.5516528,315452611627843,15658147.232106,64.49,175,20.0
12788521,7.23302752293578,0.6666,0.13,0.07,0.2,0.6666,4360000,cosmosvaloper1c4k24jzduc365kywrsvf5ujz4ya6mwympnc4en,0,nPiuH9UH+XoFQlBYL/5SkiyNNwU=,2022-11-10T08:06:24.939374923Z,1.0,0.02,0.01,0.04,0.1315130162075542,20.0,1016273130.1142148,315452621143009,15658147.232106,64.49,175,20.0
12788522,7.23302752293578,0.6666,0.13,0.07,0.2,0.6666,4360000,cosmosvaloper1c4k24jzduc365kywrsvf5ujz4ya6mwympnc4en,0,nPiuH9UH+XoFQlBYL/5SkiyNNwU=,2022-11-10T08:06:36.261810937Z,0.9942857142857144,0.02,0.01,0.04,0.1315130247812482,20.0,1016409725.4439552,315452630658176,15658147.232106,64.49,175,20.0
12788523,7.23302752293578,0.6666,0.13,0.07,0.2,0.6666,4360000,cosmosvaloper1c4k24jzduc365kywrsvf5ujz4ya6mwympnc4en,0,u3a8YyLHUzp8zTrxwInHs5cfsBI=,2022-11-10T08:06:42.697757193Z,1.0,0.02,0.01,0.04,0.1315130333549488,20.0,1016545963.2719812,315452640173343,15658147.232106,64.49,175,20.0
12788524,7.23302752293578,0.6666,0.13,0.07,0.2,0.6666,4360000,cosmosvaloper1c4k24jzduc365kywrsvf5ujz4ya6mwympnc4en,0,nPOJ3MIvAHCmQedvSDVmsjuDS0k=,2022-11-10T08:06:49.010247712Z,1.0,0.02,0.01,0.04,0.1315130419286561,20.0,1016682245.920135,315452649688511,15658147.232106,64.49,175,20.0
12788525,7.23302752293578,0.6666,0.13,0.07,0.2,0.6666,4360000,cosmosvaloper1c4k24jzduc365kywrsvf5ujz4ya6mwympnc4en,0,iKZQRfXuUCVggm2gf3ObqeuoRww=,2022-11-10T08:06:55.560256765Z,0.9942857142857144,0.02,0.01,0.04,0.13151305050237,20.0,1016818512.5816872,315452659203680,15658147.232106,64.49,175,20.0
12788526,7.23302752293578,0.6666,0.13,0.07,0.2,0.6666,4360000,cosmosvaloper1c4k24jzduc365kywrsvf5ujz4ya6mwympnc4en,0,rC1WBXzYR2Xm++MYl5CT6ORKoY8=,2022-11-10T08:07:02.058592734Z,1.0,0.02,0.01,0.04,0.1315130590760906,20.0,1016954967.123834,315452668718850,15658147.232106,64.49,175,20.0
12788527,7.23302752293578,0.6666,0.13,0.07,0.2,0.6666,4360000,cosmosvaloper1c4k24jzduc365kywrsvf5ujz4ya6mwympnc4en,0,bXAfpZUyaI3xa6+VIRN+jBTLsxY=,2022-11-10T08:07:08.252354349Z,1.0,0.02,0.01,0.04,0.1315130676498177,20.0,1017091375.5431924,315452678234021,15658147.232106,64.49,175,20.0
12788528,7.23302752293578,0.6666,0.13,0.07,0.2,0.6666,4360000,cosmosvaloper1c4k24jzduc365kywrsvf5ujz4ya6mwympnc4en,0,UdslZiBO4mZCfqimy3GYNasXC+k=,2022-11-10T08:07:15.105762131Z,1.0,0.02,0.01,0.04,0.1315130762235515,20.0,1017227614.4448402,315452687749193,15658147.232106,64.49,175,20.0
12788529,7.23302752293578,0.6666,0.13,0.07,0.2,0.6666,4360000,cosmosvaloper1c4k24jzduc365kywrsvf5ujz4ya6mwympnc4en,0,7VCeeAl+EwapH+3o6Ft10Gvd9uM=,2022-11-10T08:07:21.371514454Z,1.0,0.02,0.01,0.04,0.131513084797292,20.0,1017363823.7145288,315452697264366,15658147.232106,64.49,175,20.0
12788530,7.23302752293578,0.6666,0.13,0.07,0.2,0.6666,4360000,cosmosvaloper1c4k24jzduc365kywrsvf5ujz4ya6mwympnc4en,0,1o7sDS6CSPHsZM21he22HspDK9g=,2022-11-10T08:07:27.722146207Z,1.0,0.02,0.01,0.04,0.1315130933710384,20.0,1017500348.8150944,315452706779540,15658147.232106,64.49,175,20.0
12788531,7.23302752293578,0.6666,0.13,0.07,0.2,0.6666,4360000,cosmosvaloper1c4k24jzduc365kywrsvf5ujz4ya6mwympnc4en,0,0tRY+SCey4yiqrHZngZhG4Eqh5c=,2022-11-10T08:07:34.143273029Z,1.0,0.02,0.01,0.04,0.1315131019447916,20.0,1017731794.9557596,315452716294715,15658147.232106,64.49,175,20.0
12788532,7.23302752293578,0.6666,0.13,0.07,0.2,0.6666,4360000,cosmosvaloper1c4k24jzduc365kywrsvf5ujz4ya6mwympnc4en,0,ppNdh3uXdsRblu6uUmlZo7mlqxo=,2022-11-10T08:07:40.661181041Z,1.0,0.02,0.01,0.04,0.1315131105185514,20.0,1017868060.4109812,315452725809891,15658147.232106,64.49,175,20.0
12788533,7.23302752293578,0.6666,0.13,0.07,0.2,0.6666,4360000,cosmosvaloper1c4k24jzduc365kywrsvf5ujz4ya6mwympnc4en,0,3qELGQGaE7F9GrnK4XMhza47BIc=,2022-11-10T08:07:47.370679874Z,1.0,0.02,0.01,0.04,0.1315131190923178,20.0,1018004269.7372602,315452735325068,15658147.232106,64.49,175,20.0
12788534,7.23302752293578,0.6666,0.13,0.07,0.2,0.6666,4360000,cosmosvaloper1c4k24jzduc365kywrsvf5ujz4ya6mwympnc4en,0,2mqqqVnJ74ij6zex8QfLJmfruqs=,2022-11-10T08:07:53.793557402Z,0.9828571428571428,0.02,0.01,0.04,0.1315131276660909,20.0,1018140840.4428968,315452744840245,15658147.232106,64.49,175,20.0
12788535,7.23302752293578,0.6666,0.13,0.07,0.2,0.6666,4360000,cosmosvaloper1c4k24jzduc365kywrsvf5ujz4ya6mwympnc4en,0,USBWWacX3/uW4FT4vREIcw4Xrqc=,2022-11-10T08:07:56.049094034Z,0.9828571428571428,0.02,0.01,0.04,0.1315131362398707,20.0,1018277103.5063518,315452754355423,15658147.232106,64.49,175,20.0
12788536,7.23302752293578,0.6666,0.13,0.07,0.2,0.6666,4360000,cosmosvaloper1c4k24jzduc365kywrsvf5ujz4ya6mwympnc4en,0,sRZ9BDfbnfDVM+4qzeSBBxOb3S4=,2022-11-10T08:08:02.419103537Z,0.9942857142857144,0.02,0.01,0.04,0.1315131448136571,20.0,1018413349.2069342,315452763870602,15658147.232106,64.49,175,20.0
12788537,7.23302752293578,0.6666,0.13,0.07,0.2,0.6666,4360000,cosmosvaloper1c4k24jzduc365kywrsvf5ujz4ya6mwympnc4en,0,ez0B91Tf+EdO0ONYgS/UN+CTidw=,2022-11-10T08:08:08.706569526Z,1.0,0.02,0.01,0.04,0.1315131533874502,20.0,1018549756.3802208,315452773385782,15658147.232106,64.49,175,20.0
12788538,7.23302752293578,0.6666,0.13,0.07,0.2,0.6666,4360000,cosmosvaloper1c4k24jzduc365kywrsvf5ujz4ya6mwympnc4en,0,ez0B91Tf+EdO0ONYgS/UN+CTidw=,2022-11-10T08:08:19.943506059Z,1.0,0.02,0.01,0.04,0.1315131619611048,20.0,1018686248.2551024,315452782900963,15658147.232106,64.49,175,20.0
12788539,7.23302752293578,0.6666,0.13,0.07,0.2,0.6666,4360000,cosmosvaloper1c4k24jzduc365kywrsvf5ujz4ya6mwympnc4en,0,g/R9d0ew9jOmug30m33PYfkKobA=,2022-11-10T08:08:26.234976470Z,1.0,0.02,0.01,0.04,0.1315131705347661,20.0,1018822634.7862225,315452792416145,15658147.232106,64.49,175,20.0
12788540,7.23302752293578,0.6666,0.13,0.07,0.2,0.6666,4360000,cosmosvaloper1c4k24jzduc365kywrsvf5ujz4ya6mwympnc4en,0,ezou/ls/zfgZ/PUmBzFM7+R1S7Y=,2022-11-10T08:08:33.131227200Z,1.0,0.02,0.01,0.04,0.1315131791083889,20.0,1018959019.1232167,315452801931328,15658147.232106,64.49,175,20.0
12788541,7.23302752293578,0.6666,0.13,0.07,0.2,0.6666,4360000,cosmosvaloper1c4k24jzduc365kywrsvf5ujz4ya6mwympnc4en,0,9Zc0qJanaJQ2vDQiJE/YYq4YnFw=,2022-11-10T08:08:39.756296256Z,1.0,0.02,0.01,0.04,0.1315131876819848,20.0,1019095362.9775424,315452811446512,15658147.232106,64.49,175,20.0
12788542,7.23302752293578,0.6666,0.13,0.07,0.2,0.6666,4360000,cosmosvaloper1c4k24jzduc365kywrsvf5ujz4ya6mwympnc4en,0,9Zc0qJanaJQ2vDQiJE/YYq4YnFw=,2022-11-10T08:08:51.333372629Z,0.9942857142857144,0.02,0.01,0.04,0.131513196252492,20.0,1019231964.8878412,315452820961697,15658147.232106,64.49,175,20.0
12788543,7.23302752293578,0.6666,0.13,0.07,0.2,0.6666,4360000,cosmosvaloper1c4k24jzduc365kywrsvf5ujz4ya6mwympnc4en,0,1o7sDS6CSPHsZM21he22HspDK9g=,2022-11-10T08:08:57.957344839Z,1.0,0.02,0.01,0.04,0.1315132048230058,20.0,1019368332.7709773,315452830476883,15658147.232106,64.49,175,20.0
12788544,7.23302752293578,0.6666,0.13,0.07,0.2,0.6666,4360000,cosmosvaloper1c4k24jzduc365kywrsvf5ujz4ya6mwympnc4en,0,O4RcmvHWnp+7YgtpqyJrKLrJeYU=,2022-11-10T08:09:04.449568421Z,1.0,0.02,0.01,0.04,0.1315132133935263,20.0,1019599801.8328508,315452839992070,15658147.232106,64.49,175,20.0
12788545,7.23302752293578,0.6666,0.13,0.07,0.2,0.6666,4360000,cosmosvaloper1c4k24jzduc365kywrsvf5ujz4ya6mwympnc4en,0,rC1WBXzYR2Xm++MYl5CT6ORKoY8=,2022-11-10T08:09:11.019963525Z,1.0,0.02,0.01,0.04,0.131513221964041,20.0,1019736296.2642224,315452849507257,15658147.232106,64.49,175,20.0
12788546,7.23302752293578,0.6666,0.13,0.07,0.2,0.6666,4360000,cosmosvaloper1c4k24jzduc365kywrsvf5ujz4ya6mwympnc4en,0,HO0wcz0WJciatphndgbQ43s2dqk=,2022-11-10T08:09:17.220006268Z,1.0,0.02,0.01,0.04,0.1315132305345623,20.0,1019872559.0974028,315452859022445,15658147.232106,64.49,175,20.0
12788547,7.23302752293578,0.6666,0.13,0.07,0.2,0.6666,4360000,cosmosvaloper1c4k24jzduc365kywrsvf5ujz4ya6mwympnc4en,0,2fikG3gqpqZq3IH5U5I8fc57YAE=,2022-11-10T08:09:23.550511309Z,1.0,0.02,0.01,0.04,0.1315132391050903,20.0,1020008848.8492424,315452868537634,,,175,20.0
12788548,7.23302752293578,0.6666,0.13,0.07,0.2,0.6666,4360000,cosmosvaloper1c4k24jzduc365kywrsvf5ujz4ya6mwympnc4en,0,nPiuH9UH+XoFQlBYL/5SkiyNNwU=,2022-11-10T08:09:30.041330463Z,1.0,0.02,0.01,0.04,0.1315132476755999,20.0,1020145410.6813444,315452878052824,15658147.232106,64.49,175,20.0
12788549,7.23302752293578,0.6666,0.13,0.07,0.2,0.6666,4360000,cosmosvaloper1c4k24jzduc365kywrsvf5ujz4ya6mwympnc4en,0,Z5uJeFlzvpTU/fi2b4SpKZMukcU=,2022-11-10T08:09:36.616679618Z,0.9942857142857144,0.02,0.01,0.04,0.1315132562430589,20.0,1020281810.814144,315452887568015,15658147.232106,64.49,175,20.0
12788550,7.23302752293578,0.6666,0.13,0.07,0.2,0.6666,4360000,cosmosvaloper1c4k24jzduc365kywrsvf5ujz4ya6mwympnc4en,0,/V1U4Nnkdo/qTA3/3In6lrZlfzI=,2022-11-10T08:09:42.859165243Z,1.0,0.02,0.01,0.04,0.1315132648105246,20.0,1020418105.1885514,315452897083207,15658147.232106,64.49,175,20.0
12788551,7.23302752293578,0.6666,0.13,0.07,0.2,0.6666,4360000,cosmosvaloper1c4k24jzduc365kywrsvf5ujz4ya6mwympnc4en,0,aPJweVkNysw6wcSJKhoAjzSPWW8=,2022-11-10T08:09:49.203837619Z,1.0,0.02,0.01,0.04,0.131513273378009,20.0,1020554502.2035688,315452906598400,15658147.232106,64.49,175,20.0
12788552,7.23302752293578,0.6666,0.13,0.07,0.2,0.6666,4360000,cosmosvaloper1c4k24jzduc365kywrsvf5ujz4ya6mwympnc4en,0,bXAfpZUyaI3xa6+VIRN+jBTLsxY=,2022-11-10T08:09:55.618582095Z,1.0,0.02,0.01,0.04,0.1315132819455,20.0,1020690732.22387,315452916113594,15658147.232106,64.49,175,20.0
12788553,7.23302752293578,0.6666,0.13,0.07,0.2,0.6666,4360000,cosmosvaloper1c4k24jzduc365kywrsvf5ujz4ya6mwympnc4en,0,0tRY+SCey4yiqrHZngZhG4Eqh5c=,2022-11-10T08:10:02.482780329Z,1.0,0.02,0.01,0.04,0.1315132905129973,20.0,1020827034.9258368,315452925628789,15658147.232106,64.49,175,20.0
12788554,7.23302752293578,0.6666,0.13,0.07,0.2,0.6666,4360000,cosmosvaloper1c4k24jzduc365kywrsvf5ujz4ya6mwympnc4en,0,TrEoJnX3JLWQJvIXPCPw3Jk28Rg=,2022-11-10T08:10:08.880000304Z,1.0,0.02,0.01,0.04,0.1315132990804583,20.0,1020963620.9203832,315452935143985,15658147.232106,64.49,175,20.0
12788555,7.23302752293578,0.6666,0.13,0.07,0.2,0.6666,4360000,cosmosvaloper1c4k24jzduc365kywrsvf5ujz4ya6mwympnc4en,0,1o7sDS6CSPHsZM21he22HspDK9g=,2022-11-10T08:10:15.081239465Z,1.0,0.02,0.01,0.04,0.1315133076479258,20.0,1021099891.0788978,315452944659181,15658147.232106,64.49,175,20.0
12788556,7.23302752293578,0.6666,0.13,0.07,0.2,0.6666,4360000,cosmosvaloper1c4k24jzduc365kywrsvf5ujz4ya6mwympnc4en,0,6Dv8Q20s6NzJ7AWJsuW3NeN/uFw=,2022-11-10T08:10:21.541900853Z,1.0,0.02,0.01,0.04,0.1315133162153988,20.0,1021331580.3293324,315452954174378,15658147.232106,64.49,175,20.0
12788557,7.23302752293578,0.6666,0.13,0.07,0.2,0.6666,4360000,cosmosvaloper1c4k24jzduc365kywrsvf5ujz4ya6mwympnc4en,0,Wlnch0b9cn/d1cv1y7kMb2Fsz5s=,2022-11-10T08:10:27.773860694Z,1.0,0.02,0.01,0.04,0.1315133247828785,20.0,1021467810.3874844,315452963689576,15658147.232106,64.49,175,20.0
12788558,7.23302752293578,0.6666,0.13,0.07,0.2,0.6666,4360000,cosmosvaloper1c4k24jzduc365kywrsvf5ujz4ya6mwympnc4en,0,uNnHEypCskhXRDasIDAF1hs/WqU=,2022-11-10T08:10:34.128644757Z,1.0,0.02,0.01,0.04,0.1315133333503636,20.0,1021604063.0087212,315452973204775,15658147.232106,64.49,175,20.0
12788559,7.23302752293578,0.6666,0.13,0.07,0.2,0.6666,4360000,cosmosvaloper1c4k24jzduc365kywrsvf5ujz4ya6mwympnc4en,0,nBfJT3MTu01uBkKHvu3l04iOiFU=,2022-11-10T08:10:40.331232319Z,1.0,0.02,0.01,0.04,0.1315133419178553,20.0,1021740348.6881496,315452982719975,15658147.232106,64.49,175,20.0
12788560,7.23302752293578,0.6666,0.13,0.07,0.2,0.6666,4360000,cosmosvaloper1c4k24jzduc365kywrsvf5ujz4ya6mwympnc4en,0,7VCeeAl+EwapH+3o6Ft10Gvd9uM=,2022-11-10T08:10:47.074950430Z,1.0,0.02,0.01,0.04,0.1315133504853537,20.0,1021876858.8734024,315452992235176,15658147.232106,64.49,175,20.0
12788561,7.23302752293578,0.6666,0.13,0.07,0.2,0.6666,4360000,cosmosvaloper1c4k24jzduc365kywrsvf5ujz4ya6mwympnc4en,0,7VCeeAl+EwapH+3o6Ft10Gvd9uM=,2022-11-10T08:10:58.301491194Z,0.9942857142857144,0.02,0.01,0.04,0.1315133590528587,20.0,1022013297.4874564,315453001750378,15658147.232106,64.49,175,20.0
12788562,7.23302752293578,0.6666,0.13,0.07,0.2,0.6666,4360000,cosmosvaloper1c4k24jzduc365kywrsvf5ujz4ya6mwympnc4en,0,rC1WBXzYR2Xm++MYl5CT6ORKoY8=,2022-11-10T08:11:04.585921166Z,1.0,0.02,0.01,0.04,0.1315133676203704,20.0,1022149613.8477668,315453011265581,15658147.232106,64.49,175,20.0
12788563,7.23302752293578,0.6666,0.13,0.07,0.2,0.6666,4360000,cosmosvaloper1c4k24jzduc365kywrsvf5ujz4ya6mwympnc4en,0,AZucopRNPMNsfHMoPvPVjlbIpdQ=,2022-11-10T08:11:10.821078793Z,1.0,0.02,0.01,0.04,0.1315133761878631,20.0,1022285983.32453,315453020780785,15658147.232106,64.49,175,20.0
12788564,7.23302752293578,0.6666,0.13,0.07,0.2,0.6666,4360000,cosmosvaloper1c4k24jzduc365kywrsvf5ujz4ya6mwympnc4en,0,wjVmIrSVcllhtbIBo4LdV80zBew=,2022-11-10T08:11:17.299275619Z,1.0,0.02,0.01,0.04,0.1315133847553623,20.0,1022422297.8952024,315453030295990,15658147.232106,64.49,175,20.0
12788565,7.23302752293578,0.6666,0.13,0.07,0.2,0.6666,4360000,cosmosvaloper1c4k24jzduc365kywrsvf5ujz4ya6mwympnc4en,0,gZZf6KFfqAeMkgLzLkz6cvhfKiI=,2022-11-10T08:11:23.668608944Z,1.0,0.02,0.01,0.04,0.1315133933228683,20.0,1022558571.8608128,315453039811196,15658147.232106,64.49,175,20.0
12788566,7.23302752293578,0.6666,0.13,0.07,0.2,0.6666,4360000,cosmosvaloper1c4k24jzduc365kywrsvf5ujz4ya6mwympnc4en,0,BYWemGKmaA2+q1EDYsELFmG5dDo=,2022-11-10T08:11:30.088720131Z,1.0,0.02,0.01,0.04,0.1315134018903755,20.0,1022694958.7597193,315453049326402,15658147.232106,64.49,175,20.0
12788567,7.23302752293578,0.6666,0.13,0.07,0.2,0.6666,4360000,cosmosvaloper1c4k24jzduc365kywrsvf5ujz4ya6mwympnc4en,0,sRZ9BDfbnfDVM+4qzeSBBxOb3S4=,2022-11-10T08:11:36.798516645Z,1.0,0.02,0.01,0.04,0.1315134104578453,20.0,1022831255.7758628,315453058841609,15658147.232106,64.49,175,20.0
12788568,7.23302752293578,0.6666,0.13,0.07,0.2,0.6666,4360000,cosmosvaloper1c4k24jzduc365kywrsvf5ujz4ya6mwympnc4en,0,1o7sDS6CSPHsZM21he22HspDK9g=,2022-11-10T08:11:43.057669645Z,1.0,0.02,0.01,0.04,0.1315134190253218,20.0,1022967699.667797,315453068356817,15658147.232106,64.49,175,20.0
12788569,7.23302752293578,0.6666,0.13,0.07,0.2,0.6666,4360000,cosmosvaloper1c4k24jzduc365kywrsvf5ujz4ya6mwympnc4en,0,CrujbFTdDKankK75agHUOS42NF8=,2022-11-10T08:11:49.499046522Z,1.0,0.02,0.01,0.04,0.131513427592764,20.0,1023199513.9327946,315453077872026,15658147.232106,64.49,175,20.0
12788570,7.23302752293578,0.6666,0.13,0.07,0.2,0.6666,4360000,cosmosvaloper1c4k24jzduc365kywrsvf5ujz4ya6mwympnc4en,0,zAWIKXj8X91qdyFofhTAKZrgBLg=,2022-11-10T08:11:55.851038967Z,1.0,0.02,0.01,0.04,0.1315134361602127,20.0,1023335936.1211466,315453087387236,15658147.232106,64.49,175,20.0
12788571,7.23302752293578,0.6666,0.13,0.07,0.2,0.6666,4360000,cosmosvaloper1c4k24jzduc365kywrsvf5ujz4ya6mwympnc4en,0,ddqzFvTKE2f1MqtxqAt/plq2kDk=,2022-11-10T08:12:02.218658187Z,1.0,0.02,0.01,0.04,0.1315134447276682,20.0,1023472508.77101,315453096902447,15658147.232106,64.49,175,20.0
12788572,7.23302752293578,0.6666,0.13,0.07,0.2,0.6666,4360000,cosmosvaloper1c4k24jzduc365kywrsvf5ujz4ya6mwympnc4en,0,9Zc0qJanaJQ2vDQiJE/YYq4YnFw=,2022-11-10T08:12:08.872857502Z,1.0,0.02,0.01,0.04,0.1315134532951119,20.0,1023608895.0838752,315453106417659,15658147.232106,64.49,175,20.0
12788573,7.23302752293578,0.6666,0.13,0.07,0.2,0.6666,4360000,cosmosvaloper1c4k24jzduc365kywrsvf5ujz4ya6mwympnc4en,0,nPiuH9UH+XoFQlBYL/5SkiyNNwU=,2022-11-10T08:12:15.570882082Z,1.0,0.02,0.01,0.04,0.1315134618625568,20.0,1023745735.105498,315453115932872,15658147.232106,64.49,175,20.0
12788574,7.23302752293578,0.6666,0.13,0.07,0.2,0.6666,4360000,cosmosvaloper1c4k24jzduc365kywrsvf5ujz4ya6mwympnc4en,0,0tRY+SCey4yiqrHZngZhG4Eqh5c=,2022-11-10T08:12:22.004086381Z,0.9942857142857144,0.02,0.01,0.04,0.1315134704300061,20.0,1023882042.4683216,315453125448086,15658147.232106,64.49,175,20.0
12788575,7.23302752293578,0.6666,0.13,0.07,0.2,0.6666,4360000,cosmosvaloper1c4k24jzduc365kywrsvf5ujz4ya6mwympnc4en,0,CZ4rCVgzMa/eNeX6lmc9LKfeoxY=,2022-11-10T08:12:28.279824286Z,1.0,0.02,0.01,0.04,0.1315134789974378,20.0,1024018461.5812188,315453134963301,15658147.232106,64.49,175,20.0
12788576,7.23302752293578,0.6666,0.13,0.07,0.2,0.6666,4360000,cosmosvaloper1c4k24jzduc365kywrsvf5ujz4ya6mwympnc4en,0,bXAfpZUyaI3xa6+VIRN+jBTLsxY=,2022-11-10T08:12:34.662441191Z,1.0,0.02,0.01,0.04,0.1315134961323209,20.0,1024290952.012404,315453153993733,15658147.232106,64.49,175,20.0
12788577,7.23302752293578,0.6666,0.13,0.07,0.2,0.6666,4360000,cosmosvaloper1c4k24jzduc365kywrsvf5ujz4ya6mwympnc4en,0,HO0wcz0WJciatphndgbQ43s2dqk=,2022-11-10T08:12:41.460807004Z,1.0,0.02,0.01,0.04,0.1315134961323209,20.0,1024290952.012404,315453153993733,15658147.232106,64.49,175,20.0
12788578,7.23302752293578,0.6666,0.13,0.07,0.2,0.6666,4360000,cosmosvaloper1c4k24jzduc365kywrsvf5ujz4ya6mwympnc4en,0,MZIPm8Ojm2aHbMfW1eWJ4QOTvw4=,2022-11-10T08:12:47.830877889Z,1.0,0.02,0.01,0.04,0.1315135046997725,20.0,1024427182.237458,315453163508950,15658147.232106,64.49,175,20.0
12788579,7.23302752293578,0.6666,0.13,0.07,0.2,0.6666,4360000,cosmosvaloper1c4k24jzduc365kywrsvf5ujz4ya6mwympnc4en,0,ZxRgkwzNybBsXQVeTVUOuNryKR4=,2022-11-10T08:12:54.210176325Z,1.0,0.02,0.01,0.04,0.1315135132672308,20.0,1024563578.4691964,315453173024168,15658147.232106,64.49,175,20.0
12788580,7.23302752293578,0.6666,0.13,0.07,0.2,0.6666,4360000,cosmosvaloper1c4k24jzduc365kywrsvf5ujz4ya6mwympnc4en,0,rC1WBXzYR2Xm++MYl5CT6ORKoY8=,2022-11-10T08:13:01.002296676Z,1.0,0.02,0.01,0.04,0.1315135218345723,20.0,1024699959.7538904,315453182539387,15658147.232106,64.49,175,20.0
12788581,7.23302752293578,0.6666,0.13,0.07,0.2,0.6666,4360000,cosmosvaloper1c4k24jzduc365kywrsvf5ujz4ya6mwympnc4en,0,rC1WBXzYR2Xm++MYl5CT6ORKoY8=,2022-11-10T08:13:12.082211896Z,0.9885714285714284,0.02,0.01,0.04,0.1315135389692976,20.0,1024972467.8894868,315453192054607,15658147.232106,64.49,175,20.0
12788582,7.23302752293578,0.6666,0.13,0.07,0.2,0.6666,4360000,cosmosvaloper1c4k24jzduc365kywrsvf5ujz4ya6mwympnc4en,0,1o7sDS6CSPHsZM21he22HspDK9g=,2022-11-10T08:13:18.287647536Z,1.0,0.02,0.01,0.04,0.1315135475366703,20.0,1025203996.22967,315453211085050,15658147.232106,64.49,175,20.0
12788583,7.23302752293578,0.6666,0.13,0.07,0.2,0.6666,4360000,cosmosvaloper1c4k24jzduc365kywrsvf5ujz4ya6mwympnc4en,0,aPJweVkNysw6wcSJKhoAjzSPWW8=,2022-11-10T08:13:24.648448089Z,1.0,0.02,0.01,0.04,0.1315135561040496,20.0,1025340226.4716604,315453220600273,15658147.232106,64.49,175,20.0
12788584,7.23302752293578,0.6666,0.13,0.07,0.2,0.6666,4360000,cosmosvaloper1c4k24jzduc365kywrsvf5ujz4ya6mwympnc4en,0,Z5uJeFlzvpTU/fi2b4SpKZMukcU=,2022-11-10T08:13:31.030655971Z,1.0,0.02,0.01,0.04,0.1315135561040496,20.0,1025340226.4716604,315453220600273,15658147.232106,64.49,175,20.0
12788585,7.23302752293578,0.6666,0.13,0.07,0.2,0.6666,4360000,cosmosvaloper1c4k24jzduc365kywrsvf5ujz4ya6mwympnc4en,0,+USWk75IKU7P/0f1r7PDHB36sxM=,2022-11-10T08:13:37.361989717Z,1.0,0.02,0.01,0.04,0.1315135646687473,20.0,1025476549.359508,315453230115497,15658147.232106,64.49,175,20.0
12788586,7.23302752293578,0.6666,0.13,0.07,0.2,0.6666,4360000,cosmosvaloper1c4k24jzduc365kywrsvf5ujz4ya6mwympnc4en,0,WS8Xu4zzaqNYZ2Wfiw6eduEbz7o=,2022-11-10T08:13:43.932656245Z,1.0,0.02,0.01,0.04,0.1315135817981146,20.0,1025749223.4399526,315453249145948,15658147.232106,64.49,175,20.0
12788587,7.23302752293578,0.6666,0.13,0.07,0.2,0.6666,4360000,cosmosvaloper1c4k24jzduc365kywrsvf5ujz4ya6mwympnc4en,0,sr9orUztb+j3GqytAQA0Nuvgcp8=,2022-11-10T08:13:50.160571650Z,1.0,0.02,0.01,0.04,0.1315135817981146,20.0,1025749223.4399526,315453249145948,15658147.232106,64.49,175,20.0
12788588,7.23302752293578,0.6666,0.13,0.07,0.2,0.6666,4360000,cosmosvaloper1c4k24jzduc365kywrsvf5ujz4ya6mwympnc4en,0,0UpULodWw6lC2f2Ic9wumneYoX8=,2022-11-10T08:13:56.698488851Z,1.0,0.02,0.01,0.04,0.1315135903627843,20.0,1025885452.0807012,315453258661174,15658147.232106,64.49,175,20.0
12788589,7.23302752293578,0.6666,0.13,0.07,0.2,0.6666,4360000,cosmosvaloper1c4k24jzduc365kywrsvf5ujz4ya6mwympnc4en,0,Kl/s8mw/tDQmrGs9tYpavFgA8qA=,2022-11-10T08:14:03.090396385Z,1.0,0.02,0.01,0.04,0.1315135989273521,20.0,1026021781.8545884,315453268176401,15658147.232106,64.49,175,20.0
12788591,7.23302752293578,0.6666,0.13,0.07,0.2,0.6666,4360000,cosmosvaloper1c4k24jzduc365kywrsvf5ujz4ya6mwympnc4en,0,2mqqqVnJ74ij6zex8QfLJmfruqs=,2022-11-10T08:14:15.774518292Z,0.9771428571428572,0.02,0.01,0.04,0.1315136160565078,20.0,1026294909.5548146,315453287206858,15658147.232106,64.49,175,20.0
12788592,7.23302752293578,0.6666,0.13,0.07,0.2,0.6666,4360000,cosmosvaloper1c4k24jzduc365kywrsvf5ujz4ya6mwympnc4en,0,Fw/v1tf0ppqucKJEFfxOLJKN4uU=,2022-11-10T08:14:18.129030383Z,0.9428571428571428,0.02,0.01,0.04,0.1315136331856848,20.0,1026567586.4534892,315453306237319,15658147.232106,64.49,175,20.0
12788593,7.23302752293578,0.6666,0.13,0.07,0.2,0.6666,4360000,cosmosvaloper1c4k24jzduc365kywrsvf5ujz4ya6mwympnc4en,0,g/R9d0ew9jOmug30m33PYfkKobA=,2022-11-10T08:14:24.407377991Z,0.9942857142857144,0.02,0.01,0.04,0.1315136417502689,20.0,1026704013.1580424,315453315752551,15658147.232106,64.49,175,20.0
12788594,7.23302752293578,0.6666,0.13,0.07,0.2,0.6666,4360000,cosmosvaloper1c4k24jzduc365kywrsvf5ujz4ya6mwympnc4en,0,0tRY+SCey4yiqrHZngZhG4Eqh5c=,2022-11-10T08:14:31.177880360Z,1.0,0.02,0.01,0.04,0.1315136417502689,20.0,1026704013.1580424,315453315752551,15658147.232106,64.49,175,20.0
12788595,7.23302752293578,0.6666,0.13,0.07,0.2,0.6666,4360000,cosmosvaloper1c4k24jzduc365kywrsvf5ujz4ya6mwympnc4en,0,1o7sDS6CSPHsZM21he22HspDK9g=,2022-11-10T08:14:37.471110877Z,1.0,0.02,0.01,0.04,0.1315136503148502,20.0,1026840343.893061,315453325267784,15658147.232106,64.49,175,20.0
12788596,7.23302752293578,0.6666,0.13,0.07,0.2,0.6666,4360000,cosmosvaloper1c4k24jzduc365kywrsvf5ujz4ya6mwympnc4en,0,JURdDrNT6QUKsR7GGX1dy2EZhts=,2022-11-10T08:14:43.996103295Z,1.0,0.02,0.01,0.04,0.1315136588794381,20.0,1027072121.854599,315453334783018,15658147.232106,64.49,175,20.0
12788597,7.23302752293578,0.6666,0.13,0.07,0.2,0.6666,4360000,cosmosvaloper1c4k24jzduc365kywrsvf5ujz4ya6mwympnc4en,0,2fikG3gqpqZq3IH5U5I8fc57YAE=,2022-11-10T08:14:50.309792484Z,1.0,0.02,0.01,0.04,0.1315136674440327,20.0,1027208480.1655504,315453344298253,15658147.232106,64.49,175,20.0
12788598,7.23302752293578,0.6666,0.13,0.07,0.2,0.6666,4360000,cosmosvaloper1c4k24jzduc365kywrsvf5ujz4ya6mwympnc4en,0,rC1WBXzYR2Xm++MYl5CT6ORKoY8=,2022-11-10T08:14:56.898090687Z,1.0,0.02,0.01,0.04,0.131513676008634,20.0,1027344857.9331676,315453353813488,15658147.232106,64.49,175,20.0
12788599,7.23302752293578,0.6666,0.13,0.07,0.2,0.6666,4360000,cosmosvaloper1c4k24jzduc365kywrsvf5ujz4ya6mwympnc4en,0,nPiuH9UH+XoFQlBYL/5SkiyNNwU=,2022-11-10T08:15:03.117819546Z,1.0,0.02,0.01,0.04,0.1315136845732419,20.0,1027481116.2405804,315453363328724,15658147.232106,64.49,175,20.0
12788600,7.23302752293578,0.6666,0.13,0.07,0.2,0.6666,4360000,cosmosvaloper1c4k24jzduc365kywrsvf5ujz4ya6mwympnc4en,0,bXAfpZUyaI3xa6+VIRN+jBTLsxY=,2022-11-10T08:15:09.577536383Z,0.5942857142857143,0.02,0.01,0.04,0.131513693137856,20.0,1027619331.267796,315453372843961,15658147.232106,64.49,175,20.0
12788601,7.23302752293578,0.6666,0.13,0.07,0.2,0.6666,4360000,cosmosvaloper1c4k24jzduc365kywrsvf5ujz4ya6mwympnc4en,0,bXAfpZUyaI3xa6+VIRN+jBTLsxY=,2022-11-10T08:15:21.031136656Z,0.9771428571428572,0.02,0.01,0.04,0.1315137017024769,20.0,1027755674.6126188,315453382359199,15658147.232106,64.49,175,20.0
12788602,7.23302752293578,0.6666,0.13,0.07,0.2,0.6666,4360000,cosmosvaloper1c4k24jzduc365kywrsvf5ujz4ya6mwympnc4en,0,USBWWacX3/uW4FT4vREIcw4Xrqc=,2022-11-10T08:15:27.760744225Z,1.0,0.02,0.01,0.04,0.1315137102671044,20.0,1027891949.8426064,315453391874438,15658147.232106,64.49,175,20.0
12788603,7.23302752293578,0.6666,0.13,0.07,0.2,0.6666,4360000,cosmosvaloper1c4k24jzduc365kywrsvf5ujz4ya6mwympnc4en,0,sRZ9BDfbnfDVM+4qzeSBBxOb3S4=,2022-11-10T08:15:34.135560932Z,1.0,0.02,0.01,0.04,0.1315137188317385,20.0,1028028305.6910512,315453401389678,15658147.232106,64.49,175,20.0
12788604,7.23302752293578,0.6666,0.13,0.07,0.2,0.6666,4360000,cosmosvaloper1c4k24jzduc365kywrsvf5ujz4ya6mwympnc4en,0,9Zc0qJanaJQ2vDQiJE/YYq4YnFw=,2022-11-10T08:15:40.357748014Z,1.0,0.02,0.01,0.04,0.1315137359610267,20.0,1028301406.7789562,315453420420161,15658147.232106,64.49,175,20.0
12788605,7.23302752293578,0.6666,0.13,0.07,0.2,0.6666,4360000,cosmosvaloper1c4k24jzduc365kywrsvf5ujz4ya6mwympnc4en,0,GuC9Qy+aUSJHSmRjJdGvpgaGkuk=,2022-11-10T08:15:47.061796352Z,1.0,0.02,0.01,0.04,0.1315137359610267,20.0,1028301406.7789562,315453420420161,15658147.232106,64.49,175,20.0
12788606,7.23302752293578,0.6666,0.13,0.07,0.2,0.6666,4360000,cosmosvaloper1c4k24jzduc365kywrsvf5ujz4ya6mwympnc4en,0,UdslZiBO4mZCfqimy3GYNasXC+k=,2022-11-10T08:15:53.918082327Z,1.0,0.02,0.01,0.04,0.1315137445256808,20.0,1028437842.5872812,315453429935404,15658147.232106,64.49,175,20.0
12788607,7.23302752293578,0.6666,0.13,0.07,0.2,0.6666,4360000,cosmosvaloper1c4k24jzduc365kywrsvf5ujz4ya6mwympnc4en,0,HO0wcz0WJciatphndgbQ43s2dqk=,2022-11-10T08:16:00.190875625Z,1.0,0.02,0.01,0.04,0.131513761655009,20.0,1028710300.1448992,315453448965893,15658147.232106,64.49,175,20.0
12788608,7.23302752293578,0.6666,0.13,0.07,0.2,0.6666,4360000,cosmosvaloper1c4k24jzduc365kywrsvf5ujz4ya6mwympnc4en,0,1o7sDS6CSPHsZM21he22HspDK9g=,2022-11-10T08:16:06.533744857Z,1.0,0.02,0.01,0.04,0.131513761655009,20.0,1028710300.1448992,315453448965893,15658147.232106,64.49,175,20.0
12788609,7.23302752293578,0.6666,0.13,0.07,0.2,0.6666,4360000,cosmosvaloper1c4k24jzduc365kywrsvf5ujz4ya6mwympnc4en,0,leBg0HcTBw/pgi9sUL12vMv58Xo=,2022-11-10T08:16:12.959519236Z,1.0,0.02,0.01,0.04,0.1315137787843638,20.0,1029078535.5091484,315453467996384,15660944.732106,64.49,175,20.0
12788610,7.23302752293578,0.6666,0.13,0.07,0.2,0.6666,4360000,cosmosvaloper1c4k24jzduc365kywrsvf5ujz4ya6mwympnc4en,0,hLPYkiui8ko5R37BSVeZG+Gud2U=,2022-11-10T08:16:19.649993791Z,1.0,0.02,0.01,0.04,0.1315137787843638,20.0,1029078535.5091484,315453467996384,15660944.732106,64.49,175,20.0
12788611,7.23302752293578,0.6666,0.13,0.07,0.2,0.6666,4360000,cosmosvaloper1c4k24jzduc365kywrsvf5ujz4ya6mwympnc4en,0,7nOhl1HVjF7ARMEeP7euaFoQ0sE=,2022-11-10T08:16:25.962223894Z,1.0,0.02,0.01,0.04,0.1315137873490512,20.0,1029214956.8860394,315453477511631,15660944.732106,64.49,175,20.0
12788612,7.23302752293578,0.6666,0.13,0.07,0.2,0.6666,4360000,cosmosvaloper1c4k24jzduc365kywrsvf5ujz4ya6mwympnc4en,0,1/fHlIfBClzxq+sdvYHo1JdXxCI=,2022-11-10T08:16:32.240941965Z,1.0,0.02,0.01,0.04,0.1315138044784424,20.0,1029487810.291594,315453496542128,15660944.732106,64.49,175,20.0
12788613,7.23302752293578,0.6666,0.13,0.07,0.2,0.6666,4360000,cosmosvaloper1c4k24jzduc365kywrsvf5ujz4ya6mwympnc4en,0,C0LkfxVOJNEBhLsS4yNHqsYca4A=,2022-11-10T08:16:38.580660659Z,1.0,0.02,0.01,0.04,0.1315138044784424,20.0,1029487810.291594,315453496542128,15660944.732106,64.49,175,20.0
12788614,7.23302752293578,0.6666,0.13,0.07,0.2,0.6666,4360000,cosmosvaloper1c4k24jzduc365kywrsvf5ujz4ya6mwympnc4en,0,aPJweVkNysw6wcSJKhoAjzSPWW8=,2022-11-10T08:16:44.864128575Z,1.0,0.02,0.01,0.04,0.1315138130431462,20.0,1029624039.1491462,315453506057378,15660944.732106,64.49,175,20.0
12788615,7.23302752293578,0.6666,0.13,0.07,0.2,0.6666,4360000,cosmosvaloper1c4k24jzduc365kywrsvf5ujz4ya6mwympnc4en,0,rC1WBXzYR2Xm++MYl5CT6ORKoY8=,2022-11-10T08:16:51.331223491Z,1.0,0.02,0.01,0.04,0.1315138216078567,20.0,1029760268.0190064,315453515572629,15660944.732106,64.49,175,20.0
