block_num,Block_length_target,Goal_Bonded,Inflation_Rate_Change,Min_Inflation_Rate,Max_Inflation_Rate,Min_Signatures,Blocks_per_year,Validator_id,timestamp,sign_ratio,commission_amt,v_commission,community_tax,min_proposer_bonus,max_proposer_bonus,inflation_rate,total_supply,percent_staked,n_validators,atom_staked_v,total_block_fees
12716389,7.23302752293578,0.6666,0.13,0.07,0.2,0.6666,4360000,cosmosvaloper1c4k24jzduc365kywrsvf5ujz4ya6mwympnc4en,2022-11-04T18:01:58.324778449Z,1.0,1683887566.1375215,20.0,0.02,0.01,0.04,0.1309184360620259,314768647363797,64.36,175,15666096.784701,0.0
12716390,7.23302752293578,0.6666,0.13,0.07,0.2,0.6666,4360000,cosmosvaloper1c4k24jzduc365kywrsvf5ujz4ya6mwympnc4en,2022-11-04T18:02:04.648774610Z,1.0,1684023107.213758,20.0,0.02,0.01,0.04,0.130918444164214,314768656815407,64.36,175,15666096.784701,0.0
12716391,7.23302752293578,0.6666,0.13,0.07,0.2,0.6666,4360000,cosmosvaloper1c4k24jzduc365kywrsvf5ujz4ya6mwympnc4en,2022-11-04T18:02:11.164383461Z,1.0,1684248519.9117515,20.0,0.02,0.01,0.04,0.1309184522664088,314768666267018,64.36,175,15666096.784701,0.0
12716392,7.23302752293578,0.6666,0.13,0.07,0.2,0.6666,4360000,cosmosvaloper1c4k24jzduc365kywrsvf5ujz4ya6mwympnc4en,2022-11-04T18:02:13.641939387Z,1.0,1684384013.462809,20.0,0.02,0.01,0.04,0.1309184603686079,314768675718630,64.36,175,15666096.784701,0.0
12716393,7.23302752293578,0.6666,0.13,0.07,0.2,0.6666,4360000,cosmosvaloper1c4k24jzduc365kywrsvf5ujz4ya6mwympnc4en,2022-11-04T18:02:20.012780978Z,1.0,1684519816.5140617,20.0,0.02,0.01,0.04,0.1309184684708028,314768685170243,64.36,175,15666096.784701,0.0
12716394,7.23302752293578,0.6666,0.13,0.07,0.2,0.6666,4360000,cosmosvaloper1c4k24jzduc365kywrsvf5ujz4ya6mwympnc4en,2022-11-04T18:02:26.486882899Z,1.0,1684655424.2598252,20.0,0.02,0.01,0.04,0.1309184765730044,314768694621856,64.36,175,15666096.784701,0.0
12716395,7.23302752293578,0.6666,0.13,0.07,0.2,0.6666,4360000,cosmosvaloper1c4k24jzduc365kywrsvf5ujz4ya6mwympnc4en,2022-11-04T18:02:32.896834567Z,1.0,1684790938.7893686,20.0,0.02,0.01,0.04,0.1309184846752122,314768704073470,64.36,175,15666096.784701,0.0
12716396,7.23302752293578,0.6666,0.13,0.07,0.2,0.6666,4360000,cosmosvaloper1c4k24jzduc365kywrsvf5ujz4ya6mwympnc4en,2022-11-04T18:02:39.448801327Z,1.0,1684926369.638373,20.0,0.02,0.01,0.04,0.1309184927774267,314768713525085,64.36,175,15666096.784701,0.0
12716397,7.23302752293578,0.6666,0.13,0.07,0.2,0.6666,4360000,cosmosvaloper1c4k24jzduc365kywrsvf5ujz4ya6mwympnc4en,2022-11-04T18:02:45.680537412Z,1.0,1685061968.3499656,20.0,0.02,0.01,0.04,0.1309185008796437,314768722976701,64.36,175,15666096.784701,0.0
12716398,7.23302752293578,0.6666,0.13,0.07,0.2,0.6666,4360000,cosmosvaloper1c4k24jzduc365kywrsvf5ujz4ya6mwympnc4en,2022-11-04T18:02:52.211503888Z,1.0,1685197427.8853462,20.0,0.02,0.01,0.04,0.1309185089818673,314768732428318,64.36,175,15666096.784701,0.0
12716399,7.23302752293578,0.6666,0.13,0.07,0.2,0.6666,4360000,cosmosvaloper1c4k24jzduc365kywrsvf5ujz4ya6mwympnc4en,2022-11-04T18:02:58.773431802Z,1.0,1685333273.910382,20.0,0.02,0.01,0.04,0.1309185170840976,314768741879936,64.36,175,15666096.784701,0.0
12716400,7.23302752293578,0.6666,0.13,0.07,0.2,0.6666,4360000,cosmosvaloper1c4k24jzduc365kywrsvf5ujz4ya6mwympnc4en,2022-11-04T18:03:10.254321413Z,1.0,1685468863.506153,20.0,0.02,0.01,0.04,0.130918525186334,314768751331555,64.36,175,15666096.784701,0.0
12716401,7.23302752293578,0.6666,0.13,0.07,0.2,0.6666,4360000,cosmosvaloper1c4k24jzduc365kywrsvf5ujz4ya6mwympnc4en,2022-11-04T18:03:16.974222872Z,1.0,1685604427.309978,20.0,0.02,0.01,0.04,0.1309185332885661,314768760783175,64.36,175,15666096.784701,0.0
12716402,7.23302752293578,0.6666,0.13,0.07,0.2,0.6666,4360000,cosmosvaloper1c4k24jzduc365kywrsvf5ujz4ya6mwympnc4en,2022-11-04T18:03:23.722614008Z,1.0,1685740066.3826332,20.0,0.02,0.01,0.04,0.1309185413908049,314768770234795,64.36,175,15666096.784701,0.0
12716403,7.23302752293578,0.6666,0.13,0.07,0.2,0.6666,4360000,cosmosvaloper1c4k24jzduc365kywrsvf5ujz4ya6mwympnc4en,2022-11-04T18:03:30.176394089Z,1.0,1685970100.6680343,20.0,0.02,0.01,0.04,0.1309185494930503,314768779686416,64.36,175,15666096.784701,0.0
12716404,7.23302752293578,0.6666,0.13,0.07,0.2,0.6666,4360000,cosmosvaloper1c4k24jzduc365kywrsvf5ujz4ya6mwympnc4en,2022-11-04T18:03:36.585801051Z,1.0,1686105560.133906,20.0,0.02,0.01,0.04,0.1309185575953021,314768789138038,64.36,175,15666096.784701,0.0
12716405,7.23302752293578,0.6666,0.13,0.07,0.2,0.6666,4360000,cosmosvaloper1c4k24jzduc365kywrsvf5ujz4ya6mwympnc4en,2022-11-04T18:03:43.127493640Z,1.0,1686241463.612458,20.0,0.02,0.01,0.04,0.1309185656975535,314768798589661,64.36,175,15666096.784701,0.0
12716406,7.23302752293578,0.6666,0.13,0.07,0.2,0.6666,4360000,cosmosvaloper1c4k24jzduc365kywrsvf5ujz4ya6mwympnc4en,2022-11-04T18:03:49.491784256Z,1.0,1686377515.7610524,20.0,0.02,0.01,0.04,0.130918573799804,314768808041285,64.36,175,15666096.784701,0.0
12716407,7.23302752293578,0.6666,0.13,0.07,0.2,0.6666,4360000,cosmosvaloper1c4k24jzduc365kywrsvf5ujz4ya6mwympnc4en,2022-11-04T18:03:56.214079341Z,1.0,1686513609.8615172,20.0,0.02,0.01,0.04,0.1309185819020598,314768817492910,64.36,175,15666096.784701,0.0
12716408,7.23302752293578,0.6666,0.13,0.07,0.2,0.6666,4360000,cosmosvaloper1c4k24jzduc365kywrsvf5ujz4ya6mwympnc4en,2022-11-04T18:04:02.734288909Z,1.0,1686650027.4012172,20.0,0.02,0.01,0.04,0.1309185900043179,314768826944536,64.36,175,15666096.784701,0.0
12716409,7.23302752293578,0.6666,0.13,0.07,0.2,0.6666,4360000,cosmosvaloper1c4k24jzduc365kywrsvf5ujz4ya6mwympnc4en,2022-11-04T18:04:09.156566724Z,1.0,1686786107.123891,20.0,0.02,0.01,0.04,0.1309185981065826,314768836396162,64.36,175,15666096.784701,0.0
12716412,7.23302752293578,0.6666,0.13,0.07,0.2,0.6666,4360000,cosmosvaloper1c4k24jzduc365kywrsvf5ujz4ya6mwympnc4en,2022-11-04T18:04:29.164191283Z,1.0,1687194781.0845232,20.0,0.02,0.01,0.04,0.13091862241341,314768864751046,64.36,175,15666096.784701,0.0
12716413,7.23302752293578,0.6666,0.13,0.07,0.2,0.6666,4360000,cosmosvaloper1c4k24jzduc365kywrsvf5ujz4ya6mwympnc4en,2022-11-04T18:04:35.905590506Z,1.0,1687330806.8788767,20.0,0.02,0.01,0.04,0.1309186305156782,314768874202676,64.36,175,15666096.784701,0.0
12716414,7.23302752293578,0.6666,0.13,0.07,0.2,0.6666,4360000,cosmosvaloper1c4k24jzduc365kywrsvf5ujz4ya6mwympnc4en,2022-11-04T18:04:44.566747176Z,1.0,1687466734.4172137,20.0,0.02,0.01,0.04,0.130918638617953,314768883654307,64.36,175,15666096.784701,0.0
12716415,7.23302752293578,0.6666,0.13,0.07,0.2,0.6666,4360000,cosmosvaloper1c4k24jzduc365kywrsvf5ujz4ya6mwympnc4en,2022-11-04T18:04:50.855572619Z,1.0,1687602867.4114313,20.0,0.02,0.01,0.04,0.1309186467202256,314768893105939,64.36,175,15666096.784701,0.0
12716416,7.23302752293578,0.6666,0.13,0.07,0.2,0.6666,4360000,cosmosvaloper1c4k24jzduc365kywrsvf5ujz4ya6mwympnc4en,2022-11-04T18:04:57.443824324Z,1.0,1687830831.1203408,20.0,0.02,0.01,0.04,0.1309186548225047,314768902557572,64.36,175,15666096.784701,0.0
12716417,7.23302752293578,0.6666,0.13,0.07,0.2,0.6666,4360000,cosmosvaloper1c4k24jzduc365kywrsvf5ujz4ya6mwympnc4en,2022-11-04T18:05:03.790541183Z,1.0,1687966380.2609353,20.0,0.02,0.01,0.04,0.1309186629247905,314768912009205,64.36,175,15666096.784701,0.0
12716418,7.23302752293578,0.6666,0.13,0.07,0.2,0.6666,4360000,cosmosvaloper1c4k24jzduc365kywrsvf5ujz4ya6mwympnc4en,2022-11-04T18:05:10.244752873Z,1.0,1688101909.305385,20.0,0.02,0.01,0.04,0.130918671027083,314768921460839,64.36,175,15666096.784701,0.0
12716419,7.23302752293578,0.6666,0.13,0.07,0.2,0.6666,4360000,cosmosvaloper1c4k24jzduc365kywrsvf5ujz4ya6mwympnc4en,2022-11-04T18:05:16.880276898Z,1.0,1688238391.7888696,20.0,0.02,0.01,0.04,0.1309186791293544,314768930912474,64.36,175,15666096.784701,0.0
12716420,7.23302752293578,0.6666,0.13,0.07,0.2,0.6666,4360000,cosmosvaloper1c4k24jzduc365kywrsvf5ujz4ya6mwympnc4en,2022-11-04T18:05:28.060679068Z,1.0,1688374043.3240788,20.0,0.02,0.01,0.04,0.1309186872316325,314768940364110,64.36,175,15666096.784701,0.0
12716421,7.23302752293578,0.6666,0.13,0.07,0.2,0.6666,4360000,cosmosvaloper1c4k24jzduc365kywrsvf5ujz4ya6mwympnc4en,2022-11-04T18:05:34.360825075Z,1.0,1688509543.685966,20.0,0.02,0.01,0.04,0.1309186953339173,314768949815747,64.36,175,15666096.784701,0.0
12716422,7.23302752293578,0.6666,0.13,0.07,0.2,0.6666,4360000,cosmosvaloper1c4k24jzduc365kywrsvf5ujz4ya6mwympnc4en,2022-11-04T18:05:41.049002305Z,1.0,1688645285.8522468,20.0,0.02,0.01,0.04,0.1309187034362084,314768959267385,64.36,175,15666096.784701,0.0
12716423,7.23302752293578,0.6666,0.13,0.07,0.2,0.6666,4360000,cosmosvaloper1c4k24jzduc365kywrsvf5ujz4ya6mwympnc4en,2022-11-04T18:05:47.345628608Z,1.0,1688780810.398343,20.0,0.02,0.01,0.04,0.1309187115385061,314768968719024,64.36,175,15666096.784701,0.0
12716424,7.23302752293578,0.6666,0.13,0.07,0.2,0.6666,4360000,cosmosvaloper1c4k24jzduc365kywrsvf5ujz4ya6mwympnc4en,2022-11-04T18:05:54.135451306Z,1.0,1688916310.2558897,20.0,0.02,0.01,0.04,0.1309187196408102,314768978170663,64.36,175,15666096.784701,0.0
12716425,7.23302752293578,0.6666,0.13,0.07,0.2,0.6666,4360000,cosmosvaloper1c4k24jzduc365kywrsvf5ujz4ya6mwympnc4en,2022-11-04T18:06:00.928129620Z,1.0,1689051957.0658066,20.0,0.02,0.01,0.04,0.1309187277431185,314768987622303,64.36,175,15666096.784701,0.0
12716426,7.23302752293578,0.6666,0.13,0.07,0.2,0.6666,4360000,cosmosvaloper1c4k24jzduc365kywrsvf5ujz4ya6mwympnc4en,2022-11-04T18:06:07.318357707Z,1.0,1689187574.0009484,20.0,0.02,0.01,0.04,0.1309187358454327,314768997073944,64.36,175,15666096.784701,0.0
12716427,7.23302752293578,0.6666,0.13,0.07,0.2,0.6666,4360000,cosmosvaloper1c4k24jzduc365kywrsvf5ujz4ya6mwympnc4en,2022-11-04T18:06:13.707300784Z,1.0,1689323177.0473988,20.0,0.02,0.01,0.04,0.1309187439477482,314769006525586,64.36,175,15666096.784701,0.0
12716428,7.23302752293578,0.6666,0.13,0.07,0.2,0.6666,4360000,cosmosvaloper1c4k24jzduc365kywrsvf5ujz4ya6mwympnc4en,2022-11-04T18:06:20.196433203Z,1.0,1689458710.935564,20.0,0.02,0.01,0.04,0.1309187520500704,314769015977229,64.36,175,15666096.784701,0.0
12716429,7.23302752293578,0.6666,0.13,0.07,0.2,0.6666,4360000,cosmosvaloper1c4k24jzduc365kywrsvf5ujz4ya6mwympnc4en,2022-11-04T18:06:26.545334644Z,1.0,1689594331.514563,20.0,0.02,0.01,0.04,0.1309187601524532,314769025428873,64.36,175,15666096.784701,0.0
12716430,7.23302752293578,0.6666,0.13,0.07,0.2,0.6666,4360000,cosmosvaloper1c4k24jzduc365kywrsvf5ujz4ya6mwympnc4en,2022-11-04T18:06:32.927880681Z,1.0,1689821032.0984385,20.0,0.02,0.01,0.04,0.1309187682548427,314769034880518,64.36,175,15666096.784701,0.0
12716431,7.23302752293578,0.6666,0.13,0.07,0.2,0.6666,4360000,cosmosvaloper1c4k24jzduc365kywrsvf5ujz4ya6mwympnc4en,2022-11-04T18:06:39.260862690Z,1.0,1689956800.0302875,20.0,0.02,0.01,0.04,0.1309187763572377,314769044332164,64.36,175,15666096.784701,0.0
12716432,7.23302752293578,0.6666,0.13,0.07,0.2,0.6666,4360000,cosmosvaloper1c4k24jzduc365kywrsvf5ujz4ya6mwympnc4en,2022-11-04T18:06:45.629607062Z,1.0,1690092741.0199237,20.0,0.02,0.01,0.04,0.1309187844596382,314769053783810,64.36,175,15666096.784701,0.0
12716433,7.23302752293578,0.6666,0.13,0.07,0.2,0.6666,4360000,cosmosvaloper1c4k24jzduc365kywrsvf5ujz4ya6mwympnc4en,2022-11-04T18:06:52.174202789Z,1.0,1690228544.5179222,20.0,0.02,0.01,0.04,0.1309187925620453,314769063235457,64.36,175,15666096.784701,0.0
12716434,7.23302752293578,0.6666,0.13,0.07,0.2,0.6666,4360000,cosmosvaloper1c4k24jzduc365kywrsvf5ujz4ya6mwympnc4en,2022-11-04T18:06:58.345420798Z,1.0,1690364206.879215,20.0,0.02,0.01,0.04,0.1309188006644591,314769072687105,64.36,175,15666096.784701,0.0
12716435,7.23302752293578,0.6666,0.13,0.07,0.2,0.6666,4360000,cosmosvaloper1c4k24jzduc365kywrsvf5ujz4ya6mwympnc4en,2022-11-04T18:07:05.135035635Z,1.0,1690499878.8650727,20.0,0.02,0.01,0.04,0.1309188087668795,314769082138754,64.36,175,15666096.784701,0.0
12716436,7.23302752293578,0.6666,0.13,0.07,0.2,0.6666,4360000,cosmosvaloper1c4k24jzduc365kywrsvf5ujz4ya6mwympnc4en,2022-11-04T18:07:11.877645699Z,1.0,1690635384.0108378,20.0,0.02,0.01,0.04,0.1309188168693065,314769091590404,64.36,175,15666096.784701,0.0
12716437,7.23302752293578,0.6666,0.13,0.07,0.2,0.6666,4360000,cosmosvaloper1c4k24jzduc365kywrsvf5ujz4ya6mwympnc4en,2022-11-04T18:07:18.626510456Z,1.0,1690770807.8606136,20.0,0.02,0.01,0.04,0.1309188249717401,314769101042055,64.36,175,15666096.784701,0.0
12716438,7.23302752293578,0.6666,0.13,0.07,0.2,0.6666,4360000,cosmosvaloper1c4k24jzduc365kywrsvf5ujz4ya6mwympnc4en,2022-11-04T18:07:24.913029982Z,1.0,1690906388.873375,20.0,0.02,0.01,0.04,0.1309188330741738,314769110493707,64.36,175,15666096.784701,0.0
12716439,7.23302752293578,0.6666,0.13,0.07,0.2,0.6666,4360000,cosmosvaloper1c4k24jzduc365kywrsvf5ujz4ya6mwympnc4en,2022-11-04T18:07:31.289417283Z,1.0,1691042192.3042843,20.0,0.02,0.01,0.04,0.1309188411766141,314769119945360,64.36,175,15666096.784701,0.0
12716440,7.23302752293578,0.6666,0.13,0.07,0.2,0.6666,4360000,cosmosvaloper1c4k24jzduc365kywrsvf5ujz4ya6mwympnc4en,2022-11-04T18:07:42.634483498Z,1.0,1691177785.7308805,20.0,0.02,0.01,0.04,0.1309188492790605,314769129397013,64.36,175,15666096.784701,0.0
12716441,7.23302752293578,0.6666,0.13,0.07,0.2,0.6666,4360000,cosmosvaloper1c4k24jzduc365kywrsvf5ujz4ya6mwympnc4en,2022-11-04T18:07:49.255417496Z,1.0,1691313371.1940217,20.0,0.02,0.01,0.04,0.1309188573815135,314769138848667,64.36,175,15666096.784701,0.0
12716442,7.23302752293578,0.6666,0.13,0.07,0.2,0.6666,4360000,cosmosvaloper1c4k24jzduc365kywrsvf5ujz4ya6mwympnc4en,2022-11-04T18:07:55.516637855Z,1.0,1691448775.9898667,20.0,0.02,0.01,0.04,0.1309188654839731,314769148300322,64.36,175,15666096.784701,0.0
12716443,7.23302752293578,0.6666,0.13,0.07,0.2,0.6666,4360000,cosmosvaloper1c4k24jzduc365kywrsvf5ujz4ya6mwympnc4en,2022-11-04T18:08:02.009688529Z,1.0,1691678812.2641628,20.0,0.02,0.01,0.04,0.1309188735864393,314769157751978,64.36,175,15666096.784701,0.0
12716445,7.23302752293578,0.6666,0.13,0.07,0.2,0.6666,4360000,cosmosvaloper1c4k24jzduc365kywrsvf5ujz4ya6mwympnc4en,2022-11-04T18:08:14.747793428Z,1.0,1691950354.3561385,20.0,0.02,0.01,0.04,0.1309188897913917,314769176655293,64.36,175,15666096.784701,0.0
12716446,7.23302752293578,0.6666,0.13,0.07,0.2,0.6666,4360000,cosmosvaloper1c4k24jzduc365kywrsvf5ujz4ya6mwympnc4en,2022-11-04T18:08:17.010431644Z,1.0,1692086016.871308,20.0,0.02,0.01,0.04,0.1309188978938778,314769186106952,64.36,175,15666096.784701,0.0
12716447,7.23302752293578,0.6666,0.13,0.07,0.2,0.6666,4360000,cosmosvaloper1c4k24jzduc365kywrsvf5ujz4ya6mwympnc4en,2022-11-04T18:08:23.398708049Z,1.0,1692221548.308998,20.0,0.02,0.01,0.04,0.1309189059963695,314769195558611,64.36,175,15666096.784701,0.0
12716448,7.23302752293578,0.6666,0.13,0.07,0.2,0.6666,4360000,cosmosvaloper1c4k24jzduc365kywrsvf5ujz4ya6mwympnc4en,2022-11-04T18:08:30.091274163Z,1.0,1692356922.153359,20.0,0.02,0.01,0.04,0.1309189140988678,314769205010271,64.36,175,15666096.784701,0.0
12716449,7.23302752293578,0.6666,0.13,0.07,0.2,0.6666,4360000,cosmosvaloper1c4k24jzduc365kywrsvf5ujz4ya6mwympnc4en,2022-11-04T18:08:36.472574788Z,1.0,1692492474.472967,20.0,0.02,0.01,0.04,0.1309189222013706,314769214461932,64.36,175,15666096.784701,0.0
12716450,7.23302752293578,0.6666,0.13,0.07,0.2,0.6666,4360000,cosmosvaloper1c4k24jzduc365kywrsvf5ujz4ya6mwympnc4en,2022-11-04T18:08:42.866932724Z,1.0,1692627991.5729082,20.0,0.02,0.01,0.04,0.130918930303875,314769223913594,64.36,175,15666096.784701,0.0
12716451,7.23302752293578,0.6666,0.13,0.07,0.2,0.6666,4360000,cosmosvaloper1c4k24jzduc365kywrsvf5ujz4ya6mwympnc4en,2022-11-04T18:08:49.139656565Z,1.0,1692763365.458241,20.0,0.02,0.01,0.04,0.130918938406386,314769233365257,64.36,175,15666096.784701,0.0
12716452,7.23302752293578,0.6666,0.13,0.07,0.2,0.6666,4360000,cosmosvaloper1c4k24jzduc365kywrsvf5ujz4ya6mwympnc4en,2022-11-04T18:08:55.710671020Z,1.0,1692898942.5522254,20.0,0.02,0.01,0.04,0.1309189465089036,314769242816921,64.36,175,15666096.784701,0.0
12716453,7.23302752293578,0.6666,0.13,0.07,0.2,0.6666,4360000,cosmosvaloper1c4k24jzduc365kywrsvf5ujz4ya6mwympnc4en,2022-11-04T18:09:02.073476381Z,1.0,1693034700.5426636,20.0,0.02,0.01,0.04,0.1309189546114239,314769252268586,64.36,175,15666096.784701,0.0
12716454,7.23302752293578,0.6666,0.13,0.07,0.2,0.6666,4360000,cosmosvaloper1c4k24jzduc365kywrsvf5ujz4ya6mwympnc4en,2022-11-04T18:09:08.444836527Z,1.0,1693170074.4683032,20.0,0.02,0.01,0.04,0.1309189627139509,314769261720252,64.36,175,15666096.784701,0.0
12716455,7.23302752293578,0.6666,0.13,0.07,0.2,0.6666,4360000,cosmosvaloper1c4k24jzduc365kywrsvf5ujz4ya6mwympnc4en,2022-11-04T18:09:15.056242911Z,1.0,1693305846.97935,20.0,0.02,0.01,0.04,0.1309189708164839,314769271171918,64.36,175,15666096.784701,0.0
12716456,7.23302752293578,0.6666,0.13,0.07,0.2,0.6666,4360000,cosmosvaloper1c4k24jzduc365kywrsvf5ujz4ya6mwympnc4en,2022-11-04T18:09:21.520542076Z,1.0,1693535859.190447,20.0,0.02,0.01,0.04,0.1309189789190234,314769280623585,64.36,175,15666096.784701,0.0
12716457,7.23302752293578,0.6666,0.13,0.07,0.2,0.6666,4360000,cosmosvaloper1c4k24jzduc365kywrsvf5ujz4ya6mwympnc4en,2022-11-04T18:09:27.933560239Z,1.0,1693807152.6905649,20.0,0.02,0.01,0.04,0.1309189951240619,314769299526922,64.36,175,15666096.784701,0.0
12716458,7.23302752293578,0.6666,0.13,0.07,0.2,0.6666,4360000,cosmosvaloper1c4k24jzduc365kywrsvf5ujz4ya6mwympnc4en,2022-11-04T18:09:39.307623948Z,1.0,1693807152.6905649,20.0,0.02,0.01,0.04,0.1309189951240619,314769299526922,64.36,175,15666096.784701,0.0
12716459,7.23302752293578,0.6666,0.13,0.07,0.2,0.6666,4360000,cosmosvaloper1c4k24jzduc365kywrsvf5ujz4ya6mwympnc4en,2022-11-04T18:09:45.885681801Z,1.0,1693943060.938402,20.0,0.02,0.01,0.04,0.1309190032265518,314769308978592,64.36,175,15666096.784701,0.0
12716460,7.23302752293578,0.6666,0.13,0.07,0.2,0.6666,4360000,cosmosvaloper1c4k24jzduc365kywrsvf5ujz4ya6mwympnc4en,2022-11-04T18:09:52.240473970Z,1.0,1694078540.4837492,20.0,0.02,0.01,0.04,0.1309190113290483,314769318430263,64.36,175,15666096.784701,0.0
12716461,7.23302752293578,0.6666,0.13,0.07,0.2,0.6666,4360000,cosmosvaloper1c4k24jzduc365kywrsvf5ujz4ya6mwympnc4en,2022-11-04T18:09:58.733994493Z,1.0,1694214003.9672952,20.0,0.02,0.01,0.04,0.1309190194315515,314769327881935,64.36,175,15666096.784701,0.0
12716462,7.23302752293578,0.6666,0.13,0.07,0.2,0.6666,4360000,cosmosvaloper1c4k24jzduc365kywrsvf5ujz4ya6mwympnc4en,2022-11-04T18:10:05.185301034Z,1.0,1694349377.9479463,20.0,0.02,0.01,0.04,0.1309190275340613,314769337333608,64.36,175,15666096.784701,9104.0
12716463,7.23302752293578,0.6666,0.13,0.07,0.2,0.6666,4360000,cosmosvaloper1c4k24jzduc365kywrsvf5ujz4ya6mwympnc4en,2022-11-04T18:10:12.320488651Z,1.0,1694484882.3366137,20.0,0.02,0.01,0.04,0.1309190356365777,314769346785281,64.36,175,15666096.784701,37482.0
12716464,7.23302752293578,0.6666,0.13,0.07,0.2,0.6666,4360000,cosmosvaloper1c4k24jzduc365kywrsvf5ujz4ya6mwympnc4en,2022-11-04T18:10:19.029262664Z,1.0,1694620793.1764157,20.0,0.02,0.01,0.04,0.1309190437390999,314769356236955,64.36,175,15666096.784701,7941.0
12716465,7.23302752293578,0.6666,0.13,0.07,0.2,0.6666,4360000,cosmosvaloper1c4k24jzduc365kywrsvf5ujz4ya6mwympnc4en,2022-11-04T18:10:25.322423905Z,1.0,1694756280.922042,20.0,0.02,0.01,0.04,0.1309190518416288,314769365688630,64.36,175,15666096.784701,9754.0
12716466,7.23302752293578,0.6666,0.13,0.07,0.2,0.6666,4360000,cosmosvaloper1c4k24jzduc365kywrsvf5ujz4ya6mwympnc4en,2022-11-04T18:10:31.627189433Z,1.0,1694891794.6491456,20.0,0.02,0.01,0.04,0.1309190599441643,314769375140306,64.36,175,15666096.784701,14036.0
12716467,7.23302752293578,0.6666,0.13,0.07,0.2,0.6666,4360000,cosmosvaloper1c4k24jzduc365kywrsvf5ujz4ya6mwympnc4en,2022-11-04T18:10:38.176857150Z,1.0,1695162985.0103655,20.0,0.02,0.01,0.04,0.1309190761492264,314769394043661,64.36,175,15666096.784701,16843.0
12716468,7.23302752293578,0.6666,0.13,0.07,0.2,0.6666,4360000,cosmosvaloper1c4k24jzduc365kywrsvf5ujz4ya6mwympnc4en,2022-11-04T18:10:44.700466880Z,1.0,1695162985.0103655,20.0,0.02,0.01,0.04,0.1309190761492264,314769394043661,64.36,175,15666096.784701,11904.0
12716469,7.23302752293578,0.6666,0.13,0.07,0.2,0.6666,4360000,cosmosvaloper1c4k24jzduc365kywrsvf5ujz4ya6mwympnc4en,2022-11-04T18:10:51.178324106Z,1.0,1695393165.385033,20.0,0.02,0.01,0.04,0.1309190842517674,314769403495340,64.36,175,15666096.784701,23343.0
12716470,7.23302752293578,0.6666,0.13,0.07,0.2,0.6666,4360000,cosmosvaloper1c4k24jzduc365kywrsvf5ujz4ya6mwympnc4en,2022-11-04T18:10:57.401796168Z,1.0,1695528873.792003,20.0,0.02,0.01,0.04,0.1309190923543126,314769412947019,64.36,175,15666096.784701,12121.0
12716471,7.23302752293578,0.6666,0.13,0.07,0.2,0.6666,4360000,cosmosvaloper1c4k24jzduc365kywrsvf5ujz4ya6mwympnc4en,2022-11-04T18:11:03.786852309Z,1.0,1695664421.4690304,20.0,0.02,0.01,0.04,0.1309191004568645,314769422398699,64.36,175,15666096.784701,0.0
12716472,7.23302752293578,0.6666,0.13,0.07,0.2,0.6666,4360000,cosmosvaloper1c4k24jzduc365kywrsvf5ujz4ya6mwympnc4en,2022-11-04T18:11:10.513488389Z,1.0,1695935611.1214302,20.0,0.02,0.01,0.04,0.1309191166619881,314769441302062,64.36,175,15666096.784701,
12716473,7.23302752293578,0.6666,0.13,0.07,0.2,0.6666,4360000,cosmosvaloper1c4k24jzduc365kywrsvf5ujz4ya6mwympnc4en,2022-11-04T18:11:17.137096688Z,1.0,1695935611.1214302,20.0,0.02,0.01,0.04,0.1309191166619881,314769441302062,64.36,175,15666096.784701,4804.0
12716474,7.23302752293578,0.6666,0.13,0.07,0.2,0.6666,4360000,cosmosvaloper1c4k24jzduc365kywrsvf5ujz4ya6mwympnc4en,2022-11-04T18:11:23.296771183Z,1.0,1696071054.0405052,20.0,0.02,0.01,0.04,0.1309191247645598,314769450753745,64.36,175,15666096.784701,0.0
12716475,7.23302752293578,0.6666,0.13,0.07,0.2,0.6666,4360000,cosmosvaloper1c4k24jzduc365kywrsvf5ujz4ya6mwympnc4en,2022-11-04T18:11:29.661961896Z,1.0,1696206428.1673946,20.0,0.02,0.01,0.04,0.1309191328671382,314769460205429,64.36,175,15666096.784701,13243.0
12716476,7.23302752293578,0.6666,0.13,0.07,0.2,0.6666,4360000,cosmosvaloper1c4k24jzduc365kywrsvf5ujz4ya6mwympnc4en,2022-11-04T18:11:36.449653647Z,1.0,1696341991.9848328,20.0,0.02,0.01,0.04,0.1309191409697233,314769469657114,64.36,175,15666096.784701,12928.0
12716477,7.23302752293578,0.6666,0.13,0.07,0.2,0.6666,4360000,cosmosvaloper1c4k24jzduc365kywrsvf5ujz4ya6mwympnc4en,2022-11-04T18:11:47.552638898Z,1.0,1696477551.3049264,20.0,0.02,0.01,0.04,0.130919149072315,314769479108800,64.36,175,15666096.784701,0.0
12716478,7.23302752293578,0.6666,0.13,0.07,0.2,0.6666,4360000,cosmosvaloper1c4k24jzduc365kywrsvf5ujz4ya6mwympnc4en,2022-11-04T18:11:53.801551876Z,1.0,1696748622.6513815,20.0,0.02,0.01,0.04,0.1309191652775179,314769498012173,64.36,175,15666096.784701,22552.0
12716479,7.23302752293578,0.6666,0.13,0.07,0.2,0.6666,4360000,cosmosvaloper1c4k24jzduc365kywrsvf5ujz4ya6mwympnc4en,2022-11-04T18:12:00.188714771Z,1.0,1696748622.6513815,20.0,0.02,0.01,0.04,0.1309191652775179,314769498012173,64.36,175,15666096.784701,14076.0
12716480,7.23302752293578,0.6666,0.13,0.07,0.2,0.6666,4360000,cosmosvaloper1c4k24jzduc365kywrsvf5ujz4ya6mwympnc4en,2022-11-04T18:12:06.897953972Z,1.0,1696884198.4426415,20.0,0.02,0.01,0.04,0.1309191733801288,314769507463861,64.36,175,15666096.784701,0.0
12716481,7.23302752293578,0.6666,0.13,0.07,0.2,0.6666,4360000,cosmosvaloper1c4k24jzduc365kywrsvf5ujz4ya6mwympnc4en,2022-11-04T18:12:13.222881891Z,1.0,1697019572.6404796,20.0,0.02,0.01,0.04,0.1309191814827464,314769516915550,64.36,175,15666096.784701,0.0
12716482,7.23302752293578,0.6666,0.13,0.07,0.2,0.6666,4360000,cosmosvaloper1c4k24jzduc365kywrsvf5ujz4ya6mwympnc4en,2022-11-04T18:12:19.759934818Z,1.0,1697249689.6766975,20.0,0.02,0.01,0.04,0.1309191895853706,314769526367240,64.36,175,15666096.784701,28319.0
12716483,7.23302752293578,0.6666,0.13,0.07,0.2,0.6666,4360000,cosmosvaloper1c4k24jzduc365kywrsvf5ujz4ya6mwympnc4en,2022-11-04T18:12:26.192523574Z,1.0,1697385469.5092387,20.0,0.02,0.01,0.04,0.1309191976878826,314769535818931,64.36,175,15666096.784701,16591.0
12716484,7.23302752293578,0.6666,0.13,0.07,0.2,0.6666,4360000,cosmosvaloper1c4k24jzduc365kywrsvf5ujz4ya6mwympnc4en,2022-11-04T18:12:32.656367185Z,1.0,1697521526.7948632,20.0,0.02,0.01,0.04,0.1309192057904007,314769545270623,64.36,175,15666096.784701,8336.0
12716485,7.23302752293578,0.6666,0.13,0.07,0.2,0.6666,4360000,cosmosvaloper1c4k24jzduc365kywrsvf5ujz4ya6mwympnc4en,2022-11-04T18:12:38.972317745Z,1.0,1697657055.6032324,20.0,0.02,0.01,0.04,0.1309192138929254,314769554722315,64.36,175,15666096.784701,5508.0
12716486,7.23302752293578,0.6666,0.13,0.07,0.2,0.6666,4360000,cosmosvaloper1c4k24jzduc365kywrsvf5ujz4ya6mwympnc4en,2022-11-04T18:12:45.155674489Z,1.0,1697792542.1304514,20.0,0.02,0.01,0.04,0.1309192219954555,314769564174008,64.36,175,15666096.784701,11866.0
12716487,7.23302752293578,0.6666,0.13,0.07,0.2,0.6666,4360000,cosmosvaloper1c4k24jzduc365kywrsvf5ujz4ya6mwympnc4en,2022-11-04T18:12:52.013180079Z,1.0,1697928086.281076,20.0,0.02,0.01,0.04,0.1309192300979923,314769573625702,64.36,175,15666096.784701,2779.0
12716488,7.23302752293578,0.6666,0.13,0.07,0.2,0.6666,4360000,cosmosvaloper1c4k24jzduc365kywrsvf5ujz4ya6mwympnc4en,2022-11-04T18:12:58.333591049Z,1.0,1698063500.2939,20.0,0.02,0.01,0.04,0.1309192382005358,314769583077397,64.36,175,15666096.784701,0.0
12716489,7.23302752293578,0.6666,0.13,0.07,0.2,0.6666,4360000,cosmosvaloper1c4k24jzduc365kywrsvf5ujz4ya6mwympnc4en,2022-11-04T18:13:04.700959266Z,1.0,1698199003.4658165,20.0,0.02,0.01,0.04,0.1309192463030859,314769592529093,64.36,175,15666096.784701,5750.0
12717286,7.23302752293578,0.6666,0.13,0.07,0.2,0.6666,4360000,cosmosvaloper1c4k24jzduc365kywrsvf5ujz4ya6mwympnc4en,2022-11-04T19:42:17.168901991Z,1.0,51617165.03983682,20.0,0.02,0.01,0.04,0.1309256944350159,314777125806839,64.63,175,15666102.252467,0.0
12717287,7.23302752293578,0.6666,0.13,0.07,0.2,0.6666,4360000,cosmosvaloper1c4k24jzduc365kywrsvf5ujz4ya6mwympnc4en,2022-11-04T19:42:23.615748297Z,1.0,51847587.57584302,20.0,0.02,0.01,0.04,0.1309257025224,314777135259228,64.63,175,15666102.252467,4692.0
12717288,7.23302752293578,0.6666,0.13,0.07,0.2,0.6666,4360000,cosmosvaloper1c4k24jzduc365kywrsvf5ujz4ya6mwympnc4en,2022-11-04T19:42:29.906862085Z,1.0,51983026.469949245,20.0,0.02,0.01,0.04,0.1309257106097907,314777144711617,64.63,175,15666102.252467,5000.0
12717289,7.23302752293578,0.6666,0.13,0.07,0.2,0.6666,4360000,cosmosvaloper1c4k24jzduc365kywrsvf5ujz4ya6mwympnc4en,2022-11-04T19:42:36.106896994Z,1.0,52118469.77239221,20.0,0.02,0.01,0.04,0.1309257186971881,314777154164007,64.63,175,15666102.252467,9914.0
12717290,7.23302752293578,0.6666,0.13,0.07,0.2,0.6666,4360000,cosmosvaloper1c4k24jzduc365kywrsvf5ujz4ya6mwympnc4en,2022-11-04T19:42:42.388310468Z,1.0,52253983.46464695,20.0,0.02,0.01,0.04,0.1309257267845917,314777163616398,64.63,175,15666102.252467,18582.0
12717291,7.23302752293578,0.6666,0.13,0.07,0.2,0.6666,4360000,cosmosvaloper1c4k24jzduc365kywrsvf5ujz4ya6mwympnc4en,2022-11-04T19:42:48.724348596Z,1.0,52389621.30934892,20.0,0.02,0.01,0.04,0.1309257348720018,314777173068790,64.63,175,15666102.252467,47875.0
12717292,7.23302752293578,0.6666,0.13,0.07,0.2,0.6666,4360000,cosmosvaloper1c4k24jzduc365kywrsvf5ujz4ya6mwympnc4en,2022-11-04T19:42:55.610199733Z,1.0,52525678.68592188,20.0,0.02,0.01,0.04,0.1309257429594211,314777182521183,64.63,175,15666102.252467,34548.0
12717293,7.23302752293578,0.6666,0.13,0.07,0.2,0.6666,4360000,cosmosvaloper1c4k24jzduc365kywrsvf5ujz4ya6mwympnc4en,2022-11-04T19:43:02.074186663Z,1.0,52661545.21516389,20.0,0.02,0.01,0.04,0.1309257510468451,314777191973577,64.63,175,15666102.252467,6700.0
12717295,7.23302752293578,0.6666,0.13,0.07,0.2,0.6666,4360000,cosmosvaloper1c4k24jzduc365kywrsvf5ujz4ya6mwympnc4en,2022-11-04T19:43:14.783804209Z,1.0,52932920.683278605,20.0,0.02,0.01,0.04,0.130925767221684,314777210878368,64.63,175,15666102.252467,9750.0
12717294,7.23302752293578,0.6666,0.13,0.07,0.2,0.6666,4360000,cosmosvaloper1c4k24jzduc365kywrsvf5ujz4ya6mwympnc4en,2022-11-04T19:43:08.330775244Z,1.0,52797012.93697082,20.0,0.02,0.01,0.04,0.1309257591342758,314777201425972,64.63,175,15666102.252467,37424.0
12717296,7.23302752293578,0.6666,0.13,0.07,0.2,0.6666,4360000,cosmosvaloper1c4k24jzduc365kywrsvf5ujz4ya6mwympnc4en,2022-11-04T19:43:21.043659774Z,1.0,53068432.11274793,20.0,0.02,0.01,0.04,0.130925775309093,314777220330764,64.63,175,15666102.252467,42093.0
12717297,7.23302752293578,0.6666,0.13,0.07,0.2,0.6666,4360000,cosmosvaloper1c4k24jzduc365kywrsvf5ujz4ya6mwympnc4en,2022-11-04T19:43:27.421512620Z,1.0,53204406.72073732,20.0,0.02,0.01,0.04,0.1309257833965054,314777229783161,64.63,175,15666102.252467,0.0
12717298,7.23302752293578,0.6666,0.13,0.07,0.2,0.6666,4360000,cosmosvaloper1c4k24jzduc365kywrsvf5ujz4ya6mwympnc4en,2022-11-04T19:43:33.688424381Z,1.0,53339778.50799728,20.0,0.02,0.01,0.04,0.1309257914839245,314777239235559,64.63,175,15666102.252467,13857.0
12717299,7.23302752293578,0.6666,0.13,0.07,0.2,0.6666,4360000,cosmosvaloper1c4k24jzduc365kywrsvf5ujz4ya6mwympnc4en,2022-11-04T19:43:39.960234262Z,1.0,53475348.75955502,20.0,0.02,0.01,0.04,0.1309257995713528,314777248687958,64.63,175,15666102.252467,8139.0
12717300,7.23302752293578,0.6666,0.13,0.07,0.2,0.6666,4360000,cosmosvaloper1c4k24jzduc365kywrsvf5ujz4ya6mwympnc4en,2022-11-04T19:43:46.469594805Z,1.0,53705442.51553176,20.0,0.02,0.01,0.04,0.1309258076587878,314777258140358,64.63,175,15666102.252467,17764.0
12717301,7.23302752293578,0.6666,0.13,0.07,0.2,0.6666,4360000,cosmosvaloper1c4k24jzduc365kywrsvf5ujz4ya6mwympnc4en,2022-11-04T19:43:53.181592040Z,1.0,53841068.75153569,20.0,0.02,0.01,0.04,0.1309258157462293,314777267592759,64.63,175,15666102.252467,32007.0
12717302,7.23302752293578,0.6666,0.13,0.07,0.2,0.6666,4360000,cosmosvaloper1c4k24jzduc365kywrsvf5ujz4ya6mwympnc4en,2022-11-04T19:43:59.360460509Z,1.0,53976898.98190609,20.0,0.02,0.01,0.04,0.1309258238336788,314777277045161,64.63,175,15666102.252467,15178.0
12717303,7.23302752293578,0.6666,0.13,0.07,0.2,0.6666,4360000,cosmosvaloper1c4k24jzduc365kywrsvf5ujz4ya6mwympnc4en,2022-11-04T19:44:05.661297235Z,1.0,54112488.21134985,20.0,0.02,0.01,0.04,0.1309258319211349,314777286497563,64.63,175,15666102.252467,18029.0
12717304,7.23302752293578,0.6666,0.13,0.07,0.2,0.6666,4360000,cosmosvaloper1c4k24jzduc365kywrsvf5ujz4ya6mwympnc4en,2022-11-04T19:44:12.443718241Z,1.0,54248118.27250727,20.0,0.02,0.01,0.04,0.130925840008596,314777295949966,64.63,175,15666102.252467,21162.0
12717305,7.23302752293578,0.6666,0.13,0.07,0.2,0.6666,4360000,cosmosvaloper1c4k24jzduc365kywrsvf5ujz4ya6mwympnc4en,2022-11-04T19:44:18.918213909Z,1.0,54383793.21700859,20.0,0.02,0.01,0.04,0.1309258480960633,314777305402370,64.63,175,15666102.252467,12283.0
12717306,7.23302752293578,0.6666,0.13,0.07,0.2,0.6666,4360000,cosmosvaloper1c4k24jzduc365kywrsvf5ujz4ya6mwympnc4en,2022-11-04T19:44:25.425282588Z,1.0,54519341.01523832,20.0,0.02,0.01,0.04,0.1309258561835372,314777314854775,64.63,175,15666102.252467,4808.0
12717307,7.23302752293578,0.6666,0.13,0.07,0.2,0.6666,4360000,cosmosvaloper1c4k24jzduc365kywrsvf5ujz4ya6mwympnc4en,2022-11-04T19:44:36.708693034Z,1.0,54654781.77447727,20.0,0.02,0.01,0.04,0.1309258642710177,314777324307181,64.63,175,15666102.252467,11333.0
12717308,7.23302752293578,0.6666,0.13,0.07,0.2,0.6666,4360000,cosmosvaloper1c4k24jzduc365kywrsvf5ujz4ya6mwympnc4en,2022-11-04T19:44:43.010677145Z,1.0,54790315.99533063,20.0,0.02,0.01,0.04,0.1309258723585049,314777333759588,64.63,175,15666102.252467,24708.0
12717309,7.23302752293578,0.6666,0.13,0.07,0.2,0.6666,4360000,cosmosvaloper1c4k24jzduc365kywrsvf5ujz4ya6mwympnc4en,2022-11-04T19:44:49.426794300Z,1.0,54926041.779554255,20.0,0.02,0.01,0.04,0.1309258804459976,314777343211996,64.63,175,15666102.252467,16276.0
12717310,7.23302752293578,0.6666,0.13,0.07,0.2,0.6666,4360000,cosmosvaloper1c4k24jzduc365kywrsvf5ujz4ya6mwympnc4en,2022-11-04T19:44:55.872159107Z,1.0,55061646.81985036,20.0,0.02,0.01,0.04,0.1309258885334969,314777352664405,64.63,175,15666102.252467,5658.0
12717311,7.23302752293578,0.6666,0.13,0.07,0.2,0.6666,4360000,cosmosvaloper1c4k24jzduc365kywrsvf5ujz4ya6mwympnc4en,2022-11-04T19:45:02.191098726Z,1.0,55197099.80958559,20.0,0.02,0.01,0.04,0.1309258966210018,314777362116814,64.63,175,15666102.252467,21853.0
12717312,7.23302752293578,0.6666,0.13,0.07,0.2,0.6666,4360000,cosmosvaloper1c4k24jzduc365kywrsvf5ujz4ya6mwympnc4en,2022-11-04T19:45:08.750558779Z,1.0,55332784.73478594,20.0,0.02,0.01,0.04,0.1309259047085133,314777371569224,64.63,175,15666102.252467,0.0
12717315,7.23302752293578,0.6666,0.13,0.07,0.2,0.6666,4360000,cosmosvaloper1c4k24jzduc365kywrsvf5ujz4ya6mwympnc4en,2022-11-04T19:45:27.974867665Z,1.0,55833988.89897436,20.0,0.02,0.01,0.04,0.130925928971087,314777399926460,64.63,175,15666102.252467,0.0
12717314,7.23302752293578,0.6666,0.13,0.07,0.2,0.6666,4360000,cosmosvaloper1c4k24jzduc365kywrsvf5ujz4ya6mwympnc4en,2022-11-04T19:45:21.581882489Z,1.0,55698526.44344351,20.0,0.02,0.01,0.04,0.1309259208835558,314777390474047,64.63,175,15666102.252467,0.0
12717317,7.23302752293578,0.6666,0.13,0.07,0.2,0.6666,4360000,cosmosvaloper1c4k24jzduc365kywrsvf5ujz4ya6mwympnc4en,2022-11-04T19:45:41.347669176Z,1.0,56105427.98342855,20.0,0.02,0.01,0.04,0.1309259451461172,314777418831289,64.63,175,15666102.252467,0.0
12717318,7.23302752293578,0.6666,0.13,0.07,0.2,0.6666,4360000,cosmosvaloper1c4k24jzduc365kywrsvf5ujz4ya6mwympnc4en,2022-11-04T19:45:47.647194148Z,1.0,56241171.58571226,20.0,0.02,0.01,0.04,0.130925953233636,314777428283704,64.63,175,15666102.252467,8779.0
12717319,7.23302752293578,0.6666,0.13,0.07,0.2,0.6666,4360000,cosmosvaloper1c4k24jzduc365kywrsvf5ujz4ya6mwympnc4en,2022-11-04T19:45:53.897326163Z,1.0,56512458.84759524,20.0,0.02,0.01,0.04,0.1309259694086935,314777447188537,64.63,175,15666102.252467,6475.0
12717320,7.23302752293578,0.6666,0.13,0.07,0.2,0.6666,4360000,cosmosvaloper1c4k24jzduc365kywrsvf5ujz4ya6mwympnc4en,2022-11-04T19:46:00.460887270Z,1.0,56512458.84759524,20.0,0.02,0.01,0.04,0.1309259694086935,314777447188537,64.63,175,15666102.252467,6306.0
12717321,7.23302752293578,0.6666,0.13,0.07,0.2,0.6666,4360000,cosmosvaloper1c4k24jzduc365kywrsvf5ujz4ya6mwympnc4en,2022-11-04T19:46:02.813824350Z,1.0,56647932.3946704,20.0,0.02,0.01,0.04,0.1309259774962322,314777456640955,64.63,175,15666102.252467,8386.0
12717322,7.23302752293578,0.6666,0.13,0.07,0.2,0.6666,4360000,cosmosvaloper1c4k24jzduc365kywrsvf5ujz4ya6mwympnc4en,2022-11-04T19:46:09.086857132Z,1.0,56783424.56083405,20.0,0.02,0.01,0.04,0.1309259855837775,314777466093374,64.63,175,15666102.252467,20418.0
12717323,7.23302752293578,0.6666,0.13,0.07,0.2,0.6666,4360000,cosmosvaloper1c4k24jzduc365kywrsvf5ujz4ya6mwympnc4en,2022-11-04T19:46:15.572356402Z,1.0,56919089.05666813,20.0,0.02,0.01,0.04,0.1309259936711679,314777475545794,64.63,175,15666102.252467,6707.0
12717324,7.23302752293578,0.6666,0.13,0.07,0.2,0.6666,4360000,cosmosvaloper1c4k24jzduc365kywrsvf5ujz4ya6mwympnc4en,2022-11-04T19:46:22.375461515Z,1.0,57054570.94738212,20.0,0.02,0.01,0.04,0.1309260017585646,314777484998215,64.63,175,15666102.252467,17820.0
12717325,7.23302752293578,0.6666,0.13,0.07,0.2,0.6666,4360000,cosmosvaloper1c4k24jzduc365kywrsvf5ujz4ya6mwympnc4en,2022-11-04T19:46:33.642382930Z,1.0,57284900.5761494,20.0,0.02,0.01,0.04,0.1309260098459675,314777494450637,64.63,175,15666102.252467,12308.0
12717326,7.23302752293578,0.6666,0.13,0.07,0.2,0.6666,4360000,cosmosvaloper1c4k24jzduc365kywrsvf5ujz4ya6mwympnc4en,2022-11-04T19:46:40.079767113Z,1.0,57515096.16961768,20.0,0.02,0.01,0.04,0.1309260179333755,314777503903059,64.63,175,15666102.252467,24556.0
12717327,7.23302752293578,0.6666,0.13,0.07,0.2,0.6666,4360000,cosmosvaloper1c4k24jzduc365kywrsvf5ujz4ya6mwympnc4en,2022-11-04T19:46:46.778243703Z,1.0,57650819.87173453,20.0,0.02,0.01,0.04,0.1309260260207902,314777513355482,64.63,175,15666102.252467,10049.0
12717328,7.23302752293578,0.6666,0.13,0.07,0.2,0.6666,4360000,cosmosvaloper1c4k24jzduc365kywrsvf5ujz4ya6mwympnc4en,2022-11-04T19:46:53.099844646Z,1.0,57786335.82678951,20.0,0.02,0.01,0.04,0.1309260341082118,314777522807906,64.63,175,15666102.252467,17410.0
12717329,7.23302752293578,0.6666,0.13,0.07,0.2,0.6666,4360000,cosmosvaloper1c4k24jzduc365kywrsvf5ujz4ya6mwympnc4en,2022-11-04T19:46:59.687400300Z,1.0,57921909.69763247,20.0,0.02,0.01,0.04,0.1309260421956398,314777532260331,64.63,175,15666102.252467,10263.0
12717330,7.23302752293578,0.6666,0.13,0.07,0.2,0.6666,4360000,cosmosvaloper1c4k24jzduc365kywrsvf5ujz4ya6mwympnc4en,2022-11-04T19:47:06.171867375Z,1.0,58057428.74611232,20.0,0.02,0.01,0.04,0.130926050283074,314777541712757,64.63,175,15666102.252467,12893.0
12717331,7.23302752293578,0.6666,0.13,0.07,0.2,0.6666,4360000,cosmosvaloper1c4k24jzduc365kywrsvf5ujz4ya6mwympnc4en,2022-11-04T19:47:12.865548940Z,1.0,58192985.47422576,20.0,0.02,0.01,0.04,0.1309260583705101,314777551165184,64.63,175,15666102.252467,2871.0
12717332,7.23302752293578,0.6666,0.13,0.07,0.2,0.6666,4360000,cosmosvaloper1c4k24jzduc365kywrsvf5ujz4ya6mwympnc4en,2022-11-04T19:47:19.254051429Z,1.0,58328398.68747483,20.0,0.02,0.01,0.04,0.1309260664579528,314777560617612,64.63,175,15666102.252467,21783.0
12717333,7.23302752293578,0.6666,0.13,0.07,0.2,0.6666,4360000,cosmosvaloper1c4k24jzduc365kywrsvf5ujz4ya6mwympnc4en,2022-11-04T19:47:25.549227241Z,1.0,58464082.7589116,20.0,0.02,0.01,0.04,0.1309260745454022,314777570070040,64.63,175,15666102.252467,0.0
12717334,7.23302752293578,0.6666,0.13,0.07,0.2,0.6666,4360000,cosmosvaloper1c4k24jzduc365kywrsvf5ujz4ya6mwympnc4en,2022-11-04T19:47:32.121449922Z,1.0,58599454.8670484,20.0,0.02,0.01,0.04,0.1309260826328582,314777579522469,64.63,175,15666102.252467,27207.0
12717335,7.23302752293578,0.6666,0.13,0.07,0.2,0.6666,4360000,cosmosvaloper1c4k24jzduc365kywrsvf5ujz4ya6mwympnc4en,2022-11-04T19:47:38.541345562Z,1.0,58735216.63214088,20.0,0.02,0.01,0.04,0.1309260907204111,314777588974899,64.63,175,15666102.252467,4714.0
12717336,7.23302752293578,0.6666,0.13,0.07,0.2,0.6666,4360000,cosmosvaloper1c4k24jzduc365kywrsvf5ujz4ya6mwympnc4en,2022-11-04T19:47:44.774935325Z,1.0,58870656.280052856,20.0,0.02,0.01,0.04,0.1309260988079704,314777598427330,64.63,175,15666102.252467,31243.0
12717337,7.23302752293578,0.6666,0.13,0.07,0.2,0.6666,4360000,cosmosvaloper1c4k24jzduc365kywrsvf5ujz4ya6mwympnc4en,2022-11-04T19:47:51.257913995Z,1.0,59006475.93040919,20.0,0.02,0.01,0.04,0.1309261068955254,314777607879762,64.63,175,15666102.252467,952.0
12717338,7.23302752293578,0.6666,0.13,0.07,0.2,0.6666,4360000,cosmosvaloper1c4k24jzduc365kywrsvf5ujz4ya6mwympnc4en,2022-11-04T19:47:57.513204155Z,1.0,59141861.784378186,20.0,0.02,0.01,0.04,0.1309261149830871,314777617332195,64.63,175,15666102.252467,3876.0
12717339,7.23302752293578,0.6666,0.13,0.07,0.2,0.6666,4360000,cosmosvaloper1c4k24jzduc365kywrsvf5ujz4ya6mwympnc4en,2022-11-04T19:48:04.114693889Z,1.0,59277289.52183572,20.0,0.02,0.01,0.04,0.1309261230706555,314777626784629,64.63,175,15666102.252467,12022.0
12717340,7.23302752293578,0.6666,0.13,0.07,0.2,0.6666,4360000,cosmosvaloper1c4k24jzduc365kywrsvf5ujz4ya6mwympnc4en,2022-11-04T19:48:10.508054003Z,1.0,59507478.495871484,20.0,0.02,0.01,0.04,0.1309261311582305,314777636237064,64.63,175,15666102.252467,20588.0
12717341,7.23302752293578,0.6666,0.13,0.07,0.2,0.6666,4360000,cosmosvaloper1c4k24jzduc365kywrsvf5ujz4ya6mwympnc4en,2022-11-04T19:48:16.846504214Z,1.0,59643145.60148036,20.0,0.02,0.01,0.04,0.1309261392458148,314777645689499,64.63,175,15666102.252467,12432.0
12717342,7.23302752293578,0.6666,0.13,0.07,0.2,0.6666,4360000,cosmosvaloper1c4k24jzduc365kywrsvf5ujz4ya6mwympnc4en,2022-11-04T19:48:23.210360622Z,1.0,59778695.90161821,20.0,0.02,0.01,0.04,0.1309261473334019,314777655141935,64.63,175,15666102.252467,24781.0
12717343,7.23302752293578,0.6666,0.13,0.07,0.2,0.6666,4360000,cosmosvaloper1c4k24jzduc365kywrsvf5ujz4ya6mwympnc4en,2022-11-04T19:48:30.062906105Z,1.0,59914423.07258103,20.0,0.02,0.01,0.04,0.1309261554209957,314777664594372,64.63,175,15666102.252467,2500.0
12717344,7.23302752293578,0.6666,0.13,0.07,0.2,0.6666,4360000,cosmosvaloper1c4k24jzduc365kywrsvf5ujz4ya6mwympnc4en,2022-11-04T19:48:36.378017396Z,1.0,60049831.159724414,20.0,0.02,0.01,0.04,0.1309261635085962,314777674046810,64.63,175,15666102.252467,32892.0
12717345,7.23302752293578,0.6666,0.13,0.07,0.2,0.6666,4360000,cosmosvaloper1c4k24jzduc365kywrsvf5ujz4ya6mwympnc4en,2022-11-04T19:48:47.565846580Z,1.0,60185674.51766788,20.0,0.02,0.01,0.04,0.1309261715961901,314777683499249,64.63,175,15666102.252467,17409.0
12717346,7.23302752293578,0.6666,0.13,0.07,0.2,0.6666,4360000,cosmosvaloper1c4k24jzduc365kywrsvf5ujz4ya6mwympnc4en,2022-11-04T19:48:54.096707537Z,1.0,60321296.15144699,20.0,0.02,0.01,0.04,0.1309261796837709,314777692951689,64.63,175,15666102.252467,6422.0
12717347,7.23302752293578,0.6666,0.13,0.07,0.2,0.6666,4360000,cosmosvaloper1c4k24jzduc365kywrsvf5ujz4ya6mwympnc4en,2022-11-04T19:49:00.756312321Z,1.0,60456760.44215917,20.0,0.02,0.01,0.04,0.1309261877713582,314777702404130,64.63,175,15666102.252467,11192.0
12717348,7.23302752293578,0.6666,0.13,0.07,0.2,0.6666,4360000,cosmosvaloper1c4k24jzduc365kywrsvf5ujz4ya6mwympnc4en,2022-11-04T19:49:07.361569398Z,1.0,60592293.04835336,20.0,0.02,0.01,0.04,0.1309261958589518,314777711856571,64.63,175,15666102.252467,21127.0
12717349,7.23302752293578,0.6666,0.13,0.07,0.2,0.6666,4360000,cosmosvaloper1c4k24jzduc365kywrsvf5ujz4ya6mwympnc4en,2022-11-04T19:49:13.713846068Z,1.0,60727967.9377957,20.0,0.02,0.01,0.04,0.1309262039465508,314777721309013,64.63,175,15666102.252467,22763.0
12717350,7.23302752293578,0.6666,0.13,0.07,0.2,0.6666,4360000,cosmosvaloper1c4k24jzduc365kywrsvf5ujz4ya6mwympnc4en,2022-11-04T19:49:20.136325706Z,1.0,60863666.27139277,20.0,0.02,0.01,0.04,0.1309262120341543,314777730761456,64.63,175,15666102.252467,20933.0
12717351,7.23302752293578,0.6666,0.13,0.07,0.2,0.6666,4360000,cosmosvaloper1c4k24jzduc365kywrsvf5ujz4ya6mwympnc4en,2022-11-04T19:49:26.514309490Z,1.0,61094072.16979001,20.0,0.02,0.01,0.04,0.1309262201217577,314777740213900,64.63,175,15666102.252467,7423.0
12717352,7.23302752293578,0.6666,0.13,0.07,0.2,0.6666,4360000,cosmosvaloper1c4k24jzduc365kywrsvf5ujz4ya6mwympnc4en,2022-11-04T19:49:33.028045194Z,1.0,61229550.83887561,20.0,0.02,0.01,0.04,0.1309262282093674,314777749666345,64.63,175,15666102.252467,28182.0
12717353,7.23302752293578,0.6666,0.13,0.07,0.2,0.6666,4360000,cosmosvaloper1c4k24jzduc365kywrsvf5ujz4ya6mwympnc4en,2022-11-04T19:49:39.279444249Z,1.0,61365326.81583889,20.0,0.02,0.01,0.04,0.130926236296981,314777759118791,64.63,175,15666102.252467,56137.0
12717354,7.23302752293578,0.6666,0.13,0.07,0.2,0.6666,4360000,cosmosvaloper1c4k24jzduc365kywrsvf5ujz4ya6mwympnc4en,2022-11-04T19:49:45.965920752Z,1.0,61501503.16156118,20.0,0.02,0.01,0.04,0.130926244384601,314777768571238,64.63,175,15666102.252467,3500.0
12717355,7.23302752293578,0.6666,0.13,0.07,0.2,0.6666,4360000,cosmosvaloper1c4k24jzduc365kywrsvf5ujz4ya6mwympnc4en,2022-11-04T19:49:52.118125049Z,1.0,61636925.68404914,20.0,0.02,0.01,0.04,0.1309262524722277,314777778023686,64.63,175,15666102.252467,19608.0
12717356,7.23302752293578,0.6666,0.13,0.07,0.2,0.6666,4360000,cosmosvaloper1c4k24jzduc365kywrsvf5ujz4ya6mwympnc4en,2022-11-04T19:49:58.781326444Z,1.0,61772578.91017946,20.0,0.02,0.01,0.04,0.130926260559861,314777787476134,64.63,175,15666102.252467,11813.0
12717357,7.23302752293578,0.6666,0.13,0.07,0.2,0.6666,4360000,cosmosvaloper1c4k24jzduc365kywrsvf5ujz4ya6mwympnc4en,2022-11-04T19:50:05.194843559Z,1.0,61908120.50089528,20.0,0.02,0.01,0.04,0.1309262686475001,314777796928583,64.63,175,15666102.252467,13000.0
12717358,7.23302752293578,0.6666,0.13,0.07,0.2,0.6666,4360000,cosmosvaloper1c4k24jzduc365kywrsvf5ujz4ya6mwympnc4en,2022-11-04T19:50:11.801926520Z,1.0,62045117.98993153,20.0,0.02,0.01,0.04,0.130926276735146,314777806381033,64.63,175,15666102.252467,13272.0
12717359,7.23302752293578,0.6666,0.13,0.07,0.2,0.6666,4360000,cosmosvaloper1c4k24jzduc365kywrsvf5ujz4ya6mwympnc4en,2022-11-04T19:50:18.478159674Z,1.0,62180680.502899215,20.0,0.02,0.01,0.04,0.1309262848227965,314777815833484,64.63,175,15666102.252467,65086.0
12717360,7.23302752293578,0.6666,0.13,0.07,0.2,0.6666,4360000,cosmosvaloper1c4k24jzduc365kywrsvf5ujz4ya6mwympnc4en,2022-11-04T19:50:24.744983433Z,1.0,62316985.07987529,20.0,0.02,0.01,0.04,0.1309262929104215,314777825285936,64.63,175,15666102.252467,8136.0
12717361,7.23302752293578,0.6666,0.13,0.07,0.2,0.6666,4360000,cosmosvaloper1c4k24jzduc365kywrsvf5ujz4ya6mwympnc4en,2022-11-04T19:50:31.100527023Z,1.0,62452474.06604336,20.0,0.02,0.01,0.04,0.1309263009980532,314777834738389,64.63,175,15666102.252467,13575.0
12717362,7.23302752293578,0.6666,0.13,0.07,0.2,0.6666,4360000,cosmosvaloper1c4k24jzduc365kywrsvf5ujz4ya6mwympnc4en,2022-11-04T19:50:37.805970522Z,1.0,62588040.940042,20.0,0.02,0.01,0.04,0.1309263090856908,314777844190843,64.63,175,15666102.252467,34898.0
12717363,7.23302752293578,0.6666,0.13,0.07,0.2,0.6666,4360000,cosmosvaloper1c4k24jzduc365kywrsvf5ujz4ya6mwympnc4en,2022-11-04T19:50:49.071470303Z,1.0,62818786.72380088,20.0,0.02,0.01,0.04,0.1309263171729834,314777853643298,64.63,175,15666102.252467,11725.0
12717364,7.23302752293578,0.6666,0.13,0.07,0.2,0.6666,4360000,cosmosvaloper1c4k24jzduc365kywrsvf5ujz4ya6mwympnc4en,2022-11-04T19:50:55.504261989Z,1.0,63048968.93183267,20.0,0.02,0.01,0.04,0.1309263252602826,314777863095753,64.63,175,15666102.252467,6519.0
12717365,7.23302752293578,0.6666,0.13,0.07,0.2,0.6666,4360000,cosmosvaloper1c4k24jzduc365kywrsvf5ujz4ya6mwympnc4en,2022-11-04T19:51:01.804388613Z,1.0,63184434.56754872,20.0,0.02,0.01,0.04,0.1309263333475885,314777872548209,64.63,175,15666102.252467,19227.0
12717366,7.23302752293578,0.6666,0.13,0.07,0.2,0.6666,4360000,cosmosvaloper1c4k24jzduc365kywrsvf5ujz4ya6mwympnc4en,2022-11-04T19:51:08.215023568Z,1.0,63320082.2131168,20.0,0.02,0.01,0.04,0.130926341434901,314777882000666,64.63,175,15666102.252467,10133.0
12717367,7.23302752293578,0.6666,0.13,0.07,0.2,0.6666,4360000,cosmosvaloper1c4k24jzduc365kywrsvf5ujz4ya6mwympnc4en,2022-11-04T19:51:14.396565945Z,1.0,63455599.6343054,20.0,0.02,0.01,0.04,0.1309263495222168,314777891453124,64.63,175,15666102.252467,10286.0
12717368,7.23302752293578,0.6666,0.13,0.07,0.2,0.6666,4360000,cosmosvaloper1c4k24jzduc365kywrsvf5ujz4ya6mwympnc4en,2022-11-04T19:51:21.037532481Z,1.0,63591119.26098774,20.0,0.02,0.01,0.04,0.1309263576095386,314777900905583,64.63,175,15666102.252467,2220.0
12717369,7.23302752293578,0.6666,0.13,0.07,0.2,0.6666,4360000,cosmosvaloper1c4k24jzduc365kywrsvf5ujz4ya6mwympnc4en,2022-11-04T19:51:27.344062818Z,1.0,63726523.38301532,20.0,0.02,0.01,0.04,0.130926365696867,314777910358043,64.63,175,15666102.252467,18534.0
12717370,7.23302752293578,0.6666,0.13,0.07,0.2,0.6666,4360000,cosmosvaloper1c4k24jzduc365kywrsvf5ujz4ya6mwympnc4en,2022-11-04T19:51:38.712015362Z,1.0,63862161.15781399,20.0,0.02,0.01,0.04,0.130926373784213,314777919810504,64.63,175,15666102.252467,0.0
12717371,7.23302752293578,0.6666,0.13,0.07,0.2,0.6666,4360000,cosmosvaloper1c4k24jzduc365kywrsvf5ujz4ya6mwympnc4en,2022-11-04T19:51:45.201303855Z,1.0,63997533.514338665,20.0,0.02,0.01,0.04,0.1309263818715655,314777929262965,64.63,175,15666102.252467,3455.0
12717372,7.23302752293578,0.6666,0.13,0.07,0.2,0.6666,4360000,cosmosvaloper1c4k24jzduc365kywrsvf5ujz4ya6mwympnc4en,2022-11-04T19:51:51.781063488Z,1.0,64132955.357912846,20.0,0.02,0.01,0.04,0.1309263899589247,314777938715427,64.63,175,15666102.252467,32783.0
12717374,7.23302752293578,0.6666,0.13,0.07,0.2,0.6666,4360000,cosmosvaloper1c4k24jzduc365kywrsvf5ujz4ya6mwympnc4en,2022-11-04T19:52:04.659320047Z,1.0,64406395.41253228,20.0,0.02,0.01,0.04,0.1309264061336555,314777957620354,64.63,175,15666102.252467,3250.0
12717375,7.23302752293578,0.6666,0.13,0.07,0.2,0.6666,4360000,cosmosvaloper1c4k24jzduc365kywrsvf5ujz4ya6mwympnc4en,2022-11-04T19:52:07.397780535Z,1.0,64541825.54203479,20.0,0.02,0.01,0.04,0.1309264142210302,314777967072819,64.63,175,15666102.252467,12527.0
12717376,7.23302752293578,0.6666,0.13,0.07,0.2,0.6666,4360000,cosmosvaloper1c4k24jzduc365kywrsvf5ujz4ya6mwympnc4en,2022-11-04T19:52:14.847743258Z,1.0,64677377.364529386,20.0,0.02,0.01,0.04,0.1309264223084022,314777976525285,64.63,175,15666102.252467,6758.0
12717377,7.23302752293578,0.6666,0.13,0.07,0.2,0.6666,4360000,cosmosvaloper1c4k24jzduc365kywrsvf5ujz4ya6mwympnc4en,2022-11-04T19:52:21.370873214Z,1.0,64812846.581258215,20.0,0.02,0.01,0.04,0.1309264303957808,314777985977752,64.63,175,15666102.252467,4102.0
12717378,7.23302752293578,0.6666,0.13,0.07,0.2,0.6666,4360000,cosmosvaloper1c4k24jzduc365kywrsvf5ujz4ya6mwympnc4en,2022-11-04T19:52:27.815937105Z,1.0,65042843.459377,20.0,0.02,0.01,0.04,0.1309264384831661,314777995430220,64.63,175,15666102.252467,11070.0
12717379,7.23302752293578,0.6666,0.13,0.07,0.2,0.6666,4360000,cosmosvaloper1c4k24jzduc365kywrsvf5ujz4ya6mwympnc4en,2022-11-04T19:52:34.237994213Z,1.0,65178374.45324457,20.0,0.02,0.01,0.04,0.1309264465705581,314778004882688,64.63,175,15666102.252467,0.0
12717380,7.23302752293578,0.6666,0.13,0.07,0.2,0.6666,4360000,cosmosvaloper1c4k24jzduc365kywrsvf5ujz4ya6mwympnc4en,2022-11-04T19:52:40.797757546Z,1.0,65313746.90935363,20.0,0.02,0.01,0.04,0.1309264546579567,314778014335157,64.63,175,15666102.252467,15544.0
12717381,7.23302752293578,0.6666,0.13,0.07,0.2,0.6666,4360000,cosmosvaloper1c4k24jzduc365kywrsvf5ujz4ya6mwympnc4en,2022-11-04T19:52:47.037573447Z,1.0,65585004.04031348,20.0,0.02,0.01,0.04,0.1309264708327729,314778033240098,64.63,175,15666102.252467,20219.0
12717382,7.23302752293578,0.6666,0.13,0.07,0.2,0.6666,4360000,cosmosvaloper1c4k24jzduc365kywrsvf5ujz4ya6mwympnc4en,2022-11-04T19:52:58.271040962Z,1.0,65585004.04031348,20.0,0.02,0.01,0.04,0.1309264708327729,314778033240098,64.63,175,15666102.252467,11825.0
12717383,7.23302752293578,0.6666,0.13,0.07,0.2,0.6666,4360000,cosmosvaloper1c4k24jzduc365kywrsvf5ujz4ya6mwympnc4en,2022-11-04T19:53:04.582931237Z,1.0,65720545.889792696,20.0,0.02,0.01,0.04,0.1309264789201796,314778042692570,64.63,175,15666102.252467,42976.0
12717384,7.23302752293578,0.6666,0.13,0.07,0.2,0.6666,4360000,cosmosvaloper1c4k24jzduc365kywrsvf5ujz4ya6mwympnc4en,2022-11-04T19:53:10.943554100Z,1.0,65992278.89946276,20.0,0.02,0.01,0.04,0.1309264950949036,314778061597517,64.63,175,15666102.252467,26010.0
12717385,7.23302752293578,0.6666,0.13,0.07,0.2,0.6666,4360000,cosmosvaloper1c4k24jzduc365kywrsvf5ujz4ya6mwympnc4en,2022-11-04T19:53:17.501776333Z,1.0,65992278.89946276,20.0,0.02,0.01,0.04,0.1309264950949036,314778061597517,64.63,175,15666102.252467,12886.0
12717386,7.23302752293578,0.6666,0.13,0.07,0.2,0.6666,4360000,cosmosvaloper1c4k24jzduc365kywrsvf5ujz4ya6mwympnc4en,2022-11-04T19:53:24.190382248Z,1.0,66127835.94692354,20.0,0.02,0.01,0.04,0.1309265031822743,314778071049991,64.63,175,15666102.252467,7723.0
12717387,7.23302752293578,0.6666,0.13,0.07,0.2,0.6666,4360000,cosmosvaloper1c4k24jzduc365kywrsvf5ujz4ya6mwympnc4en,2022-11-04T19:53:30.407557541Z,1.0,66263319.053082965,20.0,0.02,0.01,0.04,0.1309265112696513,314778080502466,64.63,175,15666102.252467,22853.0
12717388,7.23302752293578,0.6666,0.13,0.07,0.2,0.6666,4360000,cosmosvaloper1c4k24jzduc365kywrsvf5ujz4ya6mwympnc4en,2022-11-04T19:53:36.959602710Z,1.0,66399018.85542431,20.0,0.02,0.01,0.04,0.1309265193570339,314778089954942,64.63,175,15666102.252467,22757.0
12717389,7.23302752293578,0.6666,0.13,0.07,0.2,0.6666,4360000,cosmosvaloper1c4k24jzduc365kywrsvf5ujz4ya6mwympnc4en,2022-11-04T19:53:43.675696345Z,1.0,66534717.29723424,20.0,0.02,0.01,0.04,0.1309265274444219,314778099407419,64.63,175,15666102.252467,8626.0
12717390,7.23302752293578,0.6666,0.13,0.07,0.2,0.6666,4360000,cosmosvaloper1c4k24jzduc365kywrsvf5ujz4ya6mwympnc4en,2022-11-04T19:53:49.903473434Z,1.0,66670213.376569,20.0,0.02,0.01,0.04,0.1309265355318166,314778108859897,64.63,175,15666102.252467,8764.0
12717391,7.23302752293578,0.6666,0.13,0.07,0.2,0.6666,4360000,cosmosvaloper1c4k24jzduc365kywrsvf5ujz4ya6mwympnc4en,2022-11-04T19:53:56.333465238Z,1.0,67035726.569162376,20.0,0.02,0.01,0.04,0.1309265517066042,314778127764856,64.63,175,15666102.252467,2104.0
12717392,7.23302752293578,0.6666,0.13,0.07,0.2,0.6666,4360000,cosmosvaloper1c4k24jzduc365kywrsvf5ujz4ya6mwympnc4en,2022-11-04T19:54:02.780884595Z,1.0,67035726.569162376,20.0,0.02,0.01,0.04,0.1309265517066042,314778127764856,64.63,175,15666102.252467,6599.0
12717393,7.23302752293578,0.6666,0.13,0.07,0.2,0.6666,4360000,cosmosvaloper1c4k24jzduc365kywrsvf5ujz4ya6mwympnc4en,2022-11-04T19:54:09.506535161Z,1.0,67171193.6546942,20.0,0.02,0.01,0.04,0.1309265597940079,314778137217337,64.63,175,15666102.252467,51848.0
12717394,7.23302752293578,0.6666,0.13,0.07,0.2,0.6666,4360000,cosmosvaloper1c4k24jzduc365kywrsvf5ujz4ya6mwympnc4en,2022-11-04T19:54:16.072340362Z,1.0,67442842.33383672,20.0,0.02,0.01,0.04,0.130926575968831,314778156122300,64.63,175,15666102.252467,11239.0
12717395,7.23302752293578,0.6666,0.13,0.07,0.2,0.6666,4360000,cosmosvaloper1c4k24jzduc365kywrsvf5ujz4ya6mwympnc4en,2022-11-04T19:54:22.561035490Z,1.0,67442842.33383672,20.0,0.02,0.01,0.04,0.130926575968831,314778156122300,64.63,175,15666102.252467,13898.0
12717396,7.23302752293578,0.6666,0.13,0.07,0.2,0.6666,4360000,cosmosvaloper1c4k24jzduc365kywrsvf5ujz4ya6mwympnc4en,2022-11-04T19:54:28.883832859Z,1.0,67578413.97844727,20.0,0.02,0.01,0.04,0.1309265840562519,314778165574783,64.63,175,15666102.252467,0.0
12717397,7.23302752293578,0.6666,0.13,0.07,0.2,0.6666,4360000,cosmosvaloper1c4k24jzduc365kywrsvf5ujz4ya6mwympnc4en,2022-11-04T19:54:35.829074201Z,1.0,67713786.59814616,20.0,0.02,0.01,0.04,0.1309265921436794,314778175027267,64.63,175,15666102.252467,9507.0
12717398,7.23302752293578,0.6666,0.13,0.07,0.2,0.6666,4360000,cosmosvaloper1c4k24jzduc365kywrsvf5ujz4ya6mwympnc4en,2022-11-04T19:54:42.130154868Z,1.0,67849295.3855449,20.0,0.02,0.01,0.04,0.1309266002311136,314778184479752,64.63,175,15666102.252467,20036.0
12717399,7.23302752293578,0.6666,0.13,0.07,0.2,0.6666,4360000,cosmosvaloper1c4k24jzduc365kywrsvf5ujz4ya6mwympnc4en,2022-11-04T19:54:48.644238651Z,1.0,67984954.97709589,20.0,0.02,0.01,0.04,0.1309266083185537,314778193932238,64.63,175,15666102.252467,20582.0
12717400,7.23302752293578,0.6666,0.13,0.07,0.2,0.6666,4360000,cosmosvaloper1c4k24jzduc365kywrsvf5ujz4ya6mwympnc4en,2022-11-04T19:54:55.160921017Z,1.0,68120622.40244281,20.0,0.02,0.01,0.04,0.130926616406,314778203384725,64.63,175,15666102.252467,7101.0
12717401,7.23302752293578,0.6666,0.13,0.07,0.2,0.6666,4360000,cosmosvaloper1c4k24jzduc365kywrsvf5ujz4ya6mwympnc4en,2022-11-04T19:55:01.590219580Z,1.0,68486571.8094388,20.0,0.02,0.01,0.04,0.1309266325809098,314778222289700,64.63,175,15666102.252467,23744.0
12717402,7.23302752293578,0.6666,0.13,0.07,0.2,0.6666,4360000,cosmosvaloper1c4k24jzduc365kywrsvf5ujz4ya6mwympnc4en,2022-11-04T19:55:12.918062003Z,1.0,68486571.8094388,20.0,0.02,0.01,0.04,0.1309266325809098,314778222289700,64.63,175,15666102.252467,12025.0
12717403,7.23302752293578,0.6666,0.13,0.07,0.2,0.6666,4360000,cosmosvaloper1c4k24jzduc365kywrsvf5ujz4ya6mwympnc4en,2022-11-04T19:55:19.401660899Z,1.0,68716761.84536289,20.0,0.02,0.01,0.04,0.1309266406683733,314778231742189,64.63,175,15666102.252467,13015.0
12717404,7.23302752293578,0.6666,0.13,0.07,0.2,0.6666,4360000,cosmosvaloper1c4k24jzduc365kywrsvf5ujz4ya6mwympnc4en,2022-11-04T19:55:25.818454832Z,1.0,68988250.52365997,20.0,0.02,0.01,0.04,0.1309266568432827,314778250647170,64.63,175,15666102.252467,36185.0
12717405,7.23302752293578,0.6666,0.13,0.07,0.2,0.6666,4360000,cosmosvaloper1c4k24jzduc365kywrsvf5ujz4ya6mwympnc4en,2022-11-04T19:55:32.167252615Z,1.0,68988250.52365997,20.0,0.02,0.01,0.04,0.1309266568432827,314778250647170,64.63,175,15666102.252467,3361.0
12717406,7.23302752293578,0.6666,0.13,0.07,0.2,0.6666,4360000,cosmosvaloper1c4k24jzduc365kywrsvf5ujz4ya6mwympnc4en,2022-11-04T19:55:38.660285610Z,1.0,69123671.39009802,20.0,0.02,0.01,0.04,0.1309266649307285,314778260099662,64.63,175,15666102.252467,31766.0
12717407,7.23302752293578,0.6666,0.13,0.07,0.2,0.6666,4360000,cosmosvaloper1c4k24jzduc365kywrsvf5ujz4ya6mwympnc4en,2022-11-04T19:55:44.978808853Z,1.0,69395069.43332714,20.0,0.02,0.01,0.04,0.1309266811056218,314778279004649,64.63,175,15666102.252467,13801.0
12717408,7.23302752293578,0.6666,0.13,0.07,0.2,0.6666,4360000,cosmosvaloper1c4k24jzduc365kywrsvf5ujz4ya6mwympnc4en,2022-11-04T19:55:51.179853796Z,1.0,69395069.43332714,20.0,0.02,0.01,0.04,0.1309266811056218,314778279004649,64.63,175,15666102.252467,24291.0
12717409,7.23302752293578,0.6666,0.13,0.07,0.2,0.6666,4360000,cosmosvaloper1c4k24jzduc365kywrsvf5ujz4ya6mwympnc4en,2022-11-04T19:55:57.551405259Z,1.0,69530790.06523602,20.0,0.02,0.01,0.04,0.130926689193065,314778288457143,64.63,175,15666102.252467,19056.0
12717410,7.23302752293578,0.6666,0.13,0.07,0.2,0.6666,4360000,cosmosvaloper1c4k24jzduc365kywrsvf5ujz4ya6mwympnc4en,2022-11-04T19:56:03.969923158Z,1.0,69802134.57845277,20.0,0.02,0.01,0.04,0.1309267053679699,314778307362134,64.63,175,15666102.252467,22771.0
12717411,7.23302752293578,0.6666,0.13,0.07,0.2,0.6666,4360000,cosmosvaloper1c4k24jzduc365kywrsvf5ujz4ya6mwympnc4en,2022-11-04T19:56:10.479072167Z,1.0,69802134.578452772265340462,20.0,0.020000000000000000,0.010000000000000000,0.040000000000000000,0.130926705367969993,314778307362134,64.63,175,15666102.252467,15158.0
