block_num,Block_length_target,Goal_Bonded,Inflation_Rate_Change,Min_Inflation_Rate,Max_Inflation_Rate,Min_Signatures,Blocks_per_year,Validator_id,commission,proposer,timestamp,sign_ratio,community_tax,min_proposer_bonus,max_proposer_bonus,v_commission,percent_staked,atom_staked_v,total_supply,inflation_rate,commission_amt,total_block_fees,n_validators
12737881,7.23302752293578,0.6666,0.13,0.07,0.2,0.6666,4360000,cosmosvaloper1hjct6q7npsspsg3dgvzk3sdf89spmlpfdn6m9d,9.0,+USWk75IKU7P/0f1r7PDHB36sxM=,2022-11-06T10:03:53.836847934Z,1.0,0.02,0.01,0.04,9.0,64.69,4204885.985898,314971982026069,0.1310922295662161,1175542276.1435,0,175
12737874,7.23302752293578,0.6666,0.13,0.07,0.2,0.6666,4360000,cosmosvaloper1hjct6q7npsspsg3dgvzk3sdf89spmlpfdn6m9d,,0tRY+SCey4yiqrHZngZhG4Eqh5c=,2022-11-06T10:03:08.597660775Z,1.0,0.02,0.01,0.04,9.0,64.69,4204885.979542,314971925204464,0.1310921823422249,1175444063.2610943,0,175
12737875,7.23302752293578,0.6666,0.13,0.07,0.2,0.6666,4360000,cosmosvaloper1hjct6q7npsspsg3dgvzk3sdf89spmlpfdn6m9d,9.0,1o7sDS6CSPHsZM21he22HspDK9g=,2022-11-06T10:03:15.193317809Z,1.0,0.02,0.01,0.04,9.0,64.69,4204885.979542,314971925204464,0.1310921823422249,1175444063.2610943,0,175
12737876,7.23302752293578,0.6666,0.13,0.07,0.2,0.6666,4360000,cosmosvaloper1hjct6q7npsspsg3dgvzk3sdf89spmlpfdn6m9d,9.0,3qELGQGaE7F9GrnK4XMhza47BIc=,2022-11-06T10:03:21.621954025Z,1.0,0.02,0.01,0.04,9.0,64.69,4204885.979542,314971934674729,0.1310921902128789,1175460432.126251,0,175
12737877,7.23302752293578,0.6666,0.13,0.07,0.2,0.6666,4360000,cosmosvaloper1hjct6q7npsspsg3dgvzk3sdf89spmlpfdn6m9d,9.0,C0LkfxVOJNEBhLsS4yNHqsYca4A=,2022-11-06T10:03:28.138683501Z,1.0,0.02,0.01,0.04,9.0,64.69,4204885.979542,314971944144995,0.1310921980835395,1175476798.4785893,0,175
12737878,7.23302752293578,0.6666,0.13,0.07,0.2,0.6666,4360000,cosmosvaloper1hjct6q7npsspsg3dgvzk3sdf89spmlpfdn6m9d,9.0,Wlnch0b9cn/d1cv1y7kMb2Fsz5s=,2022-11-06T10:03:34.432361474Z,1.0,0.02,0.01,0.04,9.0,64.69,4204885.985898,314971953615262,0.1310922059541998,1175493171.9738948,0,175
12737879,7.23302752293578,0.6666,0.13,0.07,0.2,0.6666,4360000,cosmosvaloper1hjct6q7npsspsg3dgvzk3sdf89spmlpfdn6m9d,9.0,Z5uJeFlzvpTU/fi2b4SpKZMukcU=,2022-11-06T10:03:40.864314525Z,1.0,0.02,0.01,0.04,9.0,64.69,4204885.985898,314971963085530,0.1310922138248659,1175509530.8188643,0,175
12737880,7.23302752293578,0.6666,0.13,0.07,0.2,0.6666,4360000,cosmosvaloper1hjct6q7npsspsg3dgvzk3sdf89spmlpfdn6m9d,9.0,USBWWacX3/uW4FT4vREIcw4Xrqc=,2022-11-06T10:03:47.157880365Z,1.0,0.02,0.01,0.04,9.0,64.69,4204885.985898,314971972555799,0.1310922216955386,1175525912.0075743,0,175
12737882,7.23302752293578,0.6666,0.13,0.07,0.2,0.6666,4360000,cosmosvaloper1hjct6q7npsspsg3dgvzk3sdf89spmlpfdn6m9d,9.0,07wmsaneyNVrCjuOzSMRDsTNRac=,2022-11-06T10:04:00.198766501Z,1.0,0.02,0.01,0.04,9.0,64.69,4204885.985898,314971991496340,0.1310922374369003,1175558640.7474487,0,175
12737883,7.23302752293578,0.6666,0.13,0.07,0.2,0.6666,4360000,cosmosvaloper1hjct6q7npsspsg3dgvzk3sdf89spmlpfdn6m9d,9.0,g/R9d0ew9jOmug30m33PYfkKobA=,2022-11-06T10:04:06.489693436Z,1.0,0.02,0.01,0.04,9.0,64.69,4204885.985898,314972000966611,0.1310922453075911,1175575006.5326009,0,175
12737884,7.23302752293578,0.6666,0.13,0.07,0.2,0.6666,4360000,cosmosvaloper1hjct6q7npsspsg3dgvzk3sdf89spmlpfdn6m9d,9.0,6Dv8Q20s6NzJ7AWJsuW3NeN/uFw=,2022-11-06T10:04:13.226230452Z,1.0,0.02,0.01,0.04,9.0,64.69,4204885.985898,314972010436883,0.1310922531782886,1175591383.4207828,0,175
12737885,7.23302752293578,0.6666,0.13,0.07,0.2,0.6666,4360000,cosmosvaloper1hjct6q7npsspsg3dgvzk3sdf89spmlpfdn6m9d,9.0,mtCqGKkqGkN0Qm7ZuBktHWw9JpE=,2022-11-06T10:04:19.469196190Z,1.0,0.02,0.01,0.04,9.0,64.69,4204885.985898,314972019907156,0.1310922610489927,1175607751.176468,0,175
12737886,7.23302752293578,0.6666,0.13,0.07,0.2,0.6666,4360000,cosmosvaloper1hjct6q7npsspsg3dgvzk3sdf89spmlpfdn6m9d,9.0,bXAfpZUyaI3xa6+VIRN+jBTLsxY=,2022-11-06T10:04:25.730285717Z,1.0,0.02,0.01,0.04,9.0,64.69,4204885.985898,314972029377430,0.1310922689197035,1175624137.0192635,0,175
12737888,7.23302752293578,0.6666,0.13,0.07,0.2,0.6666,4360000,cosmosvaloper1hjct6q7npsspsg3dgvzk3sdf89spmlpfdn6m9d,9.0,1o7sDS6CSPHsZM21he22HspDK9g=,2022-11-06T10:04:38.689267887Z,1.0,0.02,0.01,0.04,9.0,64.69,4204885.985898,314972048317981,0.131092284661145,1175656868.805446,0,175
12737889,7.23302752293578,0.6666,0.13,0.07,0.2,0.6666,4360000,cosmosvaloper1hjct6q7npsspsg3dgvzk3sdf89spmlpfdn6m9d,9.0,aPJweVkNysw6wcSJKhoAjzSPWW8=,2022-11-06T10:04:45.157485320Z,1.0,0.02,0.01,0.04,9.0,64.69,4204885.985898,314972057788258,0.1310922925318756,1175673273.0773027,0,175
12737890,7.23302752293578,0.6666,0.13,0.07,0.2,0.6666,4360000,cosmosvaloper1hjct6q7npsspsg3dgvzk3sdf89spmlpfdn6m9d,9.0,TrEoJnX3JLWQJvIXPCPw3Jk28Rg=,2022-11-06T10:04:51.580975280Z,1.0,0.02,0.01,0.04,9.0,64.69,4204885.985898,314972067258535,0.131092300402613,1175689632.0389872,0,175
12737891,7.23302752293578,0.6666,0.13,0.07,0.2,0.6666,4360000,cosmosvaloper1hjct6q7npsspsg3dgvzk3sdf89spmlpfdn6m9d,9.0,Fw/v1tf0ppqucKJEFfxOLJKN4uU=,2022-11-06T10:04:57.725486909Z,1.0,0.02,0.01,0.04,9.0,64.69,4204885.985898,314972076728813,0.1310923082733569,1175706002.2228668,0,175
12737892,7.23302752293578,0.6666,0.13,0.07,0.2,0.6666,4360000,cosmosvaloper1hjct6q7npsspsg3dgvzk3sdf89spmlpfdn6m9d,9.0,Fw/v1tf0ppqucKJEFfxOLJKN4uU=,2022-11-06T10:05:08.921631700Z,1.0,0.02,0.01,0.04,9.0,64.69,4204885.985898,314972086199092,0.1310923161440899,1175722367.4570985,0,175
12737893,7.23302752293578,0.6666,0.13,0.07,0.2,0.6666,4360000,cosmosvaloper1hjct6q7npsspsg3dgvzk3sdf89spmlpfdn6m9d,9.0,aWq8lRhv1loHBQwoqwDJNYoxUDA=,2022-11-06T10:05:15.197760295Z,1.0,0.02,0.01,0.04,9.0,64.69,4204885.985898,314972095669372,0.1310923240148056,1175738725.056162,0,175
12737894,7.23302752293578,0.6666,0.13,0.07,0.2,0.6666,4360000,cosmosvaloper1hjct6q7npsspsg3dgvzk3sdf89spmlpfdn6m9d,9.0,ZxRgkwzNybBsXQVeTVUOuNryKR4=,2022-11-06T10:05:21.841633716Z,1.0,0.02,0.01,0.04,9.0,64.69,4204885.985898,314972105139653,0.131092331885528,1175755080.4449992,0,175
12737896,7.23302752293578,0.6666,0.13,0.07,0.2,0.6666,4360000,cosmosvaloper1hjct6q7npsspsg3dgvzk3sdf89spmlpfdn6m9d,9.0,ddqzFvTKE2f1MqtxqAt/plq2kDk=,2022-11-06T10:05:34.909489912Z,1.0,0.02,0.01,0.04,9.0,64.69,4204885.985898,314972124080218,0.1310923476269927,1175787817.435344,0,175
12737895,7.23302752293578,0.6666,0.13,0.07,0.2,0.6666,4360000,cosmosvaloper1hjct6q7npsspsg3dgvzk3sdf89spmlpfdn6m9d,9.0,0tRY+SCey4yiqrHZngZhG4Eqh5c=,2022-11-06T10:05:28.598423028Z,1.0,0.02,0.01,0.04,9.0,64.69,4204885.985898,314972114609935,0.131092339756257,1175771451.1645763,0,175
12737898,7.23302752293578,0.6666,0.13,0.07,0.2,0.6666,4360000,cosmosvaloper1hjct6q7npsspsg3dgvzk3sdf89spmlpfdn6m9d,9.0,UdslZiBO4mZCfqimy3GYNasXC+k=,2022-11-06T10:05:47.899777116Z,1.0,0.02,0.01,0.04,9.0,64.69,4204885.985898,314972143020785,0.1310923633684841,1175820552.204738,0,175
12737899,7.23302752293578,0.6666,0.13,0.07,0.2,0.6666,4360000,cosmosvaloper1hjct6q7npsspsg3dgvzk3sdf89spmlpfdn6m9d,9.0,9Zc0qJanaJQ2vDQiJE/YYq4YnFw=,2022-11-06T10:05:54.164458878Z,1.0,0.02,0.01,0.04,9.0,64.69,4204885.985898,314972152491070,0.1310923712392398,1175836924.5235384,0,175
12737900,7.23302752293578,0.6666,0.13,0.07,0.2,0.6666,4360000,cosmosvaloper1hjct6q7npsspsg3dgvzk3sdf89spmlpfdn6m9d,9.0,sRZ9BDfbnfDVM+4qzeSBBxOb3S4=,2022-11-06T10:06:00.993387163Z,1.0,0.02,0.01,0.04,9.0,64.69,4204885.985898,314972161961356,0.131092379110002,1175853294.7353714,0,175
12737901,7.23302752293578,0.6666,0.13,0.07,0.2,0.6666,4360000,cosmosvaloper1hjct6q7npsspsg3dgvzk3sdf89spmlpfdn6m9d,9.0,7VCeeAl+EwapH+3o6Ft10Gvd9uM=,2022-11-06T10:06:07.336736538Z,1.0,0.02,0.01,0.04,9.0,64.69,4204885.985898,314972171431643,0.1310923869807651,1175869688.3379977,0,175
12737902,7.23302752293578,0.6666,0.13,0.07,0.2,0.6666,4360000,cosmosvaloper1hjct6q7npsspsg3dgvzk3sdf89spmlpfdn6m9d,9.0,1o7sDS6CSPHsZM21he22HspDK9g=,2022-11-06T10:06:13.683632805Z,1.0,0.02,0.01,0.04,9.0,64.69,4204885.985898,314972180901931,0.1310923948515348,1175886056.8573484,0,175
12737903,7.23302752293578,0.6666,0.13,0.07,0.2,0.6666,4360000,cosmosvaloper1hjct6q7npsspsg3dgvzk3sdf89spmlpfdn6m9d,9.0,g/R9d0ew9jOmug30m33PYfkKobA=,2022-11-06T10:06:20.156114139Z,1.0,0.02,0.01,0.04,9.0,64.69,4204885.985898,314972199842508,0.1310924105930934,1175918804.2142065,0,175
12737904,7.23302752293578,0.6666,0.13,0.07,0.2,0.6666,4360000,cosmosvaloper1hjct6q7npsspsg3dgvzk3sdf89spmlpfdn6m9d,9.0,HO0wcz0WJciatphndgbQ43s2dqk=,2022-11-06T10:06:26.806812260Z,1.0,0.02,0.01,0.04,9.0,64.69,4204885.985898,314972199842508,0.1310924105930934,1175918804.2142065,0,175
12737905,7.23302752293578,0.6666,0.13,0.07,0.2,0.6666,4360000,cosmosvaloper1hjct6q7npsspsg3dgvzk3sdf89spmlpfdn6m9d,9.0,rC1WBXzYR2Xm++MYl5CT6ORKoY8=,2022-11-06T10:06:33.151385504Z,1.0,0.02,0.01,0.04,9.0,64.69,4204885.985898,314972209312798,0.1310924184638826,1175935166.318994,0,175
12737906,7.23302752293578,0.6666,0.13,0.07,0.2,0.6666,4360000,cosmosvaloper1hjct6q7npsspsg3dgvzk3sdf89spmlpfdn6m9d,9.0,2fikG3gqpqZq3IH5U5I8fc57YAE=,2022-11-06T10:06:39.392846395Z,1.0,0.02,0.01,0.04,9.0,64.69,4204885.985898,314972218783089,0.1310924263346786,1175951543.811552,0,175
12737907,7.23302752293578,0.6666,0.13,0.07,0.2,0.6666,4360000,cosmosvaloper1hjct6q7npsspsg3dgvzk3sdf89spmlpfdn6m9d,9.0,CZ4rCVgzMa/eNeX6lmc9LKfeoxY=,2022-11-06T10:06:45.951799508Z,1.0,0.02,0.01,0.04,9.0,64.69,4204885.985898,314972228253381,0.1310924342054812,1176010589.759055,0,175
12737908,7.23302752293578,0.6666,0.13,0.07,0.2,0.6666,4360000,cosmosvaloper1hjct6q7npsspsg3dgvzk3sdf89spmlpfdn6m9d,9.0,LCpem575AxZPor0/FAVx3fAqAMw=,2022-11-06T10:06:52.249812930Z,1.0,0.02,0.01,0.04,9.0,64.69,4204885.985898,314972237723674,0.1310924420762897,1176026958.3384497,0,175
12737909,7.23302752293578,0.6666,0.13,0.07,0.2,0.6666,4360000,cosmosvaloper1hjct6q7npsspsg3dgvzk3sdf89spmlpfdn6m9d,9.0,N8ipncFSONRTwPvufCrL7f0nweQ=,2022-11-06T10:06:58.629457053Z,1.0,0.02,0.01,0.04,9.0,64.69,4204885.985898,314972247193968,0.1310924499471049,1176043319.500283,0,175
12737910,7.23302752293578,0.6666,0.13,0.07,0.2,0.6666,4360000,cosmosvaloper1hjct6q7npsspsg3dgvzk3sdf89spmlpfdn6m9d,9.0,bXAfpZUyaI3xa6+VIRN+jBTLsxY=,2022-11-06T10:07:05.078507242Z,1.0,0.02,0.01,0.04,9.0,64.69,4204885.985898,314972256664262,0.1310924578179265,1176059688.039876,0,175
12737911,7.23302752293578,0.6666,0.13,0.07,0.2,0.6666,4360000,cosmosvaloper1hjct6q7npsspsg3dgvzk3sdf89spmlpfdn6m9d,9.0,bXAfpZUyaI3xa6+VIRN+jBTLsxY=,2022-11-06T10:07:16.606495525Z,1.0,0.02,0.01,0.04,9.0,64.69,4204885.985898,314972266134557,0.1310924656887223,1176076065.779318,0,175
12737912,7.23302752293578,0.6666,0.13,0.07,0.2,0.6666,4360000,cosmosvaloper1hjct6q7npsspsg3dgvzk3sdf89spmlpfdn6m9d,9.0,Sbv7G6GnUFLjIm6OHg7+szkYuLI=,2022-11-06T10:07:23.351433278Z,1.0,0.02,0.01,0.04,9.0,64.69,4204885.985898,314972275604853,0.1310924735595247,1176092427.8874795,0,175
12737913,7.23302752293578,0.6666,0.13,0.07,0.2,0.6666,4360000,cosmosvaloper1hjct6q7npsspsg3dgvzk3sdf89spmlpfdn6m9d,9.0,Z5uJeFlzvpTU/fi2b4SpKZMukcU=,2022-11-06T10:07:29.782192479Z,1.0,0.02,0.01,0.04,9.0,64.69,4204885.985898,314972285075150,0.1310924814303336,1176108824.7944574,0,175
12737914,7.23302752293578,0.6666,0.13,0.07,0.2,0.6666,4360000,cosmosvaloper1hjct6q7npsspsg3dgvzk3sdf89spmlpfdn6m9d,9.0,1o7sDS6CSPHsZM21he22HspDK9g=,2022-11-06T10:07:36.091423826Z,1.0,0.02,0.01,0.04,9.0,64.69,4204885.985898,314972294545448,0.1310924893011491,1176125194.968858,0,175
12737915,7.23302752293578,0.6666,0.13,0.07,0.2,0.6666,4360000,cosmosvaloper1hjct6q7npsspsg3dgvzk3sdf89spmlpfdn6m9d,9.0,znaAM9cnxqKJgK73Ny0SQyfIEKg=,2022-11-06T10:07:42.485212183Z,1.0,0.02,0.01,0.04,9.0,64.69,4204885.985898,314972304015747,0.1310924971719711,1176141584.9193904,0,175
12737916,7.23302752293578,0.6666,0.13,0.07,0.2,0.6666,4360000,cosmosvaloper1hjct6q7npsspsg3dgvzk3sdf89spmlpfdn6m9d,9.0,0tRY+SCey4yiqrHZngZhG4Eqh5c=,2022-11-06T10:07:48.789311583Z,1.0,0.02,0.01,0.04,9.0,64.69,4204885.985898,314972313486047,0.1310925050427999,1176157953.418579,0,175
12737917,7.23302752293578,0.6666,0.13,0.07,0.2,0.6666,4360000,cosmosvaloper1hjct6q7npsspsg3dgvzk3sdf89spmlpfdn6m9d,9.0,G7KWcA1vzyMYqtotCY5NQEebbH4=,2022-11-06T10:07:55.187124033Z,1.0,0.02,0.01,0.04,9.0,64.69,4204885.985898,314972322956347,0.1310925129136352,1176174338.744146,0,175
12737918,7.23302752293578,0.6666,0.13,0.07,0.2,0.6666,4360000,cosmosvaloper1hjct6q7npsspsg3dgvzk3sdf89spmlpfdn6m9d,9.0,g/R9d0ew9jOmug30m33PYfkKobA=,2022-11-06T10:08:01.770253429Z,1.0,0.02,0.01,0.04,9.0,64.69,4204885.985898,314972341896950,0.1310925286552998,1176207118.3848405,0,175
12737919,7.23302752293578,0.6666,0.13,0.07,0.2,0.6666,4360000,cosmosvaloper1hjct6q7npsspsg3dgvzk3sdf89spmlpfdn6m9d,9.0,2mqqqVnJ74ij6zex8QfLJmfruqs=,2022-11-06T10:08:08.415872110Z,1.0,0.02,0.01,0.04,9.0,64.69,4204885.985898,314972341896950,0.1310925286552998,1176207118.3848405,0,175
12737920,7.23302752293578,0.6666,0.13,0.07,0.2,0.6666,4360000,cosmosvaloper1hjct6q7npsspsg3dgvzk3sdf89spmlpfdn6m9d,9.0,aPJweVkNysw6wcSJKhoAjzSPWW8=,2022-11-06T10:08:10.819024449Z,1.0,0.02,0.01,0.04,9.0,64.69,4204885.985898,314972351367253,0.1310925365261353,1176223499.411571,0,175
12737921,7.23302752293578,0.6666,0.13,0.07,0.2,0.6666,4360000,cosmosvaloper1hjct6q7npsspsg3dgvzk3sdf89spmlpfdn6m9d,9.0,aPW76s7xFMcg6pyYv6L/3gHFT9E=,2022-11-06T10:08:17.212317943Z,1.0,0.02,0.01,0.04,9.0,64.69,4204885.985898,314972360837557,0.1310925443969769,1176239873.2393863,0,175
12737922,7.23302752293578,0.6666,0.13,0.07,0.2,0.6666,4360000,cosmosvaloper1hjct6q7npsspsg3dgvzk3sdf89spmlpfdn6m9d,9.0,EI5H/BuFRvmPfqUvJUfMREl9sb8=,2022-11-06T10:08:24.071701633Z,1.0,0.02,0.01,0.04,9.0,64.69,4204885.985898,314972370307862,0.1310925522678034,1176256241.6437905,0,175
12737923,7.23302752293578,0.6666,0.13,0.07,0.2,0.6666,4360000,cosmosvaloper1hjct6q7npsspsg3dgvzk3sdf89spmlpfdn6m9d,9.0,rC1WBXzYR2Xm++MYl5CT6ORKoY8=,2022-11-06T10:08:30.311788982Z,1.0,0.02,0.01,0.04,9.0,64.69,4204885.985898,314972379778168,0.1310925601386259,1176272624.354845,0,175
12737924,7.23302752293578,0.6666,0.13,0.07,0.2,0.6666,4360000,cosmosvaloper1hjct6q7npsspsg3dgvzk3sdf89spmlpfdn6m9d,9.0,RqP4uDk7qhU8QOVyLq6C6g1Isy0=,2022-11-06T10:08:36.593163295Z,1.0,0.02,0.01,0.04,9.0,64.69,4204885.985898,314972389248474,0.131092568009455,1176289001.406568,0,175
12737925,7.23302752293578,0.6666,0.13,0.07,0.2,0.6666,4360000,cosmosvaloper1hjct6q7npsspsg3dgvzk3sdf89spmlpfdn6m9d,9.0,WS8Xu4zzaqNYZ2Wfiw6eduEbz7o=,2022-11-06T10:08:43.432258681Z,1.0,0.02,0.01,0.04,9.0,64.69,4204885.985898,314972398718781,0.1310925758802907,1176305373.177982,0,175
12737926,7.23302752293578,0.6666,0.13,0.07,0.2,0.6666,4360000,cosmosvaloper1hjct6q7npsspsg3dgvzk3sdf89spmlpfdn6m9d,9.0,zFziQY2oXHjX+J/sqrCN3OMUwMw=,2022-11-06T10:08:49.754846430Z,1.0,0.02,0.01,0.04,9.0,64.69,4204885.985898,314972408189089,0.1310925837511326,1176321773.1171217,0,175
12737927,7.23302752293578,0.6666,0.13,0.07,0.2,0.6666,4360000,cosmosvaloper1hjct6q7npsspsg3dgvzk3sdf89spmlpfdn6m9d,9.0,1o7sDS6CSPHsZM21he22HspDK9g=,2022-11-06T10:08:56.700927693Z,1.0,0.02,0.01,0.04,9.0,64.69,4204885.985898,314972417659398,0.1310925916219811,1176338154.6634789,0,175
12737928,7.23302752293578,0.6666,0.13,0.07,0.2,0.6666,4360000,cosmosvaloper1hjct6q7npsspsg3dgvzk3sdf89spmlpfdn6m9d,9.0,gZZf6KFfqAeMkgLzLkz6cvhfKiI=,2022-11-06T10:09:03.147708588Z,1.0,0.02,0.01,0.04,9.0,64.69,4204885.985898,314972427129708,0.1310925994928363,1176354520.856612,0,175
12737929,7.23302752293578,0.6666,0.13,0.07,0.2,0.6666,4360000,cosmosvaloper1hjct6q7npsspsg3dgvzk3sdf89spmlpfdn6m9d,9.0,9Zc0qJanaJQ2vDQiJE/YYq4YnFw=,2022-11-06T10:09:09.644099584Z,1.0,0.02,0.01,0.04,9.0,64.69,4204885.985898,314972436600019,0.1310926073636981,1176370891.9907546,0,175
12737930,7.23302752293578,0.6666,0.13,0.07,0.2,0.6666,4360000,cosmosvaloper1hjct6q7npsspsg3dgvzk3sdf89spmlpfdn6m9d,9.0,9Zc0qJanaJQ2vDQiJE/YYq4YnFw=,2022-11-06T10:09:21.273225705Z,1.0,0.02,0.01,0.04,9.0,64.69,4204885.985898,314972446070331,0.1310926152345666,1176387256.059651,0,175
12737931,7.23302752293578,0.6666,0.13,0.07,0.2,0.6666,4360000,cosmosvaloper1hjct6q7npsspsg3dgvzk3sdf89spmlpfdn6m9d,9.0,7VCeeAl+EwapH+3o6Ft10Gvd9uM=,2022-11-06T10:09:27.967293167Z,1.0,0.02,0.01,0.04,9.0,64.69,4204885.985898,314972455540643,0.1310926231054314,1176403638.5541432,0,175
12737932,7.23302752293578,0.6666,0.13,0.07,0.2,0.6666,4360000,cosmosvaloper1hjct6q7npsspsg3dgvzk3sdf89spmlpfdn6m9d,9.0,sRZ9BDfbnfDVM+4qzeSBBxOb3S4=,2022-11-06T10:09:34.343533888Z,1.0,0.02,0.01,0.04,9.0,64.69,4204885.985898,314972465010956,0.1310926309763029,1176420000.2501116,0,175
12737933,7.23302752293578,0.6666,0.13,0.07,0.2,0.6666,4360000,cosmosvaloper1hjct6q7npsspsg3dgvzk3sdf89spmlpfdn6m9d,9.0,bXAfpZUyaI3xa6+VIRN+jBTLsxY=,2022-11-06T10:09:40.760083725Z,1.0,0.02,0.01,0.04,9.0,64.69,4204885.985898,314972474481270,0.1310926388471043,1176436378.5885856,0,175
12737934,7.23302752293578,0.6666,0.13,0.07,0.2,0.6666,4360000,cosmosvaloper1hjct6q7npsspsg3dgvzk3sdf89spmlpfdn6m9d,9.0,Kl/s8mw/tDQmrGs9tYpavFgA8qA=,2022-11-06T10:09:47.566809209Z,1.0,0.02,0.01,0.04,9.0,64.69,4204885.985898,314972483951585,0.1310926467179124,1176452739.639572,0,175
12737935,7.23302752293578,0.6666,0.13,0.07,0.2,0.6666,4360000,cosmosvaloper1hjct6q7npsspsg3dgvzk3sdf89spmlpfdn6m9d,9.0,g/R9d0ew9jOmug30m33PYfkKobA=,2022-11-06T10:09:53.998740620Z,1.0,0.02,0.01,0.04,9.0,64.69,4204885.985898,314972493421901,0.1310926545887272,1176469095.0737667,0,175
12737936,7.23302752293578,0.6666,0.13,0.07,0.2,0.6666,4360000,cosmosvaloper1hjct6q7npsspsg3dgvzk3sdf89spmlpfdn6m9d,9.0,HO0wcz0WJciatphndgbQ43s2dqk=,2022-11-06T10:10:00.725864766Z,1.0,0.02,0.01,0.04,9.0,64.69,4204885.985898,314972502892218,0.1310926624595421,1176485493.548782,0,175
12737937,7.23302752293578,0.6666,0.13,0.07,0.2,0.6666,4360000,cosmosvaloper1hjct6q7npsspsg3dgvzk3sdf89spmlpfdn6m9d,9.0,0tRY+SCey4yiqrHZngZhG4Eqh5c=,2022-11-06T10:10:07.067111113Z,1.0,0.02,0.01,0.04,9.0,64.69,4204885.985898,314972512362536,0.1310926703303635,1176501858.5334036,0,175
12737938,7.23302752293578,0.6666,0.13,0.07,0.2,0.6666,4360000,cosmosvaloper1hjct6q7npsspsg3dgvzk3sdf89spmlpfdn6m9d,9.0,V3E7t0Icf+s4G4Y/yH3tXoKaqWE=,2022-11-06T10:10:13.645744519Z,1.0,0.02,0.01,0.04,9.0,64.69,4204885.985898,314972521832854,0.1310926782011915,1176518237.6791162,0,175
12737939,7.23302752293578,0.6666,0.13,0.07,0.2,0.6666,4360000,cosmosvaloper1hjct6q7npsspsg3dgvzk3sdf89spmlpfdn6m9d,9.0,1o7sDS6CSPHsZM21he22HspDK9g=,2022-11-06T10:10:20.000383716Z,1.0,0.02,0.01,0.04,9.0,64.69,4204885.985898,314972531303173,0.1310926860720262,1176534640.759614,0,175
12737940,7.23302752293578,0.6666,0.13,0.07,0.2,0.6666,4360000,cosmosvaloper1hjct6q7npsspsg3dgvzk3sdf89spmlpfdn6m9d,9.0,1o7sDS6CSPHsZM21he22HspDK9g=,2022-11-06T10:10:31.320899814Z,1.0,0.02,0.01,0.04,9.0,64.69,4204885.985898,314972540773493,0.1310926939428676,1176551021.6185317,0,175
12737941,7.23302752293578,0.6666,0.13,0.07,0.2,0.6666,4360000,cosmosvaloper1hjct6q7npsspsg3dgvzk3sdf89spmlpfdn6m9d,9.0,rC1WBXzYR2Xm++MYl5CT6ORKoY8=,2022-11-06T10:10:37.883852940Z,1.0,0.02,0.01,0.04,9.0,64.69,4204885.985898,314972550243814,0.131092701813691,1176567406.5204053,3240,175
12737942,7.23302752293578,0.6666,0.13,0.07,0.2,0.6666,4360000,cosmosvaloper1hjct6q7npsspsg3dgvzk3sdf89spmlpfdn6m9d,9.0,USBWWacX3/uW4FT4vREIcw4Xrqc=,2022-11-06T10:10:44.155318067Z,1.0,0.02,0.01,0.04,9.0,64.69,4204885.985898,314972559714136,0.131092709684521,1176583767.5600288,5000,175
12737943,7.23302752293578,0.6666,0.13,0.07,0.2,0.6666,4360000,cosmosvaloper1hjct6q7npsspsg3dgvzk3sdf89spmlpfdn6m9d,9.0,JURdDrNT6QUKsR7GGX1dy2EZhts=,2022-11-06T10:10:50.509332609Z,1.0,0.02,0.01,0.04,9.0,64.69,4204885.985898,314972569184459,0.1310927175553577,1176600131.6390896,0,175
12737944,7.23302752293578,0.6666,0.13,0.07,0.2,0.6666,4360000,cosmosvaloper1hjct6q7npsspsg3dgvzk3sdf89spmlpfdn6m9d,9.0,zAWIKXj8X91qdyFofhTAKZrgBLg=,2022-11-06T10:10:56.869683175Z,1.0,0.02,0.01,0.04,9.0,64.69,4204885.985898,314972588125106,0.1310927332970511,1176632864.4049027,12666,175
12737945,7.23302752293578,0.6666,0.13,0.07,0.2,0.6666,4360000,cosmosvaloper1hjct6q7npsspsg3dgvzk3sdf89spmlpfdn6m9d,9.0,1e3JNDFMibRZUmIOnJkrHckBhEI=,2022-11-06T10:11:03.363017847Z,1.0,0.02,0.01,0.04,9.0,64.69,4204885.985898,314972588125106,0.1310927332970511,1176632864.4049027,13501,175
12737946,7.23302752293578,0.6666,0.13,0.07,0.2,0.6666,4360000,cosmosvaloper1hjct6q7npsspsg3dgvzk3sdf89spmlpfdn6m9d,9.0,AZucopRNPMNsfHMoPvPVjlbIpdQ=,2022-11-06T10:11:09.731551025Z,1.0,0.02,0.01,0.04,9.0,64.69,4204885.985898,314972597595431,0.1310927411679078,1176649243.1688223,7826,175
12737947,7.23302752293578,0.6666,0.13,0.07,0.2,0.6666,4360000,cosmosvaloper1hjct6q7npsspsg3dgvzk3sdf89spmlpfdn6m9d,9.0,Z5uJeFlzvpTU/fi2b4SpKZMukcU=,2022-11-06T10:11:16.153271029Z,1.0,0.02,0.01,0.04,9.0,64.69,4204885.985898,314972607065757,0.1310927490387618,1176665612.133625,5827,175
12737948,7.23302752293578,0.6666,0.13,0.07,0.2,0.6666,4360000,cosmosvaloper1hjct6q7npsspsg3dgvzk3sdf89spmlpfdn6m9d,9.0,sxWB6f9XEEVTE3Di1IlaLW/t7Ps=,2022-11-06T10:11:22.440762019Z,1.0,0.02,0.01,0.04,9.0,64.69,4204885.985898,314972616536084,0.1310927569096224,1176681977.6478405,1801,175
12737949,7.23302752293578,0.6666,0.13,0.07,0.2,0.6666,4360000,cosmosvaloper1hjct6q7npsspsg3dgvzk3sdf89spmlpfdn6m9d,9.0,nBfJT3MTu01uBkKHvu3l04iOiFU=,2022-11-06T10:11:28.904540266Z,1.0,0.02,0.01,0.04,9.0,64.69,4204885.985898,314972626006412,0.1310927647804897,1176698336.2100737,28132,175
12737950,7.23302752293578,0.6666,0.13,0.07,0.2,0.6666,4360000,cosmosvaloper1hjct6q7npsspsg3dgvzk3sdf89spmlpfdn6m9d,9.0,nBfJT3MTu01uBkKHvu3l04iOiFU=,2022-11-06T10:11:40.536526274Z,1.0,0.02,0.01,0.04,9.0,64.69,4204885.985898,314972635476741,0.1310927726513547,1176714740.2482195,27910,175
12737951,7.23302752293578,0.6666,0.13,0.07,0.2,0.6666,4360000,cosmosvaloper1hjct6q7npsspsg3dgvzk3sdf89spmlpfdn6m9d,9.0,6AB0DGjIGzA0XDriumOPpW/2fu8=,2022-11-06T10:11:47.208330202Z,1.0,0.02,0.01,0.04,9.0,64.69,4204885.985898,314972644947070,0.1310927805222159,1176731143.9046936,9113,175
12737952,7.23302752293578,0.6666,0.13,0.07,0.2,0.6666,4360000,cosmosvaloper1hjct6q7npsspsg3dgvzk3sdf89spmlpfdn6m9d,9.0,aPJweVkNysw6wcSJKhoAjzSPWW8=,2022-11-06T10:11:53.889131335Z,1.0,0.02,0.01,0.04,9.0,64.69,4204885.985898,314972654417400,0.1310927883930837,1176747515.0976343,8341,175
12737953,7.23302752293578,0.6666,0.13,0.07,0.2,0.6666,4360000,cosmosvaloper1hjct6q7npsspsg3dgvzk3sdf89spmlpfdn6m9d,9.0,g/R9d0ew9jOmug30m33PYfkKobA=,2022-11-06T10:12:00.382870005Z,1.0,0.02,0.01,0.04,9.0,64.69,4204885.985898,314972663887731,0.131092796263958,1176763884.9583192,4331,175
12737954,7.23302752293578,0.6666,0.13,0.07,0.2,0.6666,4360000,cosmosvaloper1hjct6q7npsspsg3dgvzk3sdf89spmlpfdn6m9d,9.0,1o7sDS6CSPHsZM21he22HspDK9g=,2022-11-06T10:12:07.083677009Z,1.0,0.02,0.01,0.04,9.0,64.69,4204885.985898,314972673358063,0.131092804134839,1176780247.8953784,6590,175
12737955,7.23302752293578,0.6666,0.13,0.07,0.2,0.6666,4360000,cosmosvaloper1hjct6q7npsspsg3dgvzk3sdf89spmlpfdn6m9d,9.0,2fikG3gqpqZq3IH5U5I8fc57YAE=,2022-11-06T10:12:13.653283979Z,1.0,0.02,0.01,0.04,9.0,64.69,4204885.985898,314972682828396,0.1310928120057267,1176796614.735504,10001,175
12737956,7.23302752293578,0.6666,0.13,0.07,0.2,0.6666,4360000,cosmosvaloper1hjct6q7npsspsg3dgvzk3sdf89spmlpfdn6m9d,9.0,/V1U4Nnkdo/qTA3/3In6lrZlfzI=,2022-11-06T10:12:20.134175951Z,1.0,0.02,0.01,0.04,9.0,64.69,4204885.985898,314972692298730,0.1310928198766194,1176855648.9712243,3000,175
12737957,7.23302752293578,0.6666,0.13,0.07,0.2,0.6666,4360000,cosmosvaloper1hjct6q7npsspsg3dgvzk3sdf89spmlpfdn6m9d,9.0,bXAfpZUyaI3xa6+VIRN+jBTLsxY=,2022-11-06T10:12:26.502252926Z,1.0,0.02,0.01,0.04,9.0,64.69,4204885.985898,314972701769065,0.1310928277475188,1176872009.6148,9989,175
12737958,7.23302752293578,0.6666,0.13,0.07,0.2,0.6666,4360000,cosmosvaloper1hjct6q7npsspsg3dgvzk3sdf89spmlpfdn6m9d,9.0,1UCrAiCIYSrHSyh9B22/vEo3ei4=,2022-11-06T10:12:33.140942446Z,1.0,0.02,0.01,0.04,9.0,64.69,4204885.985898,314972711239400,0.1310928356185345,1176888382.3301697,19547,175
12737959,7.23302752293578,0.6666,0.13,0.07,0.2,0.6666,4360000,cosmosvaloper1hjct6q7npsspsg3dgvzk3sdf89spmlpfdn6m9d,9.0,rC1WBXzYR2Xm++MYl5CT6ORKoY8=,2022-11-06T10:12:39.646033900Z,1.0,0.02,0.01,0.04,9.0,64.69,4204885.985898,314972720709736,0.1310928434895566,1176904771.5524027,0,175
12737960,7.23302752293578,0.6666,0.13,0.07,0.2,0.6666,4360000,cosmosvaloper1hjct6q7npsspsg3dgvzk3sdf89spmlpfdn6m9d,9.0,0tRY+SCey4yiqrHZngZhG4Eqh5c=,2022-11-06T10:12:45.851678042Z,1.0,0.02,0.01,0.04,9.0,64.69,4204885.985898,314972730180073,0.1310928513605855,1176921127.026396,3281,175
12737961,7.23302752293578,0.6666,0.13,0.07,0.2,0.6666,4360000,cosmosvaloper1hjct6q7npsspsg3dgvzk3sdf89spmlpfdn6m9d,9.0,MZIPm8Ojm2aHbMfW1eWJ4QOTvw4=,2022-11-06T10:12:52.313847416Z,1.0,0.02,0.01,0.04,9.0,64.69,4204885.985898,314972739650411,0.1310928592316209,1176937488.168474,3217,175
12737962,7.23302752293578,0.6666,0.13,0.07,0.2,0.6666,4360000,cosmosvaloper1hjct6q7npsspsg3dgvzk3sdf89spmlpfdn6m9d,9.0,7VCeeAl+EwapH+3o6Ft10Gvd9uM=,2022-11-06T10:12:58.619913681Z,1.0,0.02,0.01,0.04,9.0,64.69,4204885.985898,314972749120750,0.1310928671026631,1176953849.2017496,16381,175
12737963,7.23302752293578,0.6666,0.13,0.07,0.2,0.6666,4360000,cosmosvaloper1hjct6q7npsspsg3dgvzk3sdf89spmlpfdn6m9d,9.0,9Zc0qJanaJQ2vDQiJE/YYq4YnFw=,2022-11-06T10:13:04.989491303Z,1.0,0.02,0.01,0.04,9.0,64.69,4204885.985898,314972758591090,0.1310928749737119,1176970232.9712632,0,175
12737964,7.23302752293578,0.6666,0.13,0.07,0.2,0.6666,4360000,cosmosvaloper1hjct6q7npsspsg3dgvzk3sdf89spmlpfdn6m9d,9.0,CZ4rCVgzMa/eNeX6lmc9LKfeoxY=,2022-11-06T10:13:11.770440019Z,1.0,0.02,0.01,0.04,9.0,64.69,4204885.985898,314972768061431,0.1310928828447674,1176986588.4521646,13646,175
12737965,7.23302752293578,0.6666,0.13,0.07,0.2,0.6666,4360000,cosmosvaloper1hjct6q7npsspsg3dgvzk3sdf89spmlpfdn6m9d,9.0,Wlnch0b9cn/d1cv1y7kMb2Fsz5s=,2022-11-06T10:13:18.148158374Z,1.0,0.02,0.01,0.04,9.0,64.69,4204885.985898,314972777531772,0.1310928907158281,1177002967.5017283,2143,175
12737966,7.23302752293578,0.6666,0.13,0.07,0.2,0.6666,4360000,cosmosvaloper1hjct6q7npsspsg3dgvzk3sdf89spmlpfdn6m9d,9.0,sRZ9BDfbnfDVM+4qzeSBBxOb3S4=,2022-11-06T10:13:24.496315972Z,1.0,0.02,0.01,0.04,9.0,64.69,4204885.985898,314972787002114,0.1310928985868956,1177019326.685364,7255,175
12737967,7.23302752293578,0.6666,0.13,0.07,0.2,0.6666,4360000,cosmosvaloper1hjct6q7npsspsg3dgvzk3sdf89spmlpfdn6m9d,9.0,1o7sDS6CSPHsZM21he22HspDK9g=,2022-11-06T10:13:30.770258297Z,1.0,0.02,0.01,0.04,9.0,64.69,4204885.985898,314972796472457,0.1310929064579697,1177035694.6991804,10822,175
12737968,7.23302752293578,0.6666,0.13,0.07,0.2,0.6666,4360000,cosmosvaloper1hjct6q7npsspsg3dgvzk3sdf89spmlpfdn6m9d,9.0,TrEoJnX3JLWQJvIXPCPw3Jk28Rg=,2022-11-06T10:13:37.371957713Z,1.0,0.02,0.01,0.04,9.0,64.69,4204885.985898,314972805942801,0.1310929143290504,1177052068.8750093,13703,175
12737969,7.23302752293578,0.6666,0.13,0.07,0.2,0.6666,4360000,cosmosvaloper1hjct6q7npsspsg3dgvzk3sdf89spmlpfdn6m9d,9.0,HO0wcz0WJciatphndgbQ43s2dqk=,2022-11-06T10:13:43.533442537Z,1.0,0.02,0.01,0.04,9.0,64.69,4204885.985898,314972815413146,0.1310929222001378,1177068448.028114,0,175
12737970,7.23302752293578,0.6666,0.13,0.07,0.2,0.6666,4360000,cosmosvaloper1hjct6q7npsspsg3dgvzk3sdf89spmlpfdn6m9d,9.0,g/R9d0ew9jOmug30m33PYfkKobA=,2022-11-06T10:13:50.010653650Z,1.0,0.02,0.01,0.04,9.0,64.69,4204885.985898,314972824883492,0.1310929300712319,1177084803.5175705,24981,175
12737971,7.23302752293578,0.6666,0.13,0.07,0.2,0.6666,4360000,cosmosvaloper1hjct6q7npsspsg3dgvzk3sdf89spmlpfdn6m9d,9.0,g/R9d0ew9jOmug30m33PYfkKobA=,2022-11-06T10:14:01.427657061Z,1.0,0.02,0.01,0.04,9.0,64.69,4204885.985898,314972834353839,0.131092937942327,1177101202.1514778,6987,175
12737972,7.23302752293578,0.6666,0.13,0.07,0.2,0.6666,4360000,cosmosvaloper1hjct6q7npsspsg3dgvzk3sdf89spmlpfdn6m9d,9.0,ppNdh3uXdsRblu6uUmlZo7mlqxo=,2022-11-06T10:14:08.128644064Z,1.0,0.02,0.01,0.04,9.0,64.69,4204885.985898,314972843824186,0.1310929458134286,1177117569.7110872,15220,175
12737973,7.23302752293578,0.6666,0.13,0.07,0.2,0.6666,4360000,cosmosvaloper1hjct6q7npsspsg3dgvzk3sdf89spmlpfdn6m9d,9.0,leBg0HcTBw/pgi9sUL12vMv58Xo=,2022-11-06T10:14:14.791898283Z,1.0,0.02,0.01,0.04,9.0,64.69,4204885.985898,314972853294534,0.1310929536845608,1177133951.488863,3168,175
12737974,7.23302752293578,0.6666,0.13,0.07,0.2,0.6666,4360000,cosmosvaloper1hjct6q7npsspsg3dgvzk3sdf89spmlpfdn6m9d,9.0,OZZxwv5LJxTsbofU7kVO8V8zqio=,2022-11-06T10:14:21.830413125Z,1.0,0.02,0.01,0.04,9.0,64.69,4204885.985898,314972862764883,0.1310929615556996,1177150312.454223,5265,175
12737976,7.23302752293578,0.6666,0.13,0.07,0.2,0.6666,4360000,cosmosvaloper1hjct6q7npsspsg3dgvzk3sdf89spmlpfdn6m9d,9.0,2mqqqVnJ74ij6zex8QfLJmfruqs=,2022-11-06T10:14:34.980244654Z,1.0,0.02,0.01,0.04,9.0,64.69,4204885.985898,314972881705584,0.1310929772979972,1177183112.1020565,0,175
12737977,7.23302752293578,0.6666,0.13,0.07,0.2,0.6666,4360000,cosmosvaloper1hjct6q7npsspsg3dgvzk3sdf89spmlpfdn6m9d,9.0,rC1WBXzYR2Xm++MYl5CT6ORKoY8=,2022-11-06T10:14:37.364396445Z,1.0,0.02,0.01,0.04,9.0,64.69,4204885.985898,314972891175936,0.131092985169156,1177199467.6031587,23237,175
12737978,7.23302752293578,0.6666,0.13,0.07,0.2,0.6666,4360000,cosmosvaloper1hjct6q7npsspsg3dgvzk3sdf89spmlpfdn6m9d,9.0,zIf1a1hiGBHitaR/OMYWbilc424=,2022-11-06T10:14:43.610776806Z,1.0,0.02,0.01,0.04,9.0,64.69,4204885.985898,314972900646288,0.1310929930403183,1177215863.2367902,0,175
12737979,7.23302752293578,0.6666,0.13,0.07,0.2,0.6666,4360000,cosmosvaloper1hjct6q7npsspsg3dgvzk3sdf89spmlpfdn6m9d,9.0,1o7sDS6CSPHsZM21he22HspDK9g=,2022-11-06T10:14:49.988696211Z,1.0,0.02,0.01,0.04,9.0,64.69,4204885.985898,314972910116641,0.1310930009114873,1177232218.7396195,21170,175
12737980,7.23302752293578,0.6666,0.13,0.07,0.2,0.6666,4360000,cosmosvaloper1hjct6q7npsspsg3dgvzk3sdf89spmlpfdn6m9d,9.0,bXAfpZUyaI3xa6+VIRN+jBTLsxY=,2022-11-06T10:14:56.394859574Z,1.0,0.02,0.01,0.04,9.0,64.69,4204885.985898,314972919586995,0.1310930087826125,1177248610.804983,5095,175
12737982,7.23302752293578,0.6666,0.13,0.07,0.2,0.6666,4360000,cosmosvaloper1hjct6q7npsspsg3dgvzk3sdf89spmlpfdn6m9d,9.0,Z5uJeFlzvpTU/fi2b4SpKZMukcU=,2022-11-06T10:15:09.591439412Z,1.0,0.02,0.01,0.04,9.0,64.69,4204885.985898,314972938527706,0.1310930245248825,1177281360.2896042,0,175
12737983,7.23302752293578,0.6666,0.13,0.07,0.2,0.6666,4360000,cosmosvaloper1hjct6q7npsspsg3dgvzk3sdf89spmlpfdn6m9d,9.0,UdslZiBO4mZCfqimy3GYNasXC+k=,2022-11-06T10:15:15.864127874Z,1.0,0.02,0.01,0.04,9.0,64.69,4204885.985898,314972947998063,0.1310930323960272,1177297744.1771955,0,175
12737984,7.23302752293578,0.6666,0.13,0.07,0.2,0.6666,4360000,cosmosvaloper1hjct6q7npsspsg3dgvzk3sdf89spmlpfdn6m9d,9.0,Fw/v1tf0ppqucKJEFfxOLJKN4uU=,2022-11-06T10:15:22.162443694Z,1.0,0.02,0.01,0.04,9.0,64.69,4204885.985898,314972957468421,0.1310930402671759,1177314115.8961957,0,175
12737985,7.23302752293578,0.6666,0.13,0.07,0.2,0.6666,4360000,cosmosvaloper1hjct6q7npsspsg3dgvzk3sdf89spmlpfdn6m9d,9.0,aPJweVkNysw6wcSJKhoAjzSPWW8=,2022-11-06T10:15:28.492796526Z,1.0,0.02,0.01,0.04,9.0,64.69,4204885.985898,314972966938779,0.1310930481383297,1177330490.7082903,0,175
12737981,7.23302752293578,0.6666,0.13,0.07,0.2,0.6666,4360000,cosmosvaloper1hjct6q7npsspsg3dgvzk3sdf89spmlpfdn6m9d,9.0,0tRY+SCey4yiqrHZngZhG4Eqh5c=,2022-11-06T10:15:03.106481917Z,1.0,0.02,0.01,0.04,9.0,64.69,4204885.985898,314972929057350,0.1310930166537442,1177264975.110201,17183,175
12737987,7.23302752293578,0.6666,0.13,0.07,0.2,0.6666,4360000,cosmosvaloper1hjct6q7npsspsg3dgvzk3sdf89spmlpfdn6m9d,9.0,g/R9d0ew9jOmug30m33PYfkKobA=,2022-11-06T10:15:41.524157276Z,1.0,0.02,0.01,0.04,9.0,64.69,4204885.985898,314972985879498,0.1310930638806573,1177363248.3938134,0,175
12737988,7.23302752293578,0.6666,0.13,0.07,0.2,0.6666,4360000,cosmosvaloper1hjct6q7npsspsg3dgvzk3sdf89spmlpfdn6m9d,9.0,0UpULodWw6lC2f2Ic9wumneYoX8=,2022-11-06T10:15:48.188165542Z,1.0,0.02,0.01,0.04,9.0,64.69,4204885.985898,314972995349859,0.1310930717518267,1177379632.175815,10145,175
12737989,7.23302752293578,0.6666,0.13,0.07,0.2,0.6666,4360000,cosmosvaloper1hjct6q7npsspsg3dgvzk3sdf89spmlpfdn6m9d,9.0,0UpULodWw6lC2f2Ic9wumneYoX8=,2022-11-06T10:15:59.509203176Z,1.0,0.02,0.01,0.04,9.0,64.69,4204885.985898,314973004820221,0.1310930796230027,1177396005.2105644,0,175
12737990,7.23302752293578,0.6666,0.13,0.07,0.2,0.6666,4360000,cosmosvaloper1hjct6q7npsspsg3dgvzk3sdf89spmlpfdn6m9d,9.0,6Dv8Q20s6NzJ7AWJsuW3NeN/uFw=,2022-11-06T10:16:06.051797018Z,1.0,0.02,0.01,0.04,9.0,64.69,4204885.985898,314973014290584,0.1310930874941854,1177412360.7260897,16192,175
12737991,7.23302752293578,0.6666,0.13,0.07,0.2,0.6666,4360000,cosmosvaloper1hjct6q7npsspsg3dgvzk3sdf89spmlpfdn6m9d,9.0,7VCeeAl+EwapH+3o6Ft10Gvd9uM=,2022-11-06T10:16:12.261952507Z,1.0,0.02,0.01,0.04,9.0,64.69,4204885.985898,314973023760948,0.1310930953653747,1177428744.207268,5239,175
12737992,7.23302752293578,0.6666,0.13,0.07,0.2,0.6666,4360000,cosmosvaloper1hjct6q7npsspsg3dgvzk3sdf89spmlpfdn6m9d,9.0,9Zc0qJanaJQ2vDQiJE/YYq4YnFw=,2022-11-06T10:16:18.668355552Z,1.0,0.02,0.01,0.04,9.0,64.69,4204885.985898,314973033231312,0.1310931032365701,1177445108.7741113,5906,175
12737993,7.23302752293578,0.6666,0.13,0.07,0.2,0.6666,4360000,cosmosvaloper1hjct6q7npsspsg3dgvzk3sdf89spmlpfdn6m9d,9.0,1o7sDS6CSPHsZM21he22HspDK9g=,2022-11-06T10:16:25.349771660Z,1.0,0.02,0.01,0.04,9.0,64.69,4204885.985898,314973042701677,0.1310931111077721,1177461474.4928772,8314,175
12737994,7.23302752293578,0.6666,0.13,0.07,0.2,0.6666,4360000,cosmosvaloper1hjct6q7npsspsg3dgvzk3sdf89spmlpfdn6m9d,9.0,C0LkfxVOJNEBhLsS4yNHqsYca4A=,2022-11-06T10:16:31.834604818Z,1.0,0.02,0.01,0.04,9.0,64.69,4204885.985898,314973052172043,0.1310931189789774,1177477844.3719568,16703,175
12737995,7.23302752293578,0.6666,0.13,0.07,0.2,0.6666,4360000,cosmosvaloper1hjct6q7npsspsg3dgvzk3sdf89spmlpfdn6m9d,9.0,rC1WBXzYR2Xm++MYl5CT6ORKoY8=,2022-11-06T10:16:38.165010009Z,1.0,0.02,0.01,0.04,9.0,64.69,4204885.985898,314973061642410,0.131093126850189,1177494228.740744,8396,175
12737996,7.23302752293578,0.6666,0.13,0.07,0.2,0.6666,4360000,cosmosvaloper1hjct6q7npsspsg3dgvzk3sdf89spmlpfdn6m9d,9.0,sBVSUtc7fut00qjMgUOX5mlwqDk=,2022-11-06T10:16:44.417397607Z,1.0,0.02,0.01,0.04,9.0,64.69,4204885.985898,314973071112778,0.1310931347214074,1177510598.7646525,10599,175
12737997,7.23302752293578,0.6666,0.13,0.07,0.2,0.6666,4360000,cosmosvaloper1hjct6q7npsspsg3dgvzk3sdf89spmlpfdn6m9d,9.0,sRZ9BDfbnfDVM+4qzeSBBxOb3S4=,2022-11-06T10:16:50.975094842Z,1.0,0.02,0.01,0.04,9.0,64.69,4204885.985898,314973080583147,0.1310931425926318,1177526972.5949156,6835,175
12737998,7.23302752293578,0.6666,0.13,0.07,0.2,0.6666,4360000,cosmosvaloper1hjct6q7npsspsg3dgvzk3sdf89spmlpfdn6m9d,9.0,u3a8YyLHUzp8zTrxwInHs5cfsBI=,2022-11-06T10:16:57.328263283Z,1.0,0.02,0.01,0.04,9.0,64.69,4204885.985898,314973090053517,0.1310931504638628,1177543339.926398,41739,175
12737999,7.23302752293578,0.6666,0.13,0.07,0.2,0.6666,4360000,cosmosvaloper1hjct6q7npsspsg3dgvzk3sdf89spmlpfdn6m9d,9.0,HO0wcz0WJciatphndgbQ43s2dqk=,2022-11-06T10:17:03.667039331Z,1.0,0.02,0.01,0.04,9.0,64.69,4204885.985898,314973099523887,0.1310931583351004,1177559767.5394723,2000,175
12738000,7.23302752293578,0.6666,0.13,0.07,0.2,0.6666,4360000,cosmosvaloper1hjct6q7npsspsg3dgvzk3sdf89spmlpfdn6m9d,9.0,tMwD8qyiLEPeHtOFoQS6hrdGJ5I=,2022-11-06T10:17:09.958435952Z,1.0,0.02,0.01,0.04,9.0,64.69,4204885.985898,314973108994258,0.1310931662063447,1177576126.5224545,6929,175
12738001,7.23302752293578,0.6666,0.13,0.07,0.2,0.6666,4360000,cosmosvaloper1hjct6q7npsspsg3dgvzk3sdf89spmlpfdn6m9d,9.0,0tRY+SCey4yiqrHZngZhG4Eqh5c=,2022-11-06T10:17:16.234017985Z,1.0,0.02,0.01,0.04,9.0,64.69,4204885.985898,314973118464630,0.1310931740775955,1177592494.0195704,11343,175
12738002,7.23302752293578,0.6666,0.13,0.07,0.2,0.6666,4360000,cosmosvaloper1hjct6q7npsspsg3dgvzk3sdf89spmlpfdn6m9d,9.0,2fikG3gqpqZq3IH5U5I8fc57YAE=,2022-11-06T10:17:22.765269633Z,1.0,0.02,0.01,0.04,9.0,64.69,4204885.985898,314973127935003,0.1310931819488528,1177608869.772227,5648,175
12738003,7.23302752293578,0.6666,0.13,0.07,0.2,0.6666,4360000,cosmosvaloper1hjct6q7npsspsg3dgvzk3sdf89spmlpfdn6m9d,9.0,bXAfpZUyaI3xa6+VIRN+jBTLsxY=,2022-11-06T10:17:29.255738967Z,1.0,0.02,0.01,0.04,9.0,64.69,4204885.985898,314973137405377,0.131093189820119,1177667877.154983,0,175
12738004,7.23302752293578,0.6666,0.13,0.07,0.2,0.6666,4360000,cosmosvaloper1hjct6q7npsspsg3dgvzk3sdf89spmlpfdn6m9d,9.0,g/R9d0ew9jOmug30m33PYfkKobA=,2022-11-06T10:17:35.958466047Z,1.0,0.02,0.01,0.04,9.0,64.69,4204885.985898,314973146875752,0.1310931976913918,1177684232.6907508,6123,175
12738005,7.23302752293578,0.6666,0.13,0.07,0.2,0.6666,4360000,cosmosvaloper1hjct6q7npsspsg3dgvzk3sdf89spmlpfdn6m9d,9.0,1o7sDS6CSPHsZM21he22HspDK9g=,2022-11-06T10:17:42.734737440Z,1.0,0.02,0.01,0.04,9.0,64.69,4204885.985898,314973156346128,0.1310932055626713,1177700598.8029563,18451,175
12738006,7.23302752293578,0.6666,0.13,0.07,0.2,0.6666,4360000,cosmosvaloper1hjct6q7npsspsg3dgvzk3sdf89spmlpfdn6m9d,9.0,USBWWacX3/uW4FT4vREIcw4Xrqc=,2022-11-06T10:17:49.190975487Z,1.0,0.02,0.01,0.04,9.0,64.69,4204885.985898,314973165816504,0.1310932134339462,1177716986.2076056,5075,175
12738007,7.23302752293578,0.6666,0.13,0.07,0.2,0.6666,4360000,cosmosvaloper1hjct6q7npsspsg3dgvzk3sdf89spmlpfdn6m9d,9.0,lxOBjaVAsq1AzTqCGGXxyiiKG6o=,2022-11-06T10:17:55.630449305Z,1.0,0.02,0.01,0.04,9.0,64.69,4204885.985898,314973175286881,0.1310932213052262,1177733350.51162,23282,175
12738008,7.23302752293578,0.6666,0.13,0.07,0.2,0.6666,4360000,cosmosvaloper1hjct6q7npsspsg3dgvzk3sdf89spmlpfdn6m9d,9.0,lxOBjaVAsq1AzTqCGGXxyiiKG6o=,2022-11-06T10:18:07.087642041Z,1.0,0.02,0.01,0.04,9.0,64.69,4204885.985898,314973184757259,0.1310932291765129,1177749746.2604306,5314,175
12738009,7.23302752293578,0.6666,0.13,0.07,0.2,0.6666,4360000,cosmosvaloper1hjct6q7npsspsg3dgvzk3sdf89spmlpfdn6m9d,9.0,/fVplFT5OihhW6dnfFblYvn/aPo=,2022-11-06T10:18:13.545978327Z,1.0,0.02,0.01,0.04,9.0,64.69,4204885.985898,314973194227638,0.1310932370478063,1177766110.9796937,7779,175
12738010,7.23302752293578,0.6666,0.13,0.07,0.2,0.6666,4360000,cosmosvaloper1hjct6q7npsspsg3dgvzk3sdf89spmlpfdn6m9d,9.0,rkVqhaXG1G+jUMPsLcsA1mE1niA=,2022-11-06T10:18:19.964025688Z,1.0,0.02,0.01,0.04,9.0,64.69,4204885.985898,314973203698018,0.1310932449191063,1177782479.9577904,24249,175
12738011,7.23302752293578,0.6666,0.13,0.07,0.2,0.6666,4360000,cosmosvaloper1hjct6q7npsspsg3dgvzk3sdf89spmlpfdn6m9d,9.0,rC1WBXzYR2Xm++MYl5CT6ORKoY8=,2022-11-06T10:18:26.288853074Z,1.0,0.02,0.01,0.04,9.0,64.69,4204885.985898,314973213168399,0.1310932527904129,1177798877.3816504,2100,175
12738012,7.23302752293578,0.6666,0.13,0.07,0.2,0.6666,4360000,cosmosvaloper1hjct6q7npsspsg3dgvzk3sdf89spmlpfdn6m9d,9.0,Z5uJeFlzvpTU/fi2b4SpKZMukcU=,2022-11-06T10:18:32.515358403Z,1.0,0.02,0.01,0.04,9.0,64.69,4204885.985898,314973222638781,0.1310932606617263,1177815236.5554492,5677,175
12738013,7.23302752293578,0.6666,0.13,0.07,0.2,0.6666,4360000,cosmosvaloper1hjct6q7npsspsg3dgvzk3sdf89spmlpfdn6m9d,9.0,CZ4rCVgzMa/eNeX6lmc9LKfeoxY=,2022-11-06T10:18:38.829942610Z,1.0,0.02,0.01,0.04,9.0,64.69,4204885.985898,314973232109163,0.1310932685330463,1177831601.9085288,7400,175
12738014,7.23302752293578,0.6666,0.13,0.07,0.2,0.6666,4360000,cosmosvaloper1hjct6q7npsspsg3dgvzk3sdf89spmlpfdn6m9d,9.0,aPJweVkNysw6wcSJKhoAjzSPWW8=,2022-11-06T10:18:45.197420549Z,1.0,0.02,0.01,0.04,9.0,64.69,4204885.985898,314973251049930,0.1310932842757062,1177864338.4813786,7350,175
12738015,7.23302752293578,0.6666,0.13,0.07,0.2,0.6666,4360000,cosmosvaloper1hjct6q7npsspsg3dgvzk3sdf89spmlpfdn6m9d,9.0,MZIPm8Ojm2aHbMfW1eWJ4QOTvw4=,2022-11-06T10:18:51.827402070Z,1.0,0.02,0.01,0.04,9.0,64.69,4204885.985898,314973260520315,0.1310932921470462,1177880748.8021877,9129,175
12738016,7.23302752293578,0.6666,0.13,0.07,0.2,0.6666,4360000,cosmosvaloper1hjct6q7npsspsg3dgvzk3sdf89spmlpfdn6m9d,9.0,4xUzuCrGeqF4i3C9fphb744SUqE=,2022-11-06T10:18:58.173288491Z,1.0,0.02,0.01,0.04,9.0,64.69,4204885.985898,314973260520315,0.1310932921470462,1177880748.8021877,7622,175
12738017,7.23302752293578,0.6666,0.13,0.07,0.2,0.6666,4360000,cosmosvaloper1hjct6q7npsspsg3dgvzk3sdf89spmlpfdn6m9d,9.0,dc9xLAuLu+F5+zweZHeXEQxW3Ig=,2022-11-06T10:19:00.503587758Z,1.0,0.02,0.01,0.04,9.0,64.69,4204885.985898,314973269990701,0.131093300018383,1177897117.5195043,8548,175
12738018,7.23302752293578,0.6666,0.13,0.07,0.2,0.6666,4360000,cosmosvaloper1hjct6q7npsspsg3dgvzk3sdf89spmlpfdn6m9d,9.0,1o7sDS6CSPHsZM21he22HspDK9g=,2022-11-06T10:19:06.961785473Z,1.0,0.02,0.01,0.04,9.0,64.69,4204885.985898,314973279461088,0.1310933078897266,1177913487.8377695,1876,175
12738019,7.23302752293578,0.6666,0.13,0.07,0.2,0.6666,4360000,cosmosvaloper1hjct6q7npsspsg3dgvzk3sdf89spmlpfdn6m9d,9.0,7VCeeAl+EwapH+3o6Ft10Gvd9uM=,2022-11-06T10:19:13.350182572Z,1.0,0.02,0.01,0.04,9.0,64.69,4204885.985898,314973288931475,0.1310933157610767,1177929846.6343548,23273,175
12738020,7.23302752293578,0.6666,0.13,0.07,0.2,0.6666,4360000,cosmosvaloper1hjct6q7npsspsg3dgvzk3sdf89spmlpfdn6m9d,9.0,7VCeeAl+EwapH+3o6Ft10Gvd9uM=,2022-11-06T10:19:24.466554014Z,1.0,0.02,0.01,0.04,9.0,64.69,4204885.985898,314973298401863,0.1310933236324325,1177946242.3840077,9494,175
12738021,7.23302752293578,0.6666,0.13,0.07,0.2,0.6666,4360000,cosmosvaloper1hjct6q7npsspsg3dgvzk3sdf89spmlpfdn6m9d,9.0,g/R9d0ew9jOmug30m33PYfkKobA=,2022-11-06T10:19:30.856911797Z,1.0,0.02,0.01,0.04,9.0,64.69,4204885.985898,314973307872252,0.1310933315037949,1177962614.3387656,19224,175
12738022,7.23302752293578,0.6666,0.13,0.07,0.2,0.6666,4360000,cosmosvaloper1hjct6q7npsspsg3dgvzk3sdf89spmlpfdn6m9d,9.0,0tRY+SCey4yiqrHZngZhG4Eqh5c=,2022-11-06T10:19:37.533580041Z,1.0,0.02,0.01,0.04,9.0,64.69,4204885.985898,314973317342642,0.1310933393751586,1177979003.099084,9489,175
12738023,7.23302752293578,0.6666,0.13,0.07,0.2,0.6666,4360000,cosmosvaloper1hjct6q7npsspsg3dgvzk3sdf89spmlpfdn6m9d,9.0,9Zc0qJanaJQ2vDQiJE/YYq4YnFw=,2022-11-06T10:19:43.976567357Z,1.0,0.02,0.01,0.04,9.0,64.69,4204885.985898,314973326813033,0.131093347246529,1177995375.0485806,0,175
12738024,7.23302752293578,0.6666,0.13,0.07,0.2,0.6666,4360000,cosmosvaloper1hjct6q7npsspsg3dgvzk3sdf89spmlpfdn6m9d,9.0,ZxRgkwzNybBsXQVeTVUOuNryKR4=,2022-11-06T10:19:50.804696534Z,1.0,0.02,0.01,0.04,9.0,64.69,4204885.985898,314973336283425,0.1310933551179061,1178011730.6117013,0,175
12738025,7.23302752293578,0.6666,0.13,0.07,0.2,0.6666,4360000,cosmosvaloper1hjct6q7npsspsg3dgvzk3sdf89spmlpfdn6m9d,9.0,bXAfpZUyaI3xa6+VIRN+jBTLsxY=,2022-11-06T10:19:57.604972614Z,1.0,0.02,0.01,0.04,9.0,64.69,4204885.985898,314973345753818,0.1310933629892898,1178028105.251495,0,175
12738026,7.23302752293578,0.6666,0.13,0.07,0.2,0.6666,4360000,cosmosvaloper1hjct6q7npsspsg3dgvzk3sdf89spmlpfdn6m9d,9.0,ddqzFvTKE2f1MqtxqAt/plq2kDk=,2022-11-06T10:20:04.360318524Z,1.0,0.02,0.01,0.04,9.0,64.69,4204885.985898,314973355224211,0.1310933708606802,1178044460.8180697,6160,175
12738027,7.23302752293578,0.6666,0.13,0.07,0.2,0.6666,4360000,cosmosvaloper1hjct6q7npsspsg3dgvzk3sdf89spmlpfdn6m9d,9.0,ddqzFvTKE2f1MqtxqAt/plq2kDk=,2022-11-06T10:20:15.790768728Z,1.0,0.02,0.01,0.04,9.0,64.69,4204885.985898,314973364694605,0.1310933787320772,1178060827.023093,0,175
12738028,7.23302752293578,0.6666,0.13,0.07,0.2,0.6666,4360000,cosmosvaloper1hjct6q7npsspsg3dgvzk3sdf89spmlpfdn6m9d,9.0,sRZ9BDfbnfDVM+4qzeSBBxOb3S4=,2022-11-06T10:20:22.480039749Z,1.0,0.02,0.01,0.04,9.0,64.69,4204885.985898,314973374165000,0.1310933866034809,1178077182.591395,20314,175
12738029,7.23302752293578,0.6666,0.13,0.07,0.2,0.6666,4360000,cosmosvaloper1hjct6q7npsspsg3dgvzk3sdf89spmlpfdn6m9d,9.0,HO0wcz0WJciatphndgbQ43s2dqk=,2022-11-06T10:20:28.780328366Z,1.0,0.02,0.01,0.04,9.0,64.69,4204885.985898,314973383635396,0.1310933944748897,1178093573.244126,0,175
12738030,7.23302752293578,0.6666,0.13,0.07,0.2,0.6666,4360000,cosmosvaloper1hjct6q7npsspsg3dgvzk3sdf89spmlpfdn6m9d,9.0,rC1WBXzYR2Xm++MYl5CT6ORKoY8=,2022-11-06T10:20:35.246616128Z,1.0,0.02,0.01,0.04,9.0,64.69,4204885.985898,314973393105793,0.1310934023463052,1178109928.815882,3120,175
12738031,7.23302752293578,0.6666,0.13,0.07,0.2,0.6666,4360000,cosmosvaloper1hjct6q7npsspsg3dgvzk3sdf89spmlpfdn6m9d,9.0,1o7sDS6CSPHsZM21he22HspDK9g=,2022-11-06T10:20:41.520429083Z,1.0,0.02,0.01,0.04,9.0,64.69,4204885.985898,314973412046590,0.1310934180891556,1178142694.2767632,6835,175
12738032,7.23302752293578,0.6666,0.13,0.07,0.2,0.6666,4360000,cosmosvaloper1hjct6q7npsspsg3dgvzk3sdf89spmlpfdn6m9d,9.0,2mqqqVnJ74ij6zex8QfLJmfruqs=,2022-11-06T10:20:47.974427643Z,1.0,0.02,0.01,0.04,9.0,64.69,4204885.985898,314973412046590,0.1310934180891556,1178142694.2767632,1870,175
12738033,7.23302752293578,0.6666,0.13,0.07,0.2,0.6666,4360000,cosmosvaloper1hjct6q7npsspsg3dgvzk3sdf89spmlpfdn6m9d,9.0,AZucopRNPMNsfHMoPvPVjlbIpdQ=,2022-11-06T10:20:50.256821478Z,1.0,0.02,0.01,0.04,9.0,64.69,4204885.985898,314973421516989,0.1310934259605905,1178159053.7244768,1386,175
12738034,7.23302752293578,0.6666,0.13,0.07,0.2,0.6666,4360000,cosmosvaloper1hjct6q7npsspsg3dgvzk3sdf89spmlpfdn6m9d,9.0,3qELGQGaE7F9GrnK4XMhza47BIc=,2022-11-06T10:20:56.838323210Z,1.0,0.02,0.01,0.04,9.0,64.69,4204885.985898,314973430987389,0.1310934338320321,1178175411.694904,1845,175
12738035,7.23302752293578,0.6666,0.13,0.07,0.2,0.6666,4360000,cosmosvaloper1hjct6q7npsspsg3dgvzk3sdf89spmlpfdn6m9d,9.0,TrEoJnX3JLWQJvIXPCPw3Jk28Rg=,2022-11-06T10:21:03.328794439Z,1.0,0.02,0.01,0.04,9.0,64.69,4204885.985898,314973440457790,0.1310934417034804,1178191770.459761,14585,175
12738036,7.23302752293578,0.6666,0.13,0.07,0.2,0.6666,4360000,cosmosvaloper1hjct6q7npsspsg3dgvzk3sdf89spmlpfdn6m9d,9.0,gZZf6KFfqAeMkgLzLkz6cvhfKiI=,2022-11-06T10:21:09.551972729Z,1.0,0.02,0.01,0.04,9.0,64.69,4204885.985898,314973449928192,0.1310934495749328,1178208151.2285907,1300,175
12738037,7.23302752293578,0.6666,0.13,0.07,0.2,0.6666,4360000,cosmosvaloper1hjct6q7npsspsg3dgvzk3sdf89spmlpfdn6m9d,9.0,YORRkTA0ENMo09DiUvXrxEViZEo=,2022-11-06T10:21:15.876611942Z,1.0,0.02,0.01,0.04,9.0,64.69,4204885.985898,314973459398595,0.1310934574463918,1178224509.0556755,7376,175
12738038,7.23302752293578,0.6666,0.13,0.07,0.2,0.6666,4360000,cosmosvaloper1hjct6q7npsspsg3dgvzk3sdf89spmlpfdn6m9d,9.0,g/R9d0ew9jOmug30m33PYfkKobA=,2022-11-06T10:21:22.448696532Z,1.0,0.02,0.01,0.04,9.0,64.69,4204885.985898,314973468868999,0.1310934653178575,1178240877.377705,1237,175
12738039,7.23302752293578,0.6666,0.13,0.07,0.2,0.6666,4360000,cosmosvaloper1hjct6q7npsspsg3dgvzk3sdf89spmlpfdn6m9d,9.0,ISI0dc6G88fNXphaqI/CSinJeBM=,2022-11-06T10:21:29.167688110Z,1.0,0.02,0.01,0.04,9.0,64.69,4204885.985898,314973478339404,0.1310934731893299,1178257235.099281,0,175
12738040,7.23302752293578,0.6666,0.13,0.07,0.2,0.6666,4360000,cosmosvaloper1hjct6q7npsspsg3dgvzk3sdf89spmlpfdn6m9d,9.0,Wlnch0b9cn/d1cv1y7kMb2Fsz5s=,2022-11-06T10:21:35.553517614Z,1.0,0.02,0.01,0.04,9.0,64.69,4204885.985898,314973487809809,0.1310934810608089,1178273590.6862588,18293,175
12738041,7.23302752293578,0.6666,0.13,0.07,0.2,0.6666,4360000,cosmosvaloper1hjct6q7npsspsg3dgvzk3sdf89spmlpfdn6m9d,9.0,4KEmUlnOnHj3ayEZaATxspRtsmo=,2022-11-06T10:21:41.938158569Z,1.0,0.02,0.01,0.04,9.0,64.69,4204885.985898,314973497280215,0.1310934889322945,1178289977.8656297,14597,175
12738042,7.23302752293578,0.6666,0.13,0.07,0.2,0.6666,4360000,cosmosvaloper1hjct6q7npsspsg3dgvzk3sdf89spmlpfdn6m9d,9.0,nBfJT3MTu01uBkKHvu3l04iOiFU=,2022-11-06T10:21:48.441552459Z,1.0,0.02,0.01,0.04,9.0,64.69,4204885.985898,314973506750622,0.1310934968037867,1178306358.663658,7800,175
12738043,7.23302752293578,0.6666,0.13,0.07,0.2,0.6666,4360000,cosmosvaloper1hjct6q7npsspsg3dgvzk3sdf89spmlpfdn6m9d,9.0,0tRY+SCey4yiqrHZngZhG4Eqh5c=,2022-11-06T10:21:55.154226500Z,1.0,0.02,0.01,0.04,9.0,64.69,4204885.985898,314973525691439,0.1310935046752855,1178322727.7248528,7554,175
12738044,7.23302752293578,0.6666,0.13,0.07,0.2,0.6666,4360000,cosmosvaloper1hjct6q7npsspsg3dgvzk3sdf89spmlpfdn6m9d,9.0,1o7sDS6CSPHsZM21he22HspDK9g=,2022-11-06T10:22:01.701986407Z,1.0,0.02,0.01,0.04,9.0,64.69,4204885.985898,314973525691439,0.131093512546791,1178339096.3629272,6374,175
12738045,7.23302752293578,0.6666,0.13,0.07,0.2,0.6666,4360000,cosmosvaloper1hjct6q7npsspsg3dgvzk3sdf89spmlpfdn6m9d,9.0,aPJweVkNysw6wcSJKhoAjzSPWW8=,2022-11-06T10:22:08.112164697Z,1.0,0.02,0.01,0.04,9.0,64.69,4204885.985898,314973535161849,0.1310935204183032,1178355462.9648445,1000,175
12738046,7.23302752293578,0.6666,0.13,0.07,0.2,0.6666,4360000,cosmosvaloper1hjct6q7npsspsg3dgvzk3sdf89spmlpfdn6m9d,9.0,aPJweVkNysw6wcSJKhoAjzSPWW8=,2022-11-06T10:22:19.436235860Z,1.0,0.02,0.01,0.04,9.0,64.69,4204885.985898,314973544632260,0.131093528289822,1178371820.2874784,20950,175
12738047,7.23302752293578,0.6666,0.13,0.07,0.2,0.6666,4360000,cosmosvaloper1hjct6q7npsspsg3dgvzk3sdf89spmlpfdn6m9d,9.0,Z5uJeFlzvpTU/fi2b4SpKZMukcU=,2022-11-06T10:22:26.060341123Z,1.0,0.02,0.01,0.04,9.0,64.69,4204885.985898,314973554102671,0.1310935361613475,1178388212.065905,11844,175
12738048,7.23302752293578,0.6666,0.13,0.07,0.2,0.6666,4360000,cosmosvaloper1hjct6q7npsspsg3dgvzk3sdf89spmlpfdn6m9d,9.0,rC1WBXzYR2Xm++MYl5CT6ORKoY8=,2022-11-06T10:22:32.434838677Z,1.0,0.02,0.01,0.04,9.0,64.69,4204885.985898,314973563573083,0.1310935440328784,1178404588.1180806,0,175
12738049,7.23302752293578,0.6666,0.13,0.07,0.2,0.6666,4360000,cosmosvaloper1hjct6q7npsspsg3dgvzk3sdf89spmlpfdn6m9d,9.0,bXAfpZUyaI3xa6+VIRN+jBTLsxY=,2022-11-06T10:22:38.741039020Z,1.0,0.02,0.01,0.04,9.0,64.69,4204885.985898,314973573043496,0.1310935519044158,1178420943.7171476,13346,175
12738050,7.23302752293578,0.6666,0.13,0.07,0.2,0.6666,4360000,cosmosvaloper1hjct6q7npsspsg3dgvzk3sdf89spmlpfdn6m9d,9.0,JURdDrNT6QUKsR7GGX1dy2EZhts=,2022-11-06T10:22:45.469214930Z,1.0,0.02,0.01,0.04,9.0,64.69,4204885.985898,314973582513910,0.13109355977596,1178437322.366682,0,175
12738051,7.23302752293578,0.6666,0.13,0.07,0.2,0.6666,4360000,cosmosvaloper1hjct6q7npsspsg3dgvzk3sdf89spmlpfdn6m9d,9.0,2fikG3gqpqZq3IH5U5I8fc57YAE=,2022-11-06T10:22:51.805566377Z,1.0,0.02,0.01,0.04,9.0,64.69,4204885.985898,314973591984325,0.1310935676475108,1178453677.969123,23241,175
12738052,7.23302752293578,0.6666,0.13,0.07,0.2,0.6666,4360000,cosmosvaloper1hjct6q7npsspsg3dgvzk3sdf89spmlpfdn6m9d,9.0,7VCeeAl+EwapH+3o6Ft10Gvd9uM=,2022-11-06T10:22:58.334936117Z,1.0,0.02,0.01,0.04,9.0,64.69,4204885.985898,314973601454741,0.1310935755184973,1178512795.1629825,1675,175
12738053,7.23302752293578,0.6666,0.13,0.07,0.2,0.6666,4360000,cosmosvaloper1hjct6q7npsspsg3dgvzk3sdf89spmlpfdn6m9d,9.0,ncQBIJm+dDGJB0uF5JiRrjs/7ps=,2022-11-06T10:23:04.651715114Z,1.0,0.02,0.01,0.04,9.0,64.69,4204885.985898,314973610925157,0.1310935833894905,1178529153.6616373,2912,175
12738054,7.23302752293578,0.6666,0.13,0.07,0.2,0.6666,4360000,cosmosvaloper1hjct6q7npsspsg3dgvzk3sdf89spmlpfdn6m9d,9.0,9Zc0qJanaJQ2vDQiJE/YYq4YnFw=,2022-11-06T10:23:11.199655687Z,1.0,0.02,0.01,0.04,9.0,64.69,4204885.985898,314973620395574,0.1310935912604903,1178545514.2543888,11321,175
12738055,7.23302752293578,0.6666,0.13,0.07,0.2,0.6666,4360000,cosmosvaloper1hjct6q7npsspsg3dgvzk3sdf89spmlpfdn6m9d,9.0,g/R9d0ew9jOmug30m33PYfkKobA=,2022-11-06T10:23:17.957194323Z,1.0,0.02,0.01,0.04,9.0,64.69,4204885.985898,314973629865992,0.1310935991314919,1178561889.371348,15333,175
12738056,7.23302752293578,0.6666,0.13,0.07,0.2,0.6666,4360000,cosmosvaloper1hjct6q7npsspsg3dgvzk3sdf89spmlpfdn6m9d,9.0,UdslZiBO4mZCfqimy3GYNasXC+k=,2022-11-06T10:23:24.577996415Z,1.0,0.02,0.01,0.04,9.0,64.69,4204885.985898,314973639336411,0.1310936070025002,1178578271.418824,0,175
12738057,7.23302752293578,0.6666,0.13,0.07,0.2,0.6666,4360000,cosmosvaloper1hjct6q7npsspsg3dgvzk3sdf89spmlpfdn6m9d,9.0,1o7sDS6CSPHsZM21he22HspDK9g=,2022-11-06T10:23:30.902980530Z,1.0,0.02,0.01,0.04,9.0,64.69,4204885.985898,314973648806831,0.1310936148735151,1178594629.2362523,9372,175
12738058,7.23302752293578,0.6666,0.13,0.07,0.2,0.6666,4360000,cosmosvaloper1hjct6q7npsspsg3dgvzk3sdf89spmlpfdn6m9d,9.0,usM/NA80l3UfEkho8EnsLokwrC8=,2022-11-06T10:23:37.489669484Z,1.0,0.02,0.01,0.04,9.0,64.69,4204885.985898,314973658277252,0.1310936227445367,1178611000.9921167,19594,175
12738059,7.23302752293578,0.6666,0.13,0.07,0.2,0.6666,4360000,cosmosvaloper1hjct6q7npsspsg3dgvzk3sdf89spmlpfdn6m9d,9.0,HO0wcz0WJciatphndgbQ43s2dqk=,2022-11-06T10:23:44.198777979Z,1.0,0.02,0.01,0.04,9.0,64.69,4204885.985898,314973667747674,0.1310936306155649,1178627390.403269,7751,175
12738060,7.23302752293578,0.6666,0.13,0.07,0.2,0.6666,4360000,cosmosvaloper1hjct6q7npsspsg3dgvzk3sdf89spmlpfdn6m9d,9.0,sRZ9BDfbnfDVM+4qzeSBBxOb3S4=,2022-11-06T10:23:50.520736220Z,1.0,0.02,0.01,0.04,9.0,64.69,4204885.985898,314973677218096,0.1310936384865985,1178643759.3630936,15786,175
12738061,7.23302752293578,0.6666,0.13,0.07,0.2,0.6666,4360000,cosmosvaloper1hjct6q7npsspsg3dgvzk3sdf89spmlpfdn6m9d,9.0,pPHVU08/qQWk2mBuihCDSXZRH/c=,2022-11-06T10:23:56.820813833Z,1.0,0.02,0.01,0.04,9.0,64.69,4204885.985898,314973686688519,0.1310936463576387,1178660142.1994948,10745,175
12738062,7.23302752293578,0.6666,0.13,0.07,0.2,0.6666,4360000,cosmosvaloper1hjct6q7npsspsg3dgvzk3sdf89spmlpfdn6m9d,9.0,bzIrr11z1cdycZQZAbHYZkdtXJA=,2022-11-06T10:24:03.330408260Z,1.0,0.02,0.01,0.04,9.0,64.69,4204885.985898,314973696158943,0.1310936542286856,1178676516.3315723,22253,175
12738063,7.23302752293578,0.6666,0.13,0.07,0.2,0.6666,4360000,cosmosvaloper1hjct6q7npsspsg3dgvzk3sdf89spmlpfdn6m9d,9.0,EsKqDeZvo/nWZNA9XW9tgha22oE=,2022-11-06T10:24:09.652726859Z,1.0,0.02,0.01,0.04,9.0,64.69,4204885.985898,314973705629368,0.1310936620997381,1178692910.3398817,12337,175
12738064,7.23302752293578,0.6666,0.13,0.07,0.2,0.6666,4360000,cosmosvaloper1hjct6q7npsspsg3dgvzk3sdf89spmlpfdn6m9d,9.0,rC1WBXzYR2Xm++MYl5CT6ORKoY8=,2022-11-06T10:24:15.917460313Z,1.0,0.02,0.01,0.04,9.0,64.69,4204885.985898,314973715099794,0.1310936699707972,1178709287.2248237,30143,175
12738065,7.23302752293578,0.6666,0.13,0.07,0.2,0.6666,4360000,cosmosvaloper1hjct6q7npsspsg3dgvzk3sdf89spmlpfdn6m9d,9.0,rC1WBXzYR2Xm++MYl5CT6ORKoY8=,2022-11-06T10:24:27.336350066Z,1.0,0.02,0.01,0.04,9.0,64.69,4204885.985898,314973724570221,0.1310936778418584,1178725694.8626647,5440,175
12738066,7.23302752293578,0.6666,0.13,0.07,0.2,0.6666,4360000,cosmosvaloper1hjct6q7npsspsg3dgvzk3sdf89spmlpfdn6m9d,9.0,0tRY+SCey4yiqrHZngZhG4Eqh5c=,2022-11-06T10:24:33.584318971Z,1.0,0.02,0.01,0.04,9.0,64.69,4204885.985898,314973734040649,0.1310936857129262,1178742059.8397489,18115,175
12738067,7.23302752293578,0.6666,0.13,0.07,0.2,0.6666,4360000,cosmosvaloper1hjct6q7npsspsg3dgvzk3sdf89spmlpfdn6m9d,9.0,USBWWacX3/uW4FT4vREIcw4Xrqc=,2022-11-06T10:24:40.078421325Z,1.0,0.02,0.01,0.04,9.0,64.69,4204885.985898,314973743511077,0.1310936935839994,1178758446.7082503,15629,175
12738068,7.23302752293578,0.6666,0.13,0.07,0.2,0.6666,4360000,cosmosvaloper1hjct6q7npsspsg3dgvzk3sdf89spmlpfdn6m9d,9.0,Fw/v1tf0ppqucKJEFfxOLJKN4uU=,2022-11-06T10:24:46.596876459Z,1.0,0.02,0.01,0.04,9.0,64.69,4204885.985898,314973752981506,0.1310937014550657,1178774829.2833097,25952,175
12738069,7.23302752293578,0.6666,0.13,0.07,0.2,0.6666,4360000,cosmosvaloper1hjct6q7npsspsg3dgvzk3sdf89spmlpfdn6m9d,9.0,CZ4rCVgzMa/eNeX6lmc9LKfeoxY=,2022-11-06T10:24:52.995394924Z,1.0,0.02,0.01,0.04,9.0,64.69,4204885.985898,314973762451936,0.1310937093255615,1178791229.688004,16953,175
12738070,7.23302752293578,0.6666,0.13,0.07,0.2,0.6666,4360000,cosmosvaloper1hjct6q7npsspsg3dgvzk3sdf89spmlpfdn6m9d,9.0,1o7sDS6CSPHsZM21he22HspDK9g=,2022-11-06T10:24:59.298759504Z,1.0,0.02,0.01,0.04,9.0,64.69,4204885.985898,314973771922367,0.1310937171960578,1178807614.5519607,11304,175
12738071,7.23302752293578,0.6666,0.13,0.07,0.2,0.6666,4360000,cosmosvaloper1hjct6q7npsspsg3dgvzk3sdf89spmlpfdn6m9d,9.0,bXAfpZUyaI3xa6+VIRN+jBTLsxY=,2022-11-06T10:25:05.746518425Z,1.0,0.02,0.01,0.04,9.0,64.69,4204885.985898,314973781392799,0.1310937250665607,1178823989.6190631,0,175
12738072,7.23302752293578,0.6666,0.13,0.07,0.2,0.6666,4360000,cosmosvaloper1hjct6q7npsspsg3dgvzk3sdf89spmlpfdn6m9d,9.0,g/R9d0ew9jOmug30m33PYfkKobA=,2022-11-06T10:25:12.490117024Z,1.0,0.02,0.01,0.04,9.0,64.69,4204885.985898,314973790863232,0.1310937329370703,1178840345.1652708,8042,175
12738073,7.23302752293578,0.6666,0.13,0.07,0.2,0.6666,4360000,cosmosvaloper1hjct6q7npsspsg3dgvzk3sdf89spmlpfdn6m9d,9.0,o8fATWIOqjN3dfADuNCYFYFnYzE=,2022-11-06T10:25:19.222449074Z,1.0,0.02,0.01,0.04,9.0,64.69,4204885.985898,314973800333666,0.1310937408075865,1178856714.601833,14039,175
12738074,7.23302752293578,0.6666,0.13,0.07,0.2,0.6666,4360000,cosmosvaloper1hjct6q7npsspsg3dgvzk3sdf89spmlpfdn6m9d,9.0,V3E7t0Icf+s4G4Y/yH3tXoKaqWE=,2022-11-06T10:25:25.580330872Z,1.0,0.020000000000000000,0.010000000000000000,0.040000000000000000,9.0,64.69,4204885.985898,314973809804100,0.131093748678109444,1178873094.397011004570665490,17501,175
