block_num,Block_length_target,Goal_Bonded,Inflation_Rate_Change,Min_Inflation_Rate,Max_Inflation_Rate,Min_Signatures,Blocks_per_year,n_validators,val_0_name,val_0_address,val_0_commission_pct,val_1_name,val_1_address,val_1_commission_pct,val_2_name,val_2_address,val_2_commission_pct,total_block_fees,proposer,timestamp,sign_ratio,val_0_stake,val_1_stake,val_2_stake,community_tax,min_proposer_bonus,max_proposer_bonus,percent_staked,inflation_rate,val_2_com_amt,val_1_com_amt,total_supply,val_0_com_amt,block_len,appended_block
12947178,7.23302752293578,0.6666,0.13,0.07,0.2,0.6666,4360000,175,Coinbase,cosmosvaloper1c4k24jzduc365kywrsvf5ujz4ya6mwympnc4en,20.0,Twinstake,cosmosvaloper1svwt2mr4x2mx0hcmty0mxsa4rmlfau4lwx2l69,8.0,Figment,cosmosvaloper1hjct6q7npsspsg3dgvzk3sdf89spmlpfdn6m9d,9.0,15415,nPiuH9UH+XoFQlBYL/5SkiyNNwU=,2022-11-22T13:16:46.166100466Z,1.0,11523733.707119,185753.946442,4392077.957041,0.02,0.01,0.04,62.11,0.1334460642145679,4963368134.432379,178137615.0692728,316963879138970,1108755844.5095258,6.620368128044537,0
12947179,7.23302752293578,0.6666,0.13,0.07,0.2,0.6666,4360000,175,Coinbase,cosmosvaloper1c4k24jzduc365kywrsvf5ujz4ya6mwympnc4en,20.0,Twinstake,cosmosvaloper1svwt2mr4x2mx0hcmty0mxsa4rmlfau4lwx2l69,8.0,Figment,cosmosvaloper1hjct6q7npsspsg3dgvzk3sdf89spmlpfdn6m9d,9.0,15415,nPiuH9UH+XoFQlBYL/5SkiyNNwU=,2022-11-22T13:16:46.166100466Z,1.0,11523733.707119,185753.946442,4392077.957041,0.02,0.01,0.04,62.11,0.1334460642145679,4963408912.3335705,178138637.06005535,316963879138970,1108835097.2598631,6.620368128044537,1
12947180,7.23302752293578,0.6666,0.13,0.07,0.2,0.6666,4360000,175,Coinbase,cosmosvaloper1c4k24jzduc365kywrsvf5ujz4ya6mwympnc4en,20.0,Twinstake,cosmosvaloper1svwt2mr4x2mx0hcmty0mxsa4rmlfau4lwx2l69,8.0,Figment,cosmosvaloper1hjct6q7npsspsg3dgvzk3sdf89spmlpfdn6m9d,9.0,15415,nPiuH9UH+XoFQlBYL/5SkiyNNwU=,2022-11-22T13:16:46.166100466Z,1.0,11523733.707119,185753.946442,4392077.957041,0.02,0.01,0.04,62.11,0.1334460642145679,4963408912.3335705,178138637.06005535,316963879138970,1108835097.2598631,6.620368128044537,1
12947181,7.23302752293578,0.6666,0.13,0.07,0.2,0.6666,4360000,175,Coinbase,cosmosvaloper1c4k24jzduc365kywrsvf5ujz4ya6mwympnc4en,20.0,Twinstake,cosmosvaloper1svwt2mr4x2mx0hcmty0mxsa4rmlfau4lwx2l69,8.0,Figment,cosmosvaloper1hjct6q7npsspsg3dgvzk3sdf89spmlpfdn6m9d,9.0,15415,nPiuH9UH+XoFQlBYL/5SkiyNNwU=,2022-11-22T13:16:46.166100466Z,1.0,11523733.707119,185753.946442,4392077.957041,0.02,0.01,0.04,62.11,0.1334460642145679,4963408912.3335705,178138637.06005535,316963879138970,1108835097.2598631,6.620368128044537,1
12947182,7.23302752293578,0.6666,0.13,0.07,0.2,0.6666,4360000,175,Coinbase,cosmosvaloper1c4k24jzduc365kywrsvf5ujz4ya6mwympnc4en,20.0,Twinstake,cosmosvaloper1svwt2mr4x2mx0hcmty0mxsa4rmlfau4lwx2l69,8.0,Figment,cosmosvaloper1hjct6q7npsspsg3dgvzk3sdf89spmlpfdn6m9d,9.0,2094,gZZf6KFfqAeMkgLzLkz6cvhfKiI=,2022-11-22T13:17:11.868923175Z,1.0,11523733.707119,185753.946442,4392077.957041,0.02,0.01,0.04,62.11,0.1334461143452831,4963422504.9673,178139659.0508379,316963908242818,1109072855.510875,6.4255,0
12947183,7.23302752293578,0.6666,0.13,0.07,0.2,0.6666,4360000,175,Coinbase,cosmosvaloper1c4k24jzduc365kywrsvf5ujz4ya6mwympnc4en,20.0,Twinstake,cosmosvaloper1svwt2mr4x2mx0hcmty0mxsa4rmlfau4lwx2l69,8.0,Figment,cosmosvaloper1hjct6q7npsspsg3dgvzk3sdf89spmlpfdn6m9d,9.0,2094,gZZf6KFfqAeMkgLzLkz6cvhfKiI=,2022-11-22T13:17:11.868923175Z,1.0,11523733.707119,185753.946442,4392077.957041,0.02,0.01,0.04,62.11,0.1334461143452831,4963440621.395097,178140113.0914256,316963908242818,1109140408.7011962,6.4255,1
12947184,7.23302752293578,0.6666,0.13,0.07,0.2,0.6666,4360000,175,Coinbase,cosmosvaloper1c4k24jzduc365kywrsvf5ujz4ya6mwympnc4en,20.0,Twinstake,cosmosvaloper1svwt2mr4x2mx0hcmty0mxsa4rmlfau4lwx2l69,8.0,Figment,cosmosvaloper1hjct6q7npsspsg3dgvzk3sdf89spmlpfdn6m9d,9.0,2094,gZZf6KFfqAeMkgLzLkz6cvhfKiI=,2022-11-22T13:17:11.868923175Z,1.0,11523733.707119,185753.946442,4392077.957041,0.02,0.01,0.04,62.11,0.1334461143452831,4963440621.395097,178140113.0914256,316963908242818,1109140408.7011962,6.4255,1
12947185,7.23302752293578,0.6666,0.13,0.07,0.2,0.6666,4360000,175,Coinbase,cosmosvaloper1c4k24jzduc365kywrsvf5ujz4ya6mwympnc4en,20.0,Twinstake,cosmosvaloper1svwt2mr4x2mx0hcmty0mxsa4rmlfau4lwx2l69,8.0,Figment,cosmosvaloper1hjct6q7npsspsg3dgvzk3sdf89spmlpfdn6m9d,9.0,10374,2fikG3gqpqZq3IH5U5I8fc57YAE=,2022-11-22T13:17:31.471276364Z,1.0,11523733.707119,185753.946442,4392077.957041,0.02,0.01,0.04,62.11,0.1334461310555344,4963440621.395097,178140340.11171943,316963917944104,1109275515.0818386,6.5343333333333335,0
12947186,7.23302752293578,0.6666,0.13,0.07,0.2,0.6666,4360000,175,Coinbase,cosmosvaloper1c4k24jzduc365kywrsvf5ujz4ya6mwympnc4en,20.0,Twinstake,cosmosvaloper1svwt2mr4x2mx0hcmty0mxsa4rmlfau4lwx2l69,8.0,Figment,cosmosvaloper1hjct6q7npsspsg3dgvzk3sdf89spmlpfdn6m9d,9.0,8865,rC1WBXzYR2Xm++MYl5CT6ORKoY8=,2022-11-22T13:17:37.968069840Z,1.0,11523733.707119,185753.946442,4392077.957041,0.02,0.01,0.04,62.11,0.1334461477657801,4963502456.361028,178141021.77665922,316963927645391,1109381237.7991242,6.497,0
12947187,7.23302752293578,0.6666,0.13,0.07,0.2,0.6666,4360000,175,Coinbase,cosmosvaloper1c4k24jzduc365kywrsvf5ujz4ya6mwympnc4en,20.0,Twinstake,cosmosvaloper1svwt2mr4x2mx0hcmty0mxsa4rmlfau4lwx2l69,8.0,Figment,cosmosvaloper1hjct6q7npsspsg3dgvzk3sdf89spmlpfdn6m9d,9.0,5481,AZucopRNPMNsfHMoPvPVjlbIpdQ=,2022-11-22T13:17:44.141624201Z,1.0,11523733.707119,185753.946442,4392077.957041,0.02,0.01,0.04,62.11,0.1334461477657801,4963502456.361028,178141021.77665922,316963927645391,1109381237.7991242,6.173,0
12947188,7.23302752293578,0.6666,0.13,0.07,0.2,0.6666,4360000,175,Coinbase,cosmosvaloper1c4k24jzduc365kywrsvf5ujz4ya6mwympnc4en,20.0,Twinstake,cosmosvaloper1svwt2mr4x2mx0hcmty0mxsa4rmlfau4lwx2l69,8.0,Figment,cosmosvaloper1hjct6q7npsspsg3dgvzk3sdf89spmlpfdn6m9d,9.0,1770,CrujbFTdDKankK75agHUOS42NF8=,2022-11-22T13:17:50.686769041Z,1.0,11523733.707119,185753.946442,4392077.957041,0.02,0.01,0.04,62.11,0.1334461644760324,4963520586.041395,178141703.33575192,316963937346680,1109486944.1000755,6.545,0
12947189,7.23302752293578,0.6666,0.13,0.07,0.2,0.6666,4360000,175,Coinbase,cosmosvaloper1c4k24jzduc365kywrsvf5ujz4ya6mwympnc4en,20.0,Twinstake,cosmosvaloper1svwt2mr4x2mx0hcmty0mxsa4rmlfau4lwx2l69,8.0,Figment,cosmosvaloper1hjct6q7npsspsg3dgvzk3sdf89spmlpfdn6m9d,9.0,10335,pPHVU08/qQWk2mBuihCDSXZRH/c=,2022-11-22T13:17:56.982805877Z,1.0,11523733.707119,185753.946442,4392077.957041,0.02,0.01,0.04,62.11,0.1334461811862909,4963538709.406267,178142384.65742278,316963947047970,1109592613.5781186,6.296,0
12947190,7.23302752293578,0.6666,0.13,0.07,0.2,0.6666,4360000,175,Coinbase,cosmosvaloper1c4k24jzduc365kywrsvf5ujz4ya6mwympnc4en,20.0,Twinstake,cosmosvaloper1svwt2mr4x2mx0hcmty0mxsa4rmlfau4lwx2l69,8.0,Figment,cosmosvaloper1hjct6q7npsspsg3dgvzk3sdf89spmlpfdn6m9d,9.0,10335,pPHVU08/qQWk2mBuihCDSXZRH/c=,2022-11-22T13:17:56.982805877Z,1.0,11523733.707119,185753.946442,4392077.957041,0.02,0.01,0.04,62.11,0.1334461811862909,4963683737.964685,178146019.4165836,316963947047970,1109874479.7800672,6.296,1
12947191,7.23302752293578,0.6666,0.13,0.07,0.2,0.6666,4360000,175,Coinbase,cosmosvaloper1c4k24jzduc365kywrsvf5ujz4ya6mwympnc4en,20.0,Twinstake,cosmosvaloper1svwt2mr4x2mx0hcmty0mxsa4rmlfau4lwx2l69,8.0,Figment,cosmosvaloper1hjct6q7npsspsg3dgvzk3sdf89spmlpfdn6m9d,9.0,10335,pPHVU08/qQWk2mBuihCDSXZRH/c=,2022-11-22T13:17:56.982805877Z,1.0,11523733.707119,185753.946442,4392077.957041,0.02,0.01,0.04,62.11,0.1334461811862909,4963683737.964685,178146019.4165836,316963947047970,1109874479.7800672,6.296,1
12947192,7.23302752293578,0.6666,0.13,0.07,0.2,0.6666,4360000,175,Coinbase,cosmosvaloper1c4k24jzduc365kywrsvf5ujz4ya6mwympnc4en,20.0,Twinstake,cosmosvaloper1svwt2mr4x2mx0hcmty0mxsa4rmlfau4lwx2l69,8.0,Figment,cosmosvaloper1hjct6q7npsspsg3dgvzk3sdf89spmlpfdn6m9d,9.0,14308,TrEoJnX3JLWQJvIXPCPw3Jk28Rg=,2022-11-22T13:18:15.888178375Z,1.0,11523733.707119,185753.946442,4392077.957041,0.02,0.01,0.04,62.11,0.1334463148678461,4963683737.964685,178147836.796164,316964024658346,1110438212.1839645,6.302,0
12947193,7.23302752293578,0.6666,0.13,0.07,0.2,0.6666,4360000,175,Coinbase,cosmosvaloper1c4k24jzduc365kywrsvf5ujz4ya6mwympnc4en,20.0,Twinstake,cosmosvaloper1svwt2mr4x2mx0hcmty0mxsa4rmlfau4lwx2l69,8.0,Figment,cosmosvaloper1hjct6q7npsspsg3dgvzk3sdf89spmlpfdn6m9d,9.0,14308,TrEoJnX3JLWQJvIXPCPw3Jk28Rg=,2022-11-22T13:18:15.888178375Z,1.0,11523733.707119,185753.946442,4392077.957041,0.02,0.01,0.04,62.11,0.1334463148678461,4963710923.82443,178148518.1381964,316964024658346,1110491048.501974,6.302,1
12947194,7.23302752293578,0.6666,0.13,0.07,0.2,0.6666,4360000,175,Coinbase,cosmosvaloper1c4k24jzduc365kywrsvf5ujz4ya6mwympnc4en,20.0,Twinstake,cosmosvaloper1svwt2mr4x2mx0hcmty0mxsa4rmlfau4lwx2l69,8.0,Figment,cosmosvaloper1hjct6q7npsspsg3dgvzk3sdf89spmlpfdn6m9d,9.0,14308,TrEoJnX3JLWQJvIXPCPw3Jk28Rg=,2022-11-22T13:18:15.888178375Z,1.0,11523733.707119,185753.946442,4392077.957041,0.02,0.01,0.04,62.11,0.1334463148678461,4963710923.82443,178148518.1381964,316964024658346,1110491048.501974,6.302,1
12947195,7.23302752293578,0.6666,0.13,0.07,0.2,0.6666,4360000,175,Coinbase,cosmosvaloper1c4k24jzduc365kywrsvf5ujz4ya6mwympnc4en,20.0,Twinstake,cosmosvaloper1svwt2mr4x2mx0hcmty0mxsa4rmlfau4lwx2l69,8.0,Figment,cosmosvaloper1hjct6q7npsspsg3dgvzk3sdf89spmlpfdn6m9d,9.0,14308,TrEoJnX3JLWQJvIXPCPw3Jk28Rg=,2022-11-22T13:18:15.888178375Z,1.0,11523733.707119,185753.946442,4392077.957041,0.02,0.01,0.04,62.11,0.1334463148678461,4963710923.82443,178148518.1381964,316964024658346,1110491048.501974,6.302,1
12947196,7.23302752293578,0.6666,0.13,0.07,0.2,0.6666,4360000,175,Coinbase,cosmosvaloper1c4k24jzduc365kywrsvf5ujz4ya6mwympnc4en,20.0,Twinstake,cosmosvaloper1svwt2mr4x2mx0hcmty0mxsa4rmlfau4lwx2l69,8.0,Figment,cosmosvaloper1hjct6q7npsspsg3dgvzk3sdf89spmlpfdn6m9d,9.0,7027,V3E7t0Icf+s4G4Y/yH3tXoKaqWE=,2022-11-22T13:18:46.156835410Z,1.0,11523733.707119,185753.946442,4392077.957041,0.02,0.01,0.04,62.11,0.1334463482882051,4963719985.777679,178149199.48022884,316964044060955,1110649557.4560032,7.567,0
12947197,7.23302752293578,0.6666,0.13,0.07,0.2,0.6666,4360000,175,Coinbase,cosmosvaloper1c4k24jzduc365kywrsvf5ujz4ya6mwympnc4en,20.0,Twinstake,cosmosvaloper1svwt2mr4x2mx0hcmty0mxsa4rmlfau4lwx2l69,8.0,Figment,cosmosvaloper1hjct6q7npsspsg3dgvzk3sdf89spmlpfdn6m9d,9.0,7027,V3E7t0Icf+s4G4Y/yH3tXoKaqWE=,2022-11-22T13:18:46.156835410Z,1.0,11523733.707119,185753.946442,4392077.957041,0.02,0.01,0.04,62.11,0.1334463482882051,4963719985.777679,178149199.48022884,316964044060955,1110649557.4560032,7.567,1
12947198,7.23302752293578,0.6666,0.13,0.07,0.2,0.6666,4360000,175,Coinbase,cosmosvaloper1c4k24jzduc365kywrsvf5ujz4ya6mwympnc4en,20.0,Twinstake,cosmosvaloper1svwt2mr4x2mx0hcmty0mxsa4rmlfau4lwx2l69,8.0,Figment,cosmosvaloper1hjct6q7npsspsg3dgvzk3sdf89spmlpfdn6m9d,9.0,2838,HO0wcz0WJciatphndgbQ43s2dqk=,2022-11-22T13:18:58.882506584Z,1.0,11523733.707119,185753.946442,4392077.957041,0.02,0.01,0.04,62.11,0.1334463482882051,4963719985.777679,178149199.48022884,316964044060955,1110649557.4560032,6.363,0
12947199,7.23302752293578,0.6666,0.13,0.07,0.2,0.6666,4360000,175,Coinbase,cosmosvaloper1c4k24jzduc365kywrsvf5ujz4ya6mwympnc4en,20.0,Twinstake,cosmosvaloper1svwt2mr4x2mx0hcmty0mxsa4rmlfau4lwx2l69,8.0,Figment,cosmosvaloper1hjct6q7npsspsg3dgvzk3sdf89spmlpfdn6m9d,9.0,14802,0tRY+SCey4yiqrHZngZhG4Eqh5c=,2022-11-22T13:19:04.991102049Z,1.0,11523733.707119,185753.946442,4392077.957041,0.02,0.01,0.04,62.11,0.1334463649983944,4963738104.225757,178149880.61705992,316964053762262,1110755198.266347,6.109,0
12947200,7.23302752293578,0.6666,0.13,0.07,0.2,0.6666,4360000,175,Coinbase,cosmosvaloper1c4k24jzduc365kywrsvf5ujz4ya6mwympnc4en,20.0,Twinstake,cosmosvaloper1svwt2mr4x2mx0hcmty0mxsa4rmlfau4lwx2l69,8.0,Figment,cosmosvaloper1hjct6q7npsspsg3dgvzk3sdf89spmlpfdn6m9d,9.0,10150,MZIPm8Ojm2aHbMfW1eWJ4QOTvw4=,2022-11-22T13:19:11.425581479Z,1.0,11523733.707119,185753.946442,4392077.957041,0.02,0.01,0.04,62.11,0.1334463817085902,4963756245.015358,178150562.59378824,316964063463570,1110860969.340428,6.434,0
12947201,7.23302752293578,0.6666,0.13,0.07,0.2,0.6666,4360000,175,Coinbase,cosmosvaloper1c4k24jzduc365kywrsvf5ujz4ya6mwympnc4en,20.0,Twinstake,cosmosvaloper1svwt2mr4x2mx0hcmty0mxsa4rmlfau4lwx2l69,8.0,Figment,cosmosvaloper1hjct6q7npsspsg3dgvzk3sdf89spmlpfdn6m9d,9.0,3000,1o7sDS6CSPHsZM21he22HspDK9g=,2022-11-22T13:19:17.760480546Z,1.0,11523733.707119,185753.946442,4392077.957041,0.02,0.01,0.04,62.11,0.1334463984187924,4963774377.121153,178151244.24406144,316964073164880,1110966689.7829998,6.335,0
12947202,7.23302752293578,0.6666,0.13,0.07,0.2,0.6666,4360000,175,Coinbase,cosmosvaloper1c4k24jzduc365kywrsvf5ujz4ya6mwympnc4en,20.0,Twinstake,cosmosvaloper1svwt2mr4x2mx0hcmty0mxsa4rmlfau4lwx2l69,8.0,Figment,cosmosvaloper1hjct6q7npsspsg3dgvzk3sdf89spmlpfdn6m9d,9.0,2886,nPiuH9UH+XoFQlBYL/5SkiyNNwU=,2022-11-22T13:19:24.165058007Z,1.0,11523733.707119,185753.946442,4392077.957041,0.02,0.01,0.04,62.11,0.1334464151290012,4963792495.881034,178151925.39261428,316964082866191,1111169375.5113316,6.405,0
12947203,7.23302752293578,0.6666,0.13,0.07,0.2,0.6666,4360000,175,Coinbase,cosmosvaloper1c4k24jzduc365kywrsvf5ujz4ya6mwympnc4en,20.0,Twinstake,cosmosvaloper1svwt2mr4x2mx0hcmty0mxsa4rmlfau4lwx2l69,8.0,Figment,cosmosvaloper1hjct6q7npsspsg3dgvzk3sdf89spmlpfdn6m9d,9.0,13275,rC1WBXzYR2Xm++MYl5CT6ORKoY8=,2022-11-22T13:19:30.539321623Z,1.0,11523733.707119,185753.946442,4392077.957041,0.02,0.01,0.04,62.11,0.133446431839205,4963810614.429934,178152606.53323558,316964092567504,1111275016.9095275,6.374,0
12947204,7.23302752293578,0.6666,0.13,0.07,0.2,0.6666,4360000,175,Coinbase,cosmosvaloper1c4k24jzduc365kywrsvf5ujz4ya6mwympnc4en,20.0,Twinstake,cosmosvaloper1svwt2mr4x2mx0hcmty0mxsa4rmlfau4lwx2l69,8.0,Figment,cosmosvaloper1hjct6q7npsspsg3dgvzk3sdf89spmlpfdn6m9d,9.0,6301,0UpULodWw6lC2f2Ic9wumneYoX8=,2022-11-22T13:19:36.658303926Z,1.0,11523733.707119,185753.946442,4392077.957041,0.02,0.01,0.04,62.11,0.1334464485494153,4963828752.379701,178153288.40320447,316964102268818,1111380771.4257662,6.119,0
12947205,7.23302752293578,0.6666,0.13,0.07,0.2,0.6666,4360000,175,Coinbase,cosmosvaloper1c4k24jzduc365kywrsvf5ujz4ya6mwympnc4en,20.0,Twinstake,cosmosvaloper1svwt2mr4x2mx0hcmty0mxsa4rmlfau4lwx2l69,8.0,Figment,cosmosvaloper1hjct6q7npsspsg3dgvzk3sdf89spmlpfdn6m9d,9.0,10628,Z5uJeFlzvpTU/fi2b4SpKZMukcU=,2022-11-22T13:19:43.135750002Z,1.0,11523733.707119,185753.946442,4392077.957041,0.02,0.01,0.04,62.11,0.1334464652596321,4963846877.30928,178153969.7836982,316964111970134,1111486450.026938,6.477,0
12947206,7.23302752293578,0.6666,0.13,0.07,0.2,0.6666,4360000,175,Coinbase,cosmosvaloper1c4k24jzduc365kywrsvf5ujz4ya6mwympnc4en,20.0,Twinstake,cosmosvaloper1svwt2mr4x2mx0hcmty0mxsa4rmlfau4lwx2l69,8.0,Figment,cosmosvaloper1hjct6q7npsspsg3dgvzk3sdf89spmlpfdn6m9d,9.0,0,aWq8lRhv1loHBQwoqwDJNYoxUDA=,2022-11-22T13:19:49.399489128Z,1.0,11523733.707119,185753.946442,4392077.957041,0.02,0.01,0.04,62.11,0.1334464819698371,4963865010.3214655,178154651.4680458,316964121671451,1111592175.7542746,6.264,0
12947207,7.23302752293578,0.6666,0.13,0.07,0.2,0.6666,4360000,175,Coinbase,cosmosvaloper1c4k24jzduc365kywrsvf5ujz4ya6mwympnc4en,20.0,Twinstake,cosmosvaloper1svwt2mr4x2mx0hcmty0mxsa4rmlfau4lwx2l69,8.0,Figment,cosmosvaloper1hjct6q7npsspsg3dgvzk3sdf89spmlpfdn6m9d,9.0,4218,aPW76s7xFMcg6pyYv6L/3gHFT9E=,2022-11-22T13:19:55.937564215Z,1.0,11523733.707119,185753.946442,4392077.957041,0.02,0.01,0.04,62.11,0.1334464986800486,4963883123.492152,178155332.406481,316964131372770,1111697785.7944424,6.538,0
12947208,7.23302752293578,0.6666,0.13,0.07,0.2,0.6666,4360000,175,Coinbase,cosmosvaloper1c4k24jzduc365kywrsvf5ujz4ya6mwympnc4en,20.0,Twinstake,cosmosvaloper1svwt2mr4x2mx0hcmty0mxsa4rmlfau4lwx2l69,8.0,Figment,cosmosvaloper1hjct6q7npsspsg3dgvzk3sdf89spmlpfdn6m9d,9.0,18051,7VCeeAl+EwapH+3o6Ft10Gvd9uM=,2022-11-22T13:20:02.945732505Z,1.0,11523733.707119,185753.946442,4392077.957041,0.02,0.01,0.04,62.11,0.1334465153902557,4963901244.540367,178156013.64106047,316964141074090,1111803441.7650616,7.008,0
12947209,7.23302752293578,0.6666,0.13,0.07,0.2,0.6666,4360000,175,Coinbase,cosmosvaloper1c4k24jzduc365kywrsvf5ujz4ya6mwympnc4en,20.0,Twinstake,cosmosvaloper1svwt2mr4x2mx0hcmty0mxsa4rmlfau4lwx2l69,8.0,Figment,cosmosvaloper1hjct6q7npsspsg3dgvzk3sdf89spmlpfdn6m9d,9.0,18174,g/R9d0ew9jOmug30m33PYfkKobA=,2022-11-22T13:20:09.232432627Z,1.0,11523733.707119,185753.946442,4392077.957041,0.02,0.01,0.04,62.11,0.1334465488106834,4963937580.47058,178157379.63776463,316964160476735,1112015300.8103788,6.287,0
12947210,7.23302752293578,0.6666,0.13,0.07,0.2,0.6666,4360000,175,Coinbase,cosmosvaloper1c4k24jzduc365kywrsvf5ujz4ya6mwympnc4en,20.0,Twinstake,cosmosvaloper1svwt2mr4x2mx0hcmty0mxsa4rmlfau4lwx2l69,8.0,Figment,cosmosvaloper1hjct6q7npsspsg3dgvzk3sdf89spmlpfdn6m9d,9.0,10494,2mqqqVnJ74ij6zex8QfLJmfruqs=,2022-11-22T13:20:15.859658460Z,0.9942857142857144,11523733.707119,185753.946442,4392077.957041,0.02,0.01,0.04,62.11,0.1334465488106834,4963937580.47058,178157379.63776463,316964160476735,1112015300.8103788,6.627,0
12947211,7.23302752293578,0.6666,0.13,0.07,0.2,0.6666,4360000,175,Coinbase,cosmosvaloper1c4k24jzduc365kywrsvf5ujz4ya6mwympnc4en,20.0,Twinstake,cosmosvaloper1svwt2mr4x2mx0hcmty0mxsa4rmlfau4lwx2l69,8.0,Figment,cosmosvaloper1hjct6q7npsspsg3dgvzk3sdf89spmlpfdn6m9d,9.0,18542,Wlnch0b9cn/d1cv1y7kMb2Fsz5s=,2022-11-22T13:20:18.293621978Z,0.9828571428571428,11523733.707119,185753.946442,4392077.957041,0.02,0.01,0.04,62.11,0.133446565520907,4963955714.941292,178158061.37694344,316964170178060,1112121035.0417516,2.434,0
12947212,7.23302752293578,0.6666,0.13,0.07,0.2,0.6666,4360000,175,Coinbase,cosmosvaloper1c4k24jzduc365kywrsvf5ujz4ya6mwympnc4en,20.0,Twinstake,cosmosvaloper1svwt2mr4x2mx0hcmty0mxsa4rmlfau4lwx2l69,8.0,Figment,cosmosvaloper1hjct6q7npsspsg3dgvzk3sdf89spmlpfdn6m9d,9.0,12981,Wlnch0b9cn/d1cv1y7kMb2Fsz5s=,2022-11-22T13:20:29.405428755Z,0.9885714285714284,11523733.707119,185753.946442,4392077.957041,0.02,0.01,0.04,62.11,0.1334465822311258,4963973862.743708,178158743.61730838,316964179879386,1112226847.0045092,11.112,0
12947213,7.23302752293578,0.6666,0.13,0.07,0.2,0.6666,4360000,175,Coinbase,cosmosvaloper1c4k24jzduc365kywrsvf5ujz4ya6mwympnc4en,20.0,Twinstake,cosmosvaloper1svwt2mr4x2mx0hcmty0mxsa4rmlfau4lwx2l69,8.0,Figment,cosmosvaloper1hjct6q7npsspsg3dgvzk3sdf89spmlpfdn6m9d,9.0,7405,uezh17TdgOhoJj6jqvJyucfxKS0=,2022-11-22T13:20:35.712693790Z,1.0,11523733.707119,185753.946442,4392077.957041,0.02,0.01,0.04,62.11,0.1334465989413511,4963992000.16514,178159425.46741524,316964189580714,1112332598.440254,6.307,0
12947214,7.23302752293578,0.6666,0.13,0.07,0.2,0.6666,4360000,175,Coinbase,cosmosvaloper1c4k24jzduc365kywrsvf5ujz4ya6mwympnc4en,20.0,Twinstake,cosmosvaloper1svwt2mr4x2mx0hcmty0mxsa4rmlfau4lwx2l69,8.0,Figment,cosmosvaloper1hjct6q7npsspsg3dgvzk3sdf89spmlpfdn6m9d,9.0,17561,6+1pTmzhIk+x6KLdjuY6OFaLHis=,2022-11-22T13:20:41.956244834Z,1.0,11523733.707119,185753.946442,4392077.957041,0.02,0.01,0.04,62.11,0.1334466156515824,4964010127.178436,178160106.9262433,316964199282043,1112438289.1906755,6.244,0
12947215,7.23302752293578,0.6666,0.13,0.07,0.2,0.6666,4360000,175,Coinbase,cosmosvaloper1c4k24jzduc365kywrsvf5ujz4ya6mwympnc4en,20.0,Twinstake,cosmosvaloper1svwt2mr4x2mx0hcmty0mxsa4rmlfau4lwx2l69,8.0,Figment,cosmosvaloper1hjct6q7npsspsg3dgvzk3sdf89spmlpfdn6m9d,9.0,3000,1/fHlIfBClzxq+sdvYHo1JdXxCI=,2022-11-22T13:20:48.385162515Z,1.0,11523733.707119,185753.946442,4392077.957041,0.02,0.01,0.04,62.11,0.1334466323618027,4964028273.155698,178160789.0979942,316964208983374,1112544090.5117502,6.429,0
12947216,7.23302752293578,0.6666,0.13,0.07,0.2,0.6666,4360000,175,Coinbase,cosmosvaloper1c4k24jzduc365kywrsvf5ujz4ya6mwympnc4en,20.0,Twinstake,cosmosvaloper1svwt2mr4x2mx0hcmty0mxsa4rmlfau4lwx2l69,8.0,Figment,cosmosvaloper1hjct6q7npsspsg3dgvzk3sdf89spmlpfdn6m9d,9.0,6412,VbO//s6/oOV9oyLQ2iYsE2qRkmw=,2022-11-22T13:20:54.566174005Z,1.0,11523733.707119,185753.946442,4392077.957041,0.02,0.01,0.04,62.11,0.1334466490720296,4964046391.950002,178161470.24784115,316964218684706,1112649733.3407907,6.181,0
12947217,7.23302752293578,0.6666,0.13,0.07,0.2,0.6666,4360000,175,Coinbase,cosmosvaloper1c4k24jzduc365kywrsvf5ujz4ya6mwympnc4en,20.0,Twinstake,cosmosvaloper1svwt2mr4x2mx0hcmty0mxsa4rmlfau4lwx2l69,8.0,Figment,cosmosvaloper1hjct6q7npsspsg3dgvzk3sdf89spmlpfdn6m9d,9.0,6069,LCpem575AxZPor0/FAVx3fAqAMw=,2022-11-22T13:21:01.039716635Z,1.0,11523733.707119,185753.946442,4392077.957041,0.02,0.01,0.04,62.11,0.1334466824924809,4964082641.643884,178162833.00261524,316964238087375,1112861089.57947,6.473,0
12947218,7.23302752293578,0.6666,0.13,0.07,0.2,0.6666,4360000,175,Coinbase,cosmosvaloper1c4k24jzduc365kywrsvf5ujz4ya6mwympnc4en,20.0,Twinstake,cosmosvaloper1svwt2mr4x2mx0hcmty0mxsa4rmlfau4lwx2l69,8.0,Figment,cosmosvaloper1hjct6q7npsspsg3dgvzk3sdf89spmlpfdn6m9d,9.0,2525,1o7sDS6CSPHsZM21he22HspDK9g=,2022-11-22T13:21:07.406876673Z,1.0,11523733.707119,185753.946442,4392077.957041,0.02,0.01,0.04,62.11,0.1334466824924809,4964082641.643884,178162833.00261524,316964238087375,1112861089.57947,6.367,0
12947219,7.23302752293578,0.6666,0.13,0.07,0.2,0.6666,4360000,175,Coinbase,cosmosvaloper1c4k24jzduc365kywrsvf5ujz4ya6mwympnc4en,20.0,Twinstake,cosmosvaloper1svwt2mr4x2mx0hcmty0mxsa4rmlfau4lwx2l69,8.0,Figment,cosmosvaloper1hjct6q7npsspsg3dgvzk3sdf89spmlpfdn6m9d,9.0,9983,rC1WBXzYR2Xm++MYl5CT6ORKoY8=,2022-11-22T13:21:13.806712562Z,1.0,11523733.707119,185753.946442,4392077.957041,0.02,0.01,0.04,62.11,0.1334466992027163,4964100759.556491,178163514.11931607,316964247788712,1113063765.9593892,6.4,0
12947220,7.23302752293578,0.6666,0.13,0.07,0.2,0.6666,4360000,175,Coinbase,cosmosvaloper1c4k24jzduc365kywrsvf5ujz4ya6mwympnc4en,20.0,Twinstake,cosmosvaloper1svwt2mr4x2mx0hcmty0mxsa4rmlfau4lwx2l69,8.0,Figment,cosmosvaloper1hjct6q7npsspsg3dgvzk3sdf89spmlpfdn6m9d,9.0,7683,0tRY+SCey4yiqrHZngZhG4Eqh5c=,2022-11-22T13:21:19.903431676Z,1.0,11523733.707119,185753.946442,4392077.957041,0.02,0.01,0.04,62.11,0.1334467159129582,4964118891.397537,178164195.75963643,316964257490050,1113169484.9500675,6.097,0
12947221,7.23302752293578,0.6666,0.13,0.07,0.2,0.6666,4360000,175,Coinbase,cosmosvaloper1c4k24jzduc365kywrsvf5ujz4ya6mwympnc4en,20.0,Twinstake,cosmosvaloper1svwt2mr4x2mx0hcmty0mxsa4rmlfau4lwx2l69,8.0,Figment,cosmosvaloper1hjct6q7npsspsg3dgvzk3sdf89spmlpfdn6m9d,9.0,5765,aPJweVkNysw6wcSJKhoAjzSPWW8=,2022-11-22T13:21:26.233470254Z,1.0,11523733.707119,185753.946442,4392077.957041,0.02,0.01,0.04,62.11,0.1334467326232067,4964137018.94616,178164877.23858932,316964267191390,1113275178.9134624,6.33,0
12947222,7.23302752293578,0.6666,0.13,0.07,0.2,0.6666,4360000,175,Coinbase,cosmosvaloper1c4k24jzduc365kywrsvf5ujz4ya6mwympnc4en,20.0,Twinstake,cosmosvaloper1svwt2mr4x2mx0hcmty0mxsa4rmlfau4lwx2l69,8.0,Figment,cosmosvaloper1hjct6q7npsspsg3dgvzk3sdf89spmlpfdn6m9d,9.0,2516,sRZ9BDfbnfDVM+4qzeSBBxOb3S4=,2022-11-22T13:21:32.574764633Z,1.0,11523733.707119,185753.946442,4392077.957041,0.02,0.01,0.04,62.11,0.1334467493334508,4964155142.917452,178165558.5830576,316964276892731,1113380852.018973,6.341,0
12947223,7.23302752293578,0.6666,0.13,0.07,0.2,0.6666,4360000,175,Coinbase,cosmosvaloper1c4k24jzduc365kywrsvf5ujz4ya6mwympnc4en,20.0,Twinstake,cosmosvaloper1svwt2mr4x2mx0hcmty0mxsa4rmlfau4lwx2l69,8.0,Figment,cosmosvaloper1hjct6q7npsspsg3dgvzk3sdf89spmlpfdn6m9d,9.0,5823,sxWB6f9XEEVTE3Di1IlaLW/t7Ps=,2022-11-22T13:21:38.747264302Z,1.0,11523733.707119,185753.946442,4392077.957041,0.02,0.01,0.04,62.11,0.1334467660437015,4964173260.824458,178166239.6995479,316964286594074,1113486489.766234,6.173,0
12947224,7.23302752293578,0.6666,0.13,0.07,0.2,0.6666,4360000,175,Coinbase,cosmosvaloper1c4k24jzduc365kywrsvf5ujz4ya6mwympnc4en,20.0,Twinstake,cosmosvaloper1svwt2mr4x2mx0hcmty0mxsa4rmlfau4lwx2l69,8.0,Figment,cosmosvaloper1hjct6q7npsspsg3dgvzk3sdf89spmlpfdn6m9d,9.0,17046,ezou/ls/zfgZ/PUmBzFM7+R1S7Y=,2022-11-22T13:21:45.222746157Z,1.0,11523733.707119,185753.946442,4392077.957041,0.02,0.01,0.04,62.11,0.1334467827539586,4964191384.908721,178166921.0482632,316964296295419,1113592163.5304334,6.475,0
12947225,7.23302752293578,0.6666,0.13,0.07,0.2,0.6666,4360000,175,Coinbase,cosmosvaloper1c4k24jzduc365kywrsvf5ujz4ya6mwympnc4en,20.0,Twinstake,cosmosvaloper1svwt2mr4x2mx0hcmty0mxsa4rmlfau4lwx2l69,8.0,Figment,cosmosvaloper1hjct6q7npsspsg3dgvzk3sdf89spmlpfdn6m9d,9.0,5631,9Zc0qJanaJQ2vDQiJE/YYq4YnFw=,2022-11-22T13:21:51.770304447Z,1.0,11523733.707119,185753.946442,4392077.957041,0.02,0.01,0.04,62.11,0.1334467994642223,4964209529.950991,178167603.1848644,316964305996765,1113697959.4917812,6.548,0
12947226,7.23302752293578,0.6666,0.13,0.07,0.2,0.6666,4360000,175,Coinbase,cosmosvaloper1c4k24jzduc365kywrsvf5ujz4ya6mwympnc4en,20.0,Twinstake,cosmosvaloper1svwt2mr4x2mx0hcmty0mxsa4rmlfau4lwx2l69,8.0,Figment,cosmosvaloper1hjct6q7npsspsg3dgvzk3sdf89spmlpfdn6m9d,9.0,24944,nPiuH9UH+XoFQlBYL/5SkiyNNwU=,2022-11-22T13:21:58.383146003Z,1.0,11523733.707119,185753.946442,4392077.957041,0.02,0.01,0.04,62.11,0.1334468161744873,4964227653.682375,178168284.52031374,316964315698113,1113803631.1984966,6.613,0
12947227,7.23302752293578,0.6666,0.13,0.07,0.2,0.6666,4360000,175,Coinbase,cosmosvaloper1c4k24jzduc365kywrsvf5ujz4ya6mwympnc4en,20.0,Twinstake,cosmosvaloper1svwt2mr4x2mx0hcmty0mxsa4rmlfau4lwx2l69,8.0,Figment,cosmosvaloper1hjct6q7npsspsg3dgvzk3sdf89spmlpfdn6m9d,9.0,16819,bXAfpZUyaI3xa6+VIRN+jBTLsxY=,2022-11-22T13:22:04.753427662Z,1.0,11523733.707119,185753.946442,4392077.957041,0.02,0.01,0.04,62.11,0.133446849594404,4964245813.476467,178168967.21148837,316964325399462,1113909513.1713965,6.37,0
12947228,7.23302752293578,0.6666,0.13,0.07,0.2,0.6666,4360000,175,Coinbase,cosmosvaloper1c4k24jzduc365kywrsvf5ujz4ya6mwympnc4en,20.0,Twinstake,cosmosvaloper1svwt2mr4x2mx0hcmty0mxsa4rmlfau4lwx2l69,8.0,Figment,cosmosvaloper1hjct6q7npsspsg3dgvzk3sdf89spmlpfdn6m9d,9.0,7376,HO0wcz0WJciatphndgbQ43s2dqk=,2022-11-22T13:22:11.598109256Z,1.0,11523733.707119,185753.946442,4392077.957041,0.02,0.01,0.04,62.11,0.133446849594404,4964263958.101916,178169649.33241984,316964335100813,1114015306.7024438,6.845,0
12947229,7.23302752293578,0.6666,0.13,0.07,0.2,0.6666,4360000,175,Coinbase,cosmosvaloper1c4k24jzduc365kywrsvf5ujz4ya6mwympnc4en,20.0,Twinstake,cosmosvaloper1svwt2mr4x2mx0hcmty0mxsa4rmlfau4lwx2l69,8.0,Figment,cosmosvaloper1hjct6q7npsspsg3dgvzk3sdf89spmlpfdn6m9d,9.0,19948,hLPYkiui8ko5R37BSVeZG+Gud2U=,2022-11-22T13:22:17.804513587Z,1.0,11523733.707119,185753.946442,4392077.957041,0.02,0.01,0.04,62.11,0.1334468663043711,4964282085.073169,178170330.7896673,316964344802165,1114120997.2994392,6.206,0
12947230,7.23302752293578,0.6666,0.13,0.07,0.2,0.6666,4360000,175,Coinbase,cosmosvaloper1c4k24jzduc365kywrsvf5ujz4ya6mwympnc4en,20.0,Twinstake,cosmosvaloper1svwt2mr4x2mx0hcmty0mxsa4rmlfau4lwx2l69,8.0,Figment,cosmosvaloper1hjct6q7npsspsg3dgvzk3sdf89spmlpfdn6m9d,9.0,1941,2fikG3gqpqZq3IH5U5I8fc57YAE=,2022-11-22T13:22:23.959898347Z,1.0,11523733.707119,185753.946442,4392077.957041,0.02,0.01,0.04,62.11,0.1334468830142918,4964300235.519127,178171013.1294124,316964354503519,1114226824.7673814,6.155,0
12947231,7.23302752293578,0.6666,0.13,0.07,0.2,0.6666,4360000,175,Coinbase,cosmosvaloper1c4k24jzduc365kywrsvf5ujz4ya6mwympnc4en,20.0,Twinstake,cosmosvaloper1svwt2mr4x2mx0hcmty0mxsa4rmlfau4lwx2l69,8.0,Figment,cosmosvaloper1hjct6q7npsspsg3dgvzk3sdf89spmlpfdn6m9d,9.0,2472,2fikG3gqpqZq3IH5U5I8fc57YAE=,2022-11-22T13:22:35.324540456Z,0.9885714285714284,11523733.707119,185753.946442,4392077.957041,0.02,0.01,0.04,62.11,0.133446899724219,4964362017.175808,178171694.2053834,316964364204874,1114332456.230308,11.365,0
12947232,7.23302752293578,0.6666,0.13,0.07,0.2,0.6666,4360000,175,Coinbase,cosmosvaloper1c4k24jzduc365kywrsvf5ujz4ya6mwympnc4en,20.0,Twinstake,cosmosvaloper1svwt2mr4x2mx0hcmty0mxsa4rmlfau4lwx2l69,8.0,Figment,cosmosvaloper1hjct6q7npsspsg3dgvzk3sdf89spmlpfdn6m9d,9.0,5548,CZ4rCVgzMa/eNeX6lmc9LKfeoxY=,2022-11-22T13:22:41.775300426Z,1.0,11523733.707119,185753.946442,4392077.957041,0.02,0.01,0.04,62.11,0.1334469164341527,4964423802.215267,178172375.31852606,316964373906231,1114438093.4583733,6.451,0
12947233,7.23302752293578,0.6666,0.13,0.07,0.2,0.6666,4360000,175,Coinbase,cosmosvaloper1c4k24jzduc365kywrsvf5ujz4ya6mwympnc4en,20.0,Twinstake,cosmosvaloper1svwt2mr4x2mx0hcmty0mxsa4rmlfau4lwx2l69,8.0,Figment,cosmosvaloper1hjct6q7npsspsg3dgvzk3sdf89spmlpfdn6m9d,9.0,8500,JURdDrNT6QUKsR7GGX1dy2EZhts=,2022-11-22T13:22:48.058290272Z,1.0,11523733.707119,185753.946442,4392077.957041,0.02,0.01,0.04,62.11,0.1334469331440929,4964441925.780097,178173056.64771402,316964383607589,1114543764.1939807,6.283,0
12947234,7.23302752293578,0.6666,0.13,0.07,0.2,0.6666,4360000,175,Coinbase,cosmosvaloper1c4k24jzduc365kywrsvf5ujz4ya6mwympnc4en,20.0,Twinstake,cosmosvaloper1svwt2mr4x2mx0hcmty0mxsa4rmlfau4lwx2l69,8.0,Figment,cosmosvaloper1hjct6q7npsspsg3dgvzk3sdf89spmlpfdn6m9d,9.0,4225,6Dv8Q20s6NzJ7AWJsuW3NeN/uFw=,2022-11-22T13:22:54.261870740Z,0.9942857142857144,11523733.707119,185753.946442,4392077.957041,0.02,0.01,0.04,62.11,0.1334469498540396,4964460055.594038,178173738.21182823,316964393308949,1114649471.3654716,6.203,0
12947235,7.23302752293578,0.6666,0.13,0.07,0.2,0.6666,4360000,175,Coinbase,cosmosvaloper1c4k24jzduc365kywrsvf5ujz4ya6mwympnc4en,20.0,Twinstake,cosmosvaloper1svwt2mr4x2mx0hcmty0mxsa4rmlfau4lwx2l69,8.0,Figment,cosmosvaloper1hjct6q7npsspsg3dgvzk3sdf89spmlpfdn6m9d,9.0,16910,1o7sDS6CSPHsZM21he22HspDK9g=,2022-11-22T13:23:00.438215533Z,0.9942857142857144,11523733.707119,185753.946442,4392077.957041,0.02,0.01,0.04,62.11,0.1334469665639821,4964478177.429624,178174419.47600776,316964403010310,1114755132.018595,6.177,0
12947236,7.23302752293578,0.6666,0.13,0.07,0.2,0.6666,4360000,175,Coinbase,cosmosvaloper1c4k24jzduc365kywrsvf5ujz4ya6mwympnc4en,20.0,Twinstake,cosmosvaloper1svwt2mr4x2mx0hcmty0mxsa4rmlfau4lwx2l69,8.0,Figment,cosmosvaloper1hjct6q7npsspsg3dgvzk3sdf89spmlpfdn6m9d,9.0,0,rC1WBXzYR2Xm++MYl5CT6ORKoY8=,2022-11-22T13:23:06.836259162Z,0.9942857142857144,11523733.707119,185753.946442,4392077.957041,0.02,0.01,0.04,62.11,0.133446983273923,4964496322.951942,178175101.63065574,316964412711673,1114958040.1419196,6.398,0
12947237,7.23302752293578,0.6666,0.13,0.07,0.2,0.6666,4360000,175,Coinbase,cosmosvaloper1c4k24jzduc365kywrsvf5ujz4ya6mwympnc4en,20.0,Twinstake,cosmosvaloper1svwt2mr4x2mx0hcmty0mxsa4rmlfau4lwx2l69,8.0,Figment,cosmosvaloper1hjct6q7npsspsg3dgvzk3sdf89spmlpfdn6m9d,9.0,14801,7VCeeAl+EwapH+3o6Ft10Gvd9uM=,2022-11-22T13:23:13.009913160Z,0.9942857142857144,11523733.707119,185753.946442,4392077.957041,0.02,0.01,0.04,62.11,0.1334469999838705,4964514436.903478,178175782.5984458,316964422413037,1115063654.8265269,6.173,0
12947238,7.23302752293578,0.6666,0.13,0.07,0.2,0.6666,4360000,175,Coinbase,cosmosvaloper1c4k24jzduc365kywrsvf5ujz4ya6mwympnc4en,20.0,Twinstake,cosmosvaloper1svwt2mr4x2mx0hcmty0mxsa4rmlfau4lwx2l69,8.0,Figment,cosmosvaloper1hjct6q7npsspsg3dgvzk3sdf89spmlpfdn6m9d,9.0,2000,Z5uJeFlzvpTU/fi2b4SpKZMukcU=,2022-11-22T13:23:19.322212954Z,0.9942857142857144,11523733.707119,185753.946442,4392077.957041,0.02,0.01,0.04,62.11,0.1334470166938244,4964532578.491909,178176464.60520497,316964432114403,1115169430.6500242,6.313,0
12947239,7.23302752293578,0.6666,0.13,0.07,0.2,0.6666,4360000,175,Coinbase,cosmosvaloper1c4k24jzduc365kywrsvf5ujz4ya6mwympnc4en,20.0,Twinstake,cosmosvaloper1svwt2mr4x2mx0hcmty0mxsa4rmlfau4lwx2l69,8.0,Figment,cosmosvaloper1hjct6q7npsspsg3dgvzk3sdf89spmlpfdn6m9d,9.0,1770,zIf1a1hiGBHitaR/OMYWbilc424=,2022-11-22T13:23:25.674702804Z,0.9942857142857144,11523733.707119,185753.946442,4392077.957041,0.02,0.01,0.04,62.11,0.1334470334037849,4964550696.18262,178177145.71356395,316964441815770,1115275067.136163,6.352,0
12947240,7.23302752293578,0.6666,0.13,0.07,0.2,0.6666,4360000,175,Coinbase,cosmosvaloper1c4k24jzduc365kywrsvf5ujz4ya6mwympnc4en,20.0,Twinstake,cosmosvaloper1svwt2mr4x2mx0hcmty0mxsa4rmlfau4lwx2l69,8.0,Figment,cosmosvaloper1hjct6q7npsspsg3dgvzk3sdf89spmlpfdn6m9d,9.0,6525,Fw/v1tf0ppqucKJEFfxOLJKN4uU=,2022-11-22T13:23:32.026101880Z,0.9942857142857144,11523733.707119,185753.946442,4392077.957041,0.02,0.01,0.04,62.11,0.1334470501137519,4964568813.445752,178177826.80584872,316964451517139,1115380701.1292746,6.352,0
12947241,7.23302752293578,0.6666,0.13,0.07,0.2,0.6666,4360000,175,Coinbase,cosmosvaloper1c4k24jzduc365kywrsvf5ujz4ya6mwympnc4en,20.0,Twinstake,cosmosvaloper1svwt2mr4x2mx0hcmty0mxsa4rmlfau4lwx2l69,8.0,Figment,cosmosvaloper1hjct6q7npsspsg3dgvzk3sdf89spmlpfdn6m9d,9.0,0,0tRY+SCey4yiqrHZngZhG4Eqh5c=,2022-11-22T13:23:38.326529560Z,0.9942857142857144,11523733.707119,185753.946442,4392077.957041,0.02,0.01,0.04,62.11,0.13344706682372,4964586939.590942,178178508.23204157,316964461218509,1115486386.9098551,6.3,0
12947242,7.23302752293578,0.6666,0.13,0.07,0.2,0.6666,4360000,175,Coinbase,cosmosvaloper1c4k24jzduc365kywrsvf5ujz4ya6mwympnc4en,20.0,Twinstake,cosmosvaloper1svwt2mr4x2mx0hcmty0mxsa4rmlfau4lwx2l69,8.0,Figment,cosmosvaloper1hjct6q7npsspsg3dgvzk3sdf89spmlpfdn6m9d,9.0,0,ddqzFvTKE2f1MqtxqAt/plq2kDk=,2022-11-22T13:23:44.644157663Z,0.9942857142857144,11523733.707119,185753.946442,4392077.957041,0.02,0.01,0.04,62.11,0.1334470835336947,4964605053.554812,178179189.20029533,316964470919881,1115592001.666377,6.318,0
12947243,7.23302752293578,0.6666,0.13,0.07,0.2,0.6666,4360000,175,Coinbase,cosmosvaloper1c4k24jzduc365kywrsvf5ujz4ya6mwympnc4en,20.0,Twinstake,cosmosvaloper1svwt2mr4x2mx0hcmty0mxsa4rmlfau4lwx2l69,8.0,Figment,cosmosvaloper1hjct6q7npsspsg3dgvzk3sdf89spmlpfdn6m9d,9.0,9650,u3a8YyLHUzp8zTrxwInHs5cfsBI=,2022-11-22T13:23:51.336130205Z,0.9942857142857144,11523733.707119,185753.946442,4392077.957041,0.02,0.01,0.04,62.11,0.1334471002436759,4964623167.521956,178179870.16867214,316964480621254,1115697616.44199,6.692,0
12947244,7.23302752293578,0.6666,0.13,0.07,0.2,0.6666,4360000,175,Coinbase,cosmosvaloper1c4k24jzduc365kywrsvf5ujz4ya6mwympnc4en,20.0,Twinstake,cosmosvaloper1svwt2mr4x2mx0hcmty0mxsa4rmlfau4lwx2l69,8.0,Figment,cosmosvaloper1hjct6q7npsspsg3dgvzk3sdf89spmlpfdn6m9d,9.0,3770,UdslZiBO4mZCfqimy3GYNasXC+k=,2022-11-22T13:23:57.565314977Z,0.9942857142857144,11523733.707119,185753.946442,4392077.957041,0.02,0.01,0.04,62.11,0.1334471169536636,4964641299.509014,178180551.8144816,316964490322629,1115803336.2839997,6.229,0
12947245,7.23302752293578,0.6666,0.13,0.07,0.2,0.6666,4360000,175,Coinbase,cosmosvaloper1c4k24jzduc365kywrsvf5ujz4ya6mwympnc4en,20.0,Twinstake,cosmosvaloper1svwt2mr4x2mx0hcmty0mxsa4rmlfau4lwx2l69,8.0,Figment,cosmosvaloper1hjct6q7npsspsg3dgvzk3sdf89spmlpfdn6m9d,9.0,5000,UdslZiBO4mZCfqimy3GYNasXC+k=,2022-11-22T13:24:08.616237389Z,0.9942857142857144,11523733.707119,185753.946442,4392077.957041,0.02,0.01,0.04,62.11,0.1334471336636578,4964659419.785667,178181233.02005532,316964500024005,1115908987.8476574,11.051,0
12947246,7.23302752293578,0.6666,0.13,0.07,0.2,0.6666,4360000,175,Coinbase,cosmosvaloper1c4k24jzduc365kywrsvf5ujz4ya6mwympnc4en,20.0,Twinstake,cosmosvaloper1svwt2mr4x2mx0hcmty0mxsa4rmlfau4lwx2l69,8.0,Figment,cosmosvaloper1hjct6q7npsspsg3dgvzk3sdf89spmlpfdn6m9d,9.0,14735,tMwD8qyiLEPeHtOFoQS6hrdGJ5I=,2022-11-22T13:24:14.886572258Z,1.0,11523733.707119,185753.946442,4392077.957041,0.02,0.01,0.04,62.11,0.1334471503736585,4964677542.360695,178181914.3120331,316964509725383,1116014652.8121529,6.27,0
12947247,7.23302752293578,0.6666,0.13,0.07,0.2,0.6666,4360000,175,Coinbase,cosmosvaloper1c4k24jzduc365kywrsvf5ujz4ya6mwympnc4en,20.0,Twinstake,cosmosvaloper1svwt2mr4x2mx0hcmty0mxsa4rmlfau4lwx2l69,8.0,Figment,cosmosvaloper1hjct6q7npsspsg3dgvzk3sdf89spmlpfdn6m9d,9.0,8655,ZxRgkwzNybBsXQVeTVUOuNryKR4=,2022-11-22T13:24:21.098573009Z,1.0,11523733.707119,185753.946442,4392077.957041,0.02,0.01,0.04,62.11,0.1334471670836623,4964695683.115476,178182596.28745237,316964519426762,1116120423.77499,6.212,0
12947248,7.23302752293578,0.6666,0.13,0.07,0.2,0.6666,4360000,175,Coinbase,cosmosvaloper1c4k24jzduc365kywrsvf5ujz4ya6mwympnc4en,20.0,Twinstake,cosmosvaloper1svwt2mr4x2mx0hcmty0mxsa4rmlfau4lwx2l69,8.0,Figment,cosmosvaloper1hjct6q7npsspsg3dgvzk3sdf89spmlpfdn6m9d,9.0,15031,nPiuH9UH+XoFQlBYL/5SkiyNNwU=,2022-11-22T13:24:27.667883980Z,1.0,11523733.707119,185753.946442,4392077.957041,0.02,0.01,0.04,62.11,0.1334471837936716,4964713812.52028,178183277.83618572,316964529128143,1116226128.5609844,6.569,0
12947249,7.23302752293578,0.6666,0.13,0.07,0.2,0.6666,4360000,175,Coinbase,cosmosvaloper1c4k24jzduc365kywrsvf5ujz4ya6mwympnc4en,20.0,Twinstake,cosmosvaloper1svwt2mr4x2mx0hcmty0mxsa4rmlfau4lwx2l69,8.0,Figment,cosmosvaloper1hjct6q7npsspsg3dgvzk3sdf89spmlpfdn6m9d,9.0,5488,nPiuH9UH+XoFQlBYL/5SkiyNNwU=,2022-11-22T13:24:38.814130684Z,0.9885714285714284,11523733.707119,185753.946442,4392077.957041,0.02,0.01,0.04,62.11,0.1334472005036644,4964731953.832949,178183959.83257797,316964538829525,1116331902.7766285,11.147,0
12947250,7.23302752293578,0.6666,0.13,0.07,0.2,0.6666,4360000,175,Coinbase,cosmosvaloper1c4k24jzduc365kywrsvf5ujz4ya6mwympnc4en,20.0,Twinstake,cosmosvaloper1svwt2mr4x2mx0hcmty0mxsa4rmlfau4lwx2l69,8.0,Figment,cosmosvaloper1hjct6q7npsspsg3dgvzk3sdf89spmlpfdn6m9d,9.0,8855,AZucopRNPMNsfHMoPvPVjlbIpdQ=,2022-11-22T13:24:45.292678985Z,1.0,11523733.707119,185753.946442,4392077.957041,0.02,0.01,0.04,62.11,0.1334472172136613,4964750077.329853,178184641.1592124,316964548530909,1116437573.1161933,6.478,0
12947251,7.23302752293578,0.6666,0.13,0.07,0.2,0.6666,4360000,175,Coinbase,cosmosvaloper1c4k24jzduc365kywrsvf5ujz4ya6mwympnc4en,20.0,Twinstake,cosmosvaloper1svwt2mr4x2mx0hcmty0mxsa4rmlfau4lwx2l69,8.0,Figment,cosmosvaloper1hjct6q7npsspsg3dgvzk3sdf89spmlpfdn6m9d,9.0,4968,sRZ9BDfbnfDVM+4qzeSBBxOb3S4=,2022-11-22T13:24:51.663735056Z,1.0,11523733.707119,185753.946442,4392077.957041,0.02,0.01,0.04,62.11,0.1334472339236634,4964768207.115015,178185322.72224474,316964558232294,1116543280.1198876,6.371,0
12947252,7.23302752293578,0.6666,0.13,0.07,0.2,0.6666,4360000,175,Coinbase,cosmosvaloper1c4k24jzduc365kywrsvf5ujz4ya6mwympnc4en,20.0,Twinstake,cosmosvaloper1svwt2mr4x2mx0hcmty0mxsa4rmlfau4lwx2l69,8.0,Figment,cosmosvaloper1hjct6q7npsspsg3dgvzk3sdf89spmlpfdn6m9d,9.0,5400,1o7sDS6CSPHsZM21he22HspDK9g=,2022-11-22T13:24:57.831767501Z,1.0,11523733.707119,185753.946442,4392077.957041,0.02,0.01,0.04,62.11,0.133447250633672,4964786329.644431,178186004.0125078,316964567933681,1116648944.8184388,6.168,0
12947253,7.23302752293578,0.6666,0.13,0.07,0.2,0.6666,4360000,175,Coinbase,cosmosvaloper1c4k24jzduc365kywrsvf5ujz4ya6mwympnc4en,20.0,Twinstake,cosmosvaloper1svwt2mr4x2mx0hcmty0mxsa4rmlfau4lwx2l69,8.0,Figment,cosmosvaloper1hjct6q7npsspsg3dgvzk3sdf89spmlpfdn6m9d,9.0,0,aPJweVkNysw6wcSJKhoAjzSPWW8=,2022-11-22T13:25:04.276198235Z,1.0,11523733.707119,185753.946442,4392077.957041,0.02,0.01,0.04,62.11,0.1334472673436871,4964804452.983975,178186685.33322647,316964577635069,1116851682.1105006,6.445,0
12947254,7.23302752293578,0.6666,0.13,0.07,0.2,0.6666,4360000,175,Coinbase,cosmosvaloper1c4k24jzduc365kywrsvf5ujz4ya6mwympnc4en,20.0,Twinstake,cosmosvaloper1svwt2mr4x2mx0hcmty0mxsa4rmlfau4lwx2l69,8.0,Figment,cosmosvaloper1hjct6q7npsspsg3dgvzk3sdf89spmlpfdn6m9d,9.0,4619,rC1WBXzYR2Xm++MYl5CT6ORKoY8=,2022-11-22T13:25:10.631103101Z,1.0,11523733.707119,185753.946442,4392077.957041,0.02,0.01,0.04,62.11,0.1334472840537087,4964822566.243159,178187366.2749886,316964587336459,1116957292.7583036,6.355,0
12947255,7.23302752293578,0.6666,0.13,0.07,0.2,0.6666,4360000,175,Coinbase,cosmosvaloper1c4k24jzduc365kywrsvf5ujz4ya6mwympnc4en,20.0,Twinstake,cosmosvaloper1svwt2mr4x2mx0hcmty0mxsa4rmlfau4lwx2l69,8.0,Figment,cosmosvaloper1hjct6q7npsspsg3dgvzk3sdf89spmlpfdn6m9d,9.0,1300,9Zc0qJanaJQ2vDQiJE/YYq4YnFw=,2022-11-22T13:25:16.778684576Z,1.0,11523733.707119,185753.946442,4392077.957041,0.02,0.01,0.04,62.11,0.1334473007636288,4964840688.130116,178188047.5410993,316964597037850,1117062953.71095,6.147,0
12947256,7.23302752293578,0.6666,0.13,0.07,0.2,0.6666,4360000,175,Coinbase,cosmosvaloper1c4k24jzduc365kywrsvf5ujz4ya6mwympnc4en,20.0,Twinstake,cosmosvaloper1svwt2mr4x2mx0hcmty0mxsa4rmlfau4lwx2l69,8.0,Figment,cosmosvaloper1hjct6q7npsspsg3dgvzk3sdf89spmlpfdn6m9d,9.0,10235,MZIPm8Ojm2aHbMfW1eWJ4QOTvw4=,2022-11-22T13:25:23.445206538Z,1.0,11523733.707119,185753.946442,4392077.957041,0.02,0.01,0.04,62.11,0.1334473174735554,4964858803.822104,178188728.57431918,316964606739243,1117168578.543391,6.667,0
12947257,7.23302752293578,0.6666,0.13,0.07,0.2,0.6666,4360000,175,Coinbase,cosmosvaloper1c4k24jzduc365kywrsvf5ujz4ya6mwympnc4en,20.0,Twinstake,cosmosvaloper1svwt2mr4x2mx0hcmty0mxsa4rmlfau4lwx2l69,8.0,Figment,cosmosvaloper1hjct6q7npsspsg3dgvzk3sdf89spmlpfdn6m9d,9.0,20354,a9RwUCEzKpC5I5fY1yyjlQy4WOs=,2022-11-22T13:25:29.685204685Z,1.0,11523733.707119,185753.946442,4392077.957041,0.02,0.01,0.04,62.11,0.1334473341834885,4964876936.1909685,178189410.2344821,316964616440637,1117274300.6115515,6.24,0
12947258,7.23302752293578,0.6666,0.13,0.07,0.2,0.6666,4360000,175,Coinbase,cosmosvaloper1c4k24jzduc365kywrsvf5ujz4ya6mwympnc4en,20.0,Twinstake,cosmosvaloper1svwt2mr4x2mx0hcmty0mxsa4rmlfau4lwx2l69,8.0,Figment,cosmosvaloper1hjct6q7npsspsg3dgvzk3sdf89spmlpfdn6m9d,9.0,4710,USBWWacX3/uW4FT4vREIcw4Xrqc=,2022-11-22T13:25:36.434271905Z,1.0,11523733.707119,185753.946442,4392077.957041,0.02,0.01,0.04,62.11,0.1334473508934048,4964895087.454665,178190092.60496885,316964626142033,1117380132.8473718,6.749,0
12947259,7.23302752293578,0.6666,0.13,0.07,0.2,0.6666,4360000,175,Coinbase,cosmosvaloper1c4k24jzduc365kywrsvf5ujz4ya6mwympnc4en,20.0,Twinstake,cosmosvaloper1svwt2mr4x2mx0hcmty0mxsa4rmlfau4lwx2l69,8.0,Figment,cosmosvaloper1hjct6q7npsspsg3dgvzk3sdf89spmlpfdn6m9d,9.0,3500,HO0wcz0WJciatphndgbQ43s2dqk=,2022-11-22T13:25:42.788647248Z,1.0,11523733.707119,185753.946442,4392077.957041,0.02,0.01,0.04,62.11,0.1334473676033276,4964913209.513524,178190773.87754202,316964635843430,1117485794.8023093,6.354,0
12947260,7.23302752293578,0.6666,0.13,0.07,0.2,0.6666,4360000,175,Coinbase,cosmosvaloper1c4k24jzduc365kywrsvf5ujz4ya6mwympnc4en,20.0,Twinstake,cosmosvaloper1svwt2mr4x2mx0hcmty0mxsa4rmlfau4lwx2l69,8.0,Figment,cosmosvaloper1hjct6q7npsspsg3dgvzk3sdf89spmlpfdn6m9d,9.0,6298,ISI0dc6G88fNXphaqI/CSinJeBM=,2022-11-22T13:25:48.987040455Z,1.0,11523733.707119,185753.946442,4392077.957041,0.02,0.01,0.04,62.11,0.133447384313257,4964931329.313153,178191455.06518272,316964645544829,1117591443.5846446,6.199,0
12947261,7.23302752293578,0.6666,0.13,0.07,0.2,0.6666,4360000,175,Coinbase,cosmosvaloper1c4k24jzduc365kywrsvf5ujz4ya6mwympnc4en,20.0,Twinstake,cosmosvaloper1svwt2mr4x2mx0hcmty0mxsa4rmlfau4lwx2l69,8.0,Figment,cosmosvaloper1hjct6q7npsspsg3dgvzk3sdf89spmlpfdn6m9d,9.0,27307,C0LkfxVOJNEBhLsS4yNHqsYca4A=,2022-11-22T13:25:55.456982627Z,1.0,11523733.707119,185753.946442,4392077.957041,0.02,0.01,0.04,62.11,0.1334474010231928,4964949454.340601,178192136.44935566,316964655246229,1117697122.8481474,6.469,0
12947262,7.23302752293578,0.6666,0.13,0.07,0.2,0.6666,4360000,175,Coinbase,cosmosvaloper1c4k24jzduc365kywrsvf5ujz4ya6mwympnc4en,20.0,Twinstake,cosmosvaloper1svwt2mr4x2mx0hcmty0mxsa4rmlfau4lwx2l69,8.0,Figment,cosmosvaloper1hjct6q7npsspsg3dgvzk3sdf89spmlpfdn6m9d,9.0,4065,0tRY+SCey4yiqrHZngZhG4Eqh5c=,2022-11-22T13:26:01.603856708Z,0.9942857142857144,11523733.707119,185753.946442,4392077.957041,0.02,0.01,0.04,62.11,0.1334474177330357,4964967618.595357,178192819.3082225,316964664947631,1117803030.8292673,6.147,0
12947263,7.23302752293578,0.6666,0.13,0.07,0.2,0.6666,4360000,175,Coinbase,cosmosvaloper1c4k24jzduc365kywrsvf5ujz4ya6mwympnc4en,20.0,Twinstake,cosmosvaloper1svwt2mr4x2mx0hcmty0mxsa4rmlfau4lwx2l69,8.0,Figment,cosmosvaloper1hjct6q7npsspsg3dgvzk3sdf89spmlpfdn6m9d,9.0,3807,nBfJT3MTu01uBkKHvu3l04iOiFU=,2022-11-22T13:26:07.901190115Z,1.0,11523733.707119,185753.946442,4392077.957041,0.02,0.01,0.04,62.11,0.1334474344428852,4964985739.459221,178193500.53587157,316964674649034,1117908685.8166974,6.298,0
12947264,7.23302752293578,0.6666,0.13,0.07,0.2,0.6666,4360000,175,Coinbase,cosmosvaloper1c4k24jzduc365kywrsvf5ujz4ya6mwympnc4en,20.0,Twinstake,cosmosvaloper1svwt2mr4x2mx0hcmty0mxsa4rmlfau4lwx2l69,8.0,Figment,cosmosvaloper1hjct6q7npsspsg3dgvzk3sdf89spmlpfdn6m9d,9.0,13864,g/R9d0ew9jOmug30m33PYfkKobA=,2022-11-22T13:26:14.721063982Z,1.0,11523733.707119,185753.946442,4392077.957041,0.02,0.01,0.04,62.11,0.1334474678625683,4965022040.915592,178194865.2365816,316964694051846,1118120344.0436754,6.82,0
12947265,7.23302752293578,0.6666,0.13,0.07,0.2,0.6666,4360000,175,Coinbase,cosmosvaloper1c4k24jzduc365kywrsvf5ujz4ya6mwympnc4en,20.0,Twinstake,cosmosvaloper1svwt2mr4x2mx0hcmty0mxsa4rmlfau4lwx2l69,8.0,Figment,cosmosvaloper1hjct6q7npsspsg3dgvzk3sdf89spmlpfdn6m9d,9.0,3000,2mqqqVnJ74ij6zex8QfLJmfruqs=,2022-11-22T13:26:21.342335173Z,0.9942857142857144,11523733.707119,185753.946442,4392077.957041,0.02,0.01,0.04,62.11,0.1334474678625683,4965022040.915592,178194865.2365816,316964694051846,1118120344.0436754,6.621,0
12947266,7.23302752293578,0.6666,0.13,0.07,0.2,0.6666,4360000,175,Coinbase,cosmosvaloper1c4k24jzduc365kywrsvf5ujz4ya6mwympnc4en,20.0,Twinstake,cosmosvaloper1svwt2mr4x2mx0hcmty0mxsa4rmlfau4lwx2l69,8.0,Figment,cosmosvaloper1hjct6q7npsspsg3dgvzk3sdf89spmlpfdn6m9d,9.0,5075,TrEoJnX3JLWQJvIXPCPw3Jk28Rg=,2022-11-22T13:26:23.670521043Z,0.9885714285714284,11523733.707119,185753.946442,4392077.957041,0.02,0.01,0.04,62.11,0.1334474845724184,4965040159.790507,178195546.38945895,316964703753254,1118225987.4343958,2.328,0
12947267,7.23302752293578,0.6666,0.13,0.07,0.2,0.6666,4360000,175,Coinbase,cosmosvaloper1c4k24jzduc365kywrsvf5ujz4ya6mwympnc4en,20.0,Twinstake,cosmosvaloper1svwt2mr4x2mx0hcmty0mxsa4rmlfau4lwx2l69,8.0,Figment,cosmosvaloper1hjct6q7npsspsg3dgvzk3sdf89spmlpfdn6m9d,9.0,10423,7VCeeAl+EwapH+3o6Ft10Gvd9uM=,2022-11-22T13:26:29.838501955Z,1.0,11523733.707119,185753.946442,4392077.957041,0.02,0.01,0.04,62.11,0.1334475012822749,4965058282.541289,178196227.68804398,316964713454664,1118331653.4236388,6.168,0
12947268,7.23302752293578,0.6666,0.13,0.07,0.2,0.6666,4360000,175,Coinbase,cosmosvaloper1c4k24jzduc365kywrsvf5ujz4ya6mwympnc4en,20.0,Twinstake,cosmosvaloper1svwt2mr4x2mx0hcmty0mxsa4rmlfau4lwx2l69,8.0,Figment,cosmosvaloper1hjct6q7npsspsg3dgvzk3sdf89spmlpfdn6m9d,9.0,1148,7VCeeAl+EwapH+3o6Ft10Gvd9uM=,2022-11-22T13:26:41.031266290Z,0.9885714285714284,11523733.707119,185753.946442,4392077.957041,0.02,0.01,0.04,62.11,0.1334475179921274,4965076415.280933,178196909.36214578,316964723156075,1118437377.6536517,11.193,0
12947269,7.23302752293578,0.6666,0.13,0.07,0.2,0.6666,4360000,175,Coinbase,cosmosvaloper1c4k24jzduc365kywrsvf5ujz4ya6mwympnc4en,20.0,Twinstake,cosmosvaloper1svwt2mr4x2mx0hcmty0mxsa4rmlfau4lwx2l69,8.0,Figment,cosmosvaloper1hjct6q7npsspsg3dgvzk3sdf89spmlpfdn6m9d,9.0,5953,RqP4uDk7qhU8QOVyLq6C6g1Isy0=,2022-11-22T13:26:47.285606675Z,1.0,11523733.707119,185753.946442,4392077.957041,0.02,0.01,0.04,62.11,0.1334475347019864,4965094530.705305,178197590.38530502,316964732857488,1118543000.9257395,6.254,0
12947270,7.23302752293578,0.6666,0.13,0.07,0.2,0.6666,4360000,175,Coinbase,cosmosvaloper1c4k24jzduc365kywrsvf5ujz4ya6mwympnc4en,20.0,Twinstake,cosmosvaloper1svwt2mr4x2mx0hcmty0mxsa4rmlfau4lwx2l69,8.0,Figment,cosmosvaloper1hjct6q7npsspsg3dgvzk3sdf89spmlpfdn6m9d,9.0,2521,1o7sDS6CSPHsZM21he22HspDK9g=,2022-11-22T13:26:54.182712693Z,1.0,11523733.707119,185753.946442,4392077.957041,0.02,0.01,0.04,62.11,0.1334475514118508,4965112655.103796,178198271.74583325,316964742558902,1118648676.522064,6.897,0
12947271,7.23302752293578,0.6666,0.13,0.07,0.2,0.6666,4360000,175,Coinbase,cosmosvaloper1c4k24jzduc365kywrsvf5ujz4ya6mwympnc4en,20.0,Twinstake,cosmosvaloper1svwt2mr4x2mx0hcmty0mxsa4rmlfau4lwx2l69,8.0,Figment,cosmosvaloper1hjct6q7npsspsg3dgvzk3sdf89spmlpfdn6m9d,9.0,1545,rC1WBXzYR2Xm++MYl5CT6ORKoY8=,2022-11-22T13:27:00.609967382Z,1.0,11523733.707119,185753.946442,4392077.957041,0.02,0.01,0.04,62.11,0.1334475681217217,4965130773.096346,178198952.8655394,316964752260318,1118851354.118095,6.427,0
12947272,7.23302752293578,0.6666,0.13,0.07,0.2,0.6666,4360000,175,Coinbase,cosmosvaloper1c4k24jzduc365kywrsvf5ujz4ya6mwympnc4en,20.0,Twinstake,cosmosvaloper1svwt2mr4x2mx0hcmty0mxsa4rmlfau4lwx2l69,8.0,Figment,cosmosvaloper1hjct6q7npsspsg3dgvzk3sdf89spmlpfdn6m9d,9.0,4500,Z5uJeFlzvpTU/fi2b4SpKZMukcU=,2022-11-22T13:27:06.829159828Z,1.0,11523733.707119,185753.946442,4392077.957041,0.02,0.01,0.04,62.11,0.133447584831599,4965148889.27027,178199633.916877,316964761961735,1118956981.7605038,6.22,0
12947273,7.23302752293578,0.6666,0.13,0.07,0.2,0.6666,4360000,175,Coinbase,cosmosvaloper1c4k24jzduc365kywrsvf5ujz4ya6mwympnc4en,20.0,Twinstake,cosmosvaloper1svwt2mr4x2mx0hcmty0mxsa4rmlfau4lwx2l69,8.0,Figment,cosmosvaloper1hjct6q7npsspsg3dgvzk3sdf89spmlpfdn6m9d,9.0,6334,ez0B91Tf+EdO0ONYgS/UN+CTidw=,2022-11-22T13:27:13.299768624Z,1.0,11523733.707119,185753.946442,4392077.957041,0.02,0.01,0.04,62.11,0.1334476015414829,4965167010.963275,178200315.17569637,316964771663154,1119062641.582297,6.47,0
12947274,7.23302752293578,0.6666,0.13,0.07,0.2,0.6666,4360000,175,Coinbase,cosmosvaloper1c4k24jzduc365kywrsvf5ujz4ya6mwympnc4en,20.0,Twinstake,cosmosvaloper1svwt2mr4x2mx0hcmty0mxsa4rmlfau4lwx2l69,8.0,Figment,cosmosvaloper1hjct6q7npsspsg3dgvzk3sdf89spmlpfdn6m9d,9.0,864,nPiuH9UH+XoFQlBYL/5SkiyNNwU=,2022-11-22T13:27:19.596376683Z,1.0,11523733.707119,185753.946442,4392077.957041,0.02,0.01,0.04,62.11,0.1334476182513439,4965185136.084232,178200996.56338468,316964781364574,1119168321.391015,6.297,0
12947275,7.23302752293578,0.6666,0.13,0.07,0.2,0.6666,4360000,175,Coinbase,cosmosvaloper1c4k24jzduc365kywrsvf5ujz4ya6mwympnc4en,20.0,Twinstake,cosmosvaloper1svwt2mr4x2mx0hcmty0mxsa4rmlfau4lwx2l69,8.0,Figment,cosmosvaloper1hjct6q7npsspsg3dgvzk3sdf89spmlpfdn6m9d,9.0,1000,2fikG3gqpqZq3IH5U5I8fc57YAE=,2022-11-22T13:27:25.991973890Z,1.0,11523733.707119,185753.946442,4392077.957041,0.02,0.01,0.04,62.11,0.1334476349612114,4965203250.994146,178201677.5672036,316964791065996,1119273941.6635177,6.395,0
12947276,7.23302752293578,0.6666,0.13,0.07,0.2,0.6666,4360000,175,Coinbase,cosmosvaloper1c4k24jzduc365kywrsvf5ujz4ya6mwympnc4en,20.0,Twinstake,cosmosvaloper1svwt2mr4x2mx0hcmty0mxsa4rmlfau4lwx2l69,8.0,Figment,cosmosvaloper1hjct6q7npsspsg3dgvzk3sdf89spmlpfdn6m9d,9.0,6447,+USWk75IKU7P/0f1r7PDHB36sxM=,2022-11-22T13:27:32.363937468Z,1.0,11523733.707119,185753.946442,4392077.957041,0.02,0.01,0.04,62.11,0.1334476516710854,4965265027.058141,178202358.5806119,316964800767419,1119379563.4232852,6.372,0
12947277,7.23302752293578,0.6666,0.13,0.07,0.2,0.6666,4360000,175,Coinbase,cosmosvaloper1c4k24jzduc365kywrsvf5ujz4ya6mwympnc4en,20.0,Twinstake,cosmosvaloper1svwt2mr4x2mx0hcmty0mxsa4rmlfau4lwx2l69,8.0,Figment,cosmosvaloper1hjct6q7npsspsg3dgvzk3sdf89spmlpfdn6m9d,9.0,0,leBg0HcTBw/pgi9sUL12vMv58Xo=,2022-11-22T13:27:38.631018189Z,1.0,11523733.707119,185753.946442,4392077.957041,0.02,0.01,0.04,62.11,0.1334476683809659,4965283152.394968,178203039.97641557,316964810468844,1119485244.4906511,6.268,0
12947278,7.23302752293578,0.6666,0.13,0.07,0.2,0.6666,4360000,175,Coinbase,cosmosvaloper1c4k24jzduc365kywrsvf5ujz4ya6mwympnc4en,20.0,Twinstake,cosmosvaloper1svwt2mr4x2mx0hcmty0mxsa4rmlfau4lwx2l69,8.0,Figment,cosmosvaloper1hjct6q7npsspsg3dgvzk3sdf89spmlpfdn6m9d,9.0,5502,3qELGQGaE7F9GrnK4XMhza47BIc=,2022-11-22T13:27:45.335153846Z,1.0,11523733.707119,185753.946442,4392077.957041,0.02,0.01,0.04,62.11,0.1334476850908529,4965301265.698487,178203720.9198444,316964820170270,1119590855.3969538,6.704,0
12947279,7.23302752293578,0.6666,0.13,0.07,0.2,0.6666,4360000,175,Coinbase,cosmosvaloper1c4k24jzduc365kywrsvf5ujz4ya6mwympnc4en,20.0,Twinstake,cosmosvaloper1svwt2mr4x2mx0hcmty0mxsa4rmlfau4lwx2l69,8.0,Figment,cosmosvaloper1hjct6q7npsspsg3dgvzk3sdf89spmlpfdn6m9d,9.0,5500,+OUDK5jV0yRC4yW2lwtDT3UuET4=,2022-11-22T13:27:51.891832024Z,1.0,11523733.707119,185753.946442,4392077.957041,0.02,0.01,0.04,62.11,0.133447701800746,4965319389.276529,178204402.24952903,316964829871698,1119696526.209592,6.556,0
12947280,7.23302752293578,0.6666,0.13,0.07,0.2,0.6666,4360000,175,Coinbase,cosmosvaloper1c4k24jzduc365kywrsvf5ujz4ya6mwympnc4en,20.0,Twinstake,cosmosvaloper1svwt2mr4x2mx0hcmty0mxsa4rmlfau4lwx2l69,8.0,Figment,cosmosvaloper1hjct6q7npsspsg3dgvzk3sdf89spmlpfdn6m9d,9.0,13313,sRZ9BDfbnfDVM+4qzeSBBxOb3S4=,2022-11-22T13:27:58.202092712Z,1.0,11523733.707119,185753.946442,4392077.957041,0.02,0.01,0.04,62.11,0.1334477185106456,4965337512.85457,178205083.57921365,316964839573127,1119802197.02223,6.311,0
12947281,7.23302752293578,0.6666,0.13,0.07,0.2,0.6666,4360000,175,Coinbase,cosmosvaloper1c4k24jzduc365kywrsvf5ujz4ya6mwympnc4en,20.0,Twinstake,cosmosvaloper1svwt2mr4x2mx0hcmty0mxsa4rmlfau4lwx2l69,8.0,Figment,cosmosvaloper1hjct6q7npsspsg3dgvzk3sdf89spmlpfdn6m9d,9.0,2500,bXAfpZUyaI3xa6+VIRN+jBTLsxY=,2022-11-22T13:28:04.431194705Z,1.0,11523733.707119,185753.946442,4392077.957041,0.02,0.01,0.04,62.11,0.1334477352205515,4965355651.021856,178205765.45735982,316964849274558,1119907952.8984962,6.229,0
12947282,7.23302752293578,0.6666,0.13,0.07,0.2,0.6666,4360000,175,Coinbase,cosmosvaloper1c4k24jzduc365kywrsvf5ujz4ya6mwympnc4en,20.0,Twinstake,cosmosvaloper1svwt2mr4x2mx0hcmty0mxsa4rmlfau4lwx2l69,8.0,Figment,cosmosvaloper1hjct6q7npsspsg3dgvzk3sdf89spmlpfdn6m9d,9.0,9184,gZZf6KFfqAeMkgLzLkz6cvhfKiI=,2022-11-22T13:28:11.243392987Z,1.0,11523733.707119,185753.946442,4392077.957041,0.02,0.01,0.04,62.11,0.1334477519304639,4965373769.004177,178206446.57668144,316964858975990,1120013591.0848868,6.812,0
12947283,7.23302752293578,0.6666,0.13,0.07,0.2,0.6666,4360000,175,Coinbase,cosmosvaloper1c4k24jzduc365kywrsvf5ujz4ya6mwympnc4en,20.0,Twinstake,cosmosvaloper1svwt2mr4x2mx0hcmty0mxsa4rmlfau4lwx2l69,8.0,Figment,cosmosvaloper1hjct6q7npsspsg3dgvzk3sdf89spmlpfdn6m9d,9.0,9184,gZZf6KFfqAeMkgLzLkz6cvhfKiI=,2022-11-22T13:28:11.243392987Z,1.0,11523733.707119,185753.946442,4392077.957041,0.02,0.01,0.04,62.11,0.1334477519304639,4965400964.699632,178207128.16522002,316964858975990,1120066446.5646799,6.812,1
12947284,7.23302752293578,0.6666,0.13,0.07,0.2,0.6666,4360000,175,Coinbase,cosmosvaloper1c4k24jzduc365kywrsvf5ujz4ya6mwympnc4en,20.0,Twinstake,cosmosvaloper1svwt2mr4x2mx0hcmty0mxsa4rmlfau4lwx2l69,8.0,Figment,cosmosvaloper1hjct6q7npsspsg3dgvzk3sdf89spmlpfdn6m9d,9.0,8862,0tRY+SCey4yiqrHZngZhG4Eqh5c=,2022-11-22T13:28:23.918580123Z,1.0,11523733.707119,185753.946442,4392077.957041,0.02,0.01,0.04,62.11,0.1334477686403828,4965391899.4678135,178207128.16522002,316964868677424,1120119302.044473,6.3375,0
12947285,7.23302752293578,0.6666,0.13,0.07,0.2,0.6666,4360000,175,Coinbase,cosmosvaloper1c4k24jzduc365kywrsvf5ujz4ya6mwympnc4en,20.0,Twinstake,cosmosvaloper1svwt2mr4x2mx0hcmty0mxsa4rmlfau4lwx2l69,8.0,Figment,cosmosvaloper1hjct6q7npsspsg3dgvzk3sdf89spmlpfdn6m9d,9.0,7681,CZ4rCVgzMa/eNeX6lmc9LKfeoxY=,2022-11-22T13:28:30.161791314Z,1.0,11523733.707119,185753.946442,4392077.957041,0.02,0.01,0.04,62.11,0.1334477853503082,4965410030.472901,178207809.7741137,316964878378859,1120225016.1610346,6.243,0
12947286,7.23302752293578,0.6666,0.13,0.07,0.2,0.6666,4360000,175,Coinbase,cosmosvaloper1c4k24jzduc365kywrsvf5ujz4ya6mwympnc4en,20.0,Twinstake,cosmosvaloper1svwt2mr4x2mx0hcmty0mxsa4rmlfau4lwx2l69,8.0,Figment,cosmosvaloper1hjct6q7npsspsg3dgvzk3sdf89spmlpfdn6m9d,9.0,7681,CZ4rCVgzMa/eNeX6lmc9LKfeoxY=,2022-11-22T13:28:30.161791314Z,1.0,11523733.707119,185753.946442,4392077.957041,0.02,0.01,0.04,62.11,0.1334477853503082,4965573204.259093,178211899.29565784,316964878378859,1120590717.9185605,6.243,1
12947287,7.23302752293578,0.6666,0.13,0.07,0.2,0.6666,4360000,175,Coinbase,cosmosvaloper1c4k24jzduc365kywrsvf5ujz4ya6mwympnc4en,20.0,Twinstake,cosmosvaloper1svwt2mr4x2mx0hcmty0mxsa4rmlfau4lwx2l69,8.0,Figment,cosmosvaloper1hjct6q7npsspsg3dgvzk3sdf89spmlpfdn6m9d,9.0,17760,9Zc0qJanaJQ2vDQiJE/YYq4YnFw=,2022-11-22T13:28:47.860120536Z,0.9942857142857144,11523733.707119,185753.946442,4392077.957041,0.02,0.01,0.04,62.11,0.1334478856093682,4965518812.997029,178211899.29565784,316964936587502,1120956419.6760864,8.8495,0
12947288,7.23302752293578,0.6666,0.13,0.07,0.2,0.6666,4360000,175,Coinbase,cosmosvaloper1c4k24jzduc365kywrsvf5ujz4ya6mwympnc4en,20.0,Twinstake,cosmosvaloper1svwt2mr4x2mx0hcmty0mxsa4rmlfau4lwx2l69,8.0,Figment,cosmosvaloper1hjct6q7npsspsg3dgvzk3sdf89spmlpfdn6m9d,9.0,17760,9Zc0qJanaJQ2vDQiJE/YYq4YnFw=,2022-11-22T13:28:47.860120536Z,0.9942857142857144,11523733.707119,185753.946442,4392077.957041,0.02,0.01,0.04,62.11,0.1334478856093682,4965555061.370943,178212807.76575908,316964936587502,1121026869.251395,8.8495,1
12947289,7.23302752293578,0.6666,0.13,0.07,0.2,0.6666,4360000,175,Coinbase,cosmosvaloper1c4k24jzduc365kywrsvf5ujz4ya6mwympnc4en,20.0,Twinstake,cosmosvaloper1svwt2mr4x2mx0hcmty0mxsa4rmlfau4lwx2l69,8.0,Figment,cosmosvaloper1hjct6q7npsspsg3dgvzk3sdf89spmlpfdn6m9d,9.0,17760,9Zc0qJanaJQ2vDQiJE/YYq4YnFw=,2022-11-22T13:28:47.860120536Z,0.9942857142857144,11523733.707119,185753.946442,4392077.957041,0.02,0.01,0.04,62.11,0.1334478856093682,4965555061.370943,178212807.76575908,316964936587502,1121026869.251395,8.8495,1
12947290,7.23302752293578,0.6666,0.13,0.07,0.2,0.6666,4360000,175,Coinbase,cosmosvaloper1c4k24jzduc365kywrsvf5ujz4ya6mwympnc4en,20.0,Twinstake,cosmosvaloper1svwt2mr4x2mx0hcmty0mxsa4rmlfau4lwx2l69,8.0,Figment,cosmosvaloper1hjct6q7npsspsg3dgvzk3sdf89spmlpfdn6m9d,9.0,0,HO0wcz0WJciatphndgbQ43s2dqk=,2022-11-22T13:29:06.985490387Z,1.0,11523733.707119,185753.946442,4392077.957041,0.02,0.01,0.04,62.11,0.1334479190290614,4965555061.370943,178213262.0008097,316964955990395,1121167768.402012,6.375,0
12947291,7.23302752293578,0.6666,0.13,0.07,0.2,0.6666,4360000,175,Coinbase,cosmosvaloper1c4k24jzduc365kywrsvf5ujz4ya6mwympnc4en,20.0,Twinstake,cosmosvaloper1svwt2mr4x2mx0hcmty0mxsa4rmlfau4lwx2l69,8.0,Figment,cosmosvaloper1hjct6q7npsspsg3dgvzk3sdf89spmlpfdn6m9d,9.0,0,HO0wcz0WJciatphndgbQ43s2dqk=,2022-11-22T13:29:06.985490387Z,1.0,11523733.707119,185753.946442,4392077.957041,0.02,0.01,0.04,62.11,0.1334479190290614,4965636640.592312,178215306.5693101,316964955990395,1121273431.5250597,6.375,1
12947292,7.23302752293578,0.6666,0.13,0.07,0.2,0.6666,4360000,175,Coinbase,cosmosvaloper1c4k24jzduc365kywrsvf5ujz4ya6mwympnc4en,20.0,Twinstake,cosmosvaloper1svwt2mr4x2mx0hcmty0mxsa4rmlfau4lwx2l69,8.0,Figment,cosmosvaloper1hjct6q7npsspsg3dgvzk3sdf89spmlpfdn6m9d,9.0,8000,WS8Xu4zzaqNYZ2Wfiw6eduEbz7o=,2022-11-22T13:29:19.342262264Z,1.0,11523733.707119,185753.946442,4392077.957041,0.02,0.01,0.04,62.11,0.1334479524487802,4965609447.518522,178215306.5693101,316964985094746,1121379094.648107,6.1785,0
12947293,7.23302752293578,0.6666,0.13,0.07,0.2,0.6666,4360000,175,Coinbase,cosmosvaloper1c4k24jzduc365kywrsvf5ujz4ya6mwympnc4en,20.0,Twinstake,cosmosvaloper1svwt2mr4x2mx0hcmty0mxsa4rmlfau4lwx2l69,8.0,Figment,cosmosvaloper1hjct6q7npsspsg3dgvzk3sdf89spmlpfdn6m9d,9.0,8000,WS8Xu4zzaqNYZ2Wfiw6eduEbz7o=,2022-11-22T13:29:19.342262264Z,1.0,11523733.707119,185753.946442,4392077.957041,0.02,0.01,0.04,62.11,0.1334479524487802,4965645685.292957,178216214.7737633,316964985094746,1121484782.3100967,6.1785,1
12947294,7.23302752293578,0.6666,0.13,0.07,0.2,0.6666,4360000,175,Coinbase,cosmosvaloper1c4k24jzduc365kywrsvf5ujz4ya6mwympnc4en,20.0,Twinstake,cosmosvaloper1svwt2mr4x2mx0hcmty0mxsa4rmlfau4lwx2l69,8.0,Figment,cosmosvaloper1hjct6q7npsspsg3dgvzk3sdf89spmlpfdn6m9d,9.0,8000,WS8Xu4zzaqNYZ2Wfiw6eduEbz7o=,2022-11-22T13:29:19.342262264Z,1.0,11523733.707119,185753.946442,4392077.957041,0.02,0.01,0.04,62.11,0.1334479524487802,4965645685.292957,178216214.7737633,316964985094746,1121484782.3100967,6.1785,1
12947295,7.23302752293578,0.6666,0.13,0.07,0.2,0.6666,4360000,175,Coinbase,cosmosvaloper1c4k24jzduc365kywrsvf5ujz4ya6mwympnc4en,20.0,Twinstake,cosmosvaloper1svwt2mr4x2mx0hcmty0mxsa4rmlfau4lwx2l69,8.0,Figment,cosmosvaloper1hjct6q7npsspsg3dgvzk3sdf89spmlpfdn6m9d,9.0,2074,SP1WDTywtVKSTLwPnCumiIP6ETU=,2022-11-22T13:29:38.032364148Z,1.0,11523733.707119,185753.946442,4392077.957041,0.02,0.01,0.04,62.11,0.1334480025784007,4965645685.292957,178216668.87598988,316965004497654,1121696157.634076,6.23,0
12947296,7.23302752293578,0.6666,0.13,0.07,0.2,0.6666,4360000,175,Coinbase,cosmosvaloper1c4k24jzduc365kywrsvf5ujz4ya6mwympnc4en,20.0,Twinstake,cosmosvaloper1svwt2mr4x2mx0hcmty0mxsa4rmlfau4lwx2l69,8.0,Figment,cosmosvaloper1hjct6q7npsspsg3dgvzk3sdf89spmlpfdn6m9d,9.0,2074,SP1WDTywtVKSTLwPnCumiIP6ETU=,2022-11-22T13:29:38.032364148Z,1.0,11523733.707119,185753.946442,4392077.957041,0.02,0.01,0.04,62.11,0.1334480025784007,4965672866.145528,178217350.09253067,316965004497654,1121748984.2663739,6.23,1
12947297,7.23302752293578,0.6666,0.13,0.07,0.2,0.6666,4360000,175,Coinbase,cosmosvaloper1c4k24jzduc365kywrsvf5ujz4ya6mwympnc4en,20.0,Twinstake,cosmosvaloper1svwt2mr4x2mx0hcmty0mxsa4rmlfau4lwx2l69,8.0,Figment,cosmosvaloper1hjct6q7npsspsg3dgvzk3sdf89spmlpfdn6m9d,9.0,3867,7VCeeAl+EwapH+3o6Ft10Gvd9uM=,2022-11-22T13:29:50.754381551Z,1.0,11523733.707119,185753.946442,4392077.957041,0.02,0.01,0.04,62.11,0.1334480192882869,4965663805.861338,178217350.09253067,316965014199110,1121801810.8986716,6.361,0
12947298,7.23302752293578,0.6666,0.13,0.07,0.2,0.6666,4360000,175,Coinbase,cosmosvaloper1c4k24jzduc365kywrsvf5ujz4ya6mwympnc4en,20.0,Twinstake,cosmosvaloper1svwt2mr4x2mx0hcmty0mxsa4rmlfau4lwx2l69,8.0,Figment,cosmosvaloper1hjct6q7npsspsg3dgvzk3sdf89spmlpfdn6m9d,9.0,2940,nPiuH9UH+XoFQlBYL/5SkiyNNwU=,2022-11-22T13:29:57.000519057Z,1.0,11523733.707119,185753.946442,4392077.957041,0.02,0.01,0.04,62.11,0.1334480359981797,4965681924.700807,178218031.2440755,316965023900568,1121907454.082724,6.246,0
12947299,7.23302752293578,0.6666,0.13,0.07,0.2,0.6666,4360000,175,Coinbase,cosmosvaloper1c4k24jzduc365kywrsvf5ujz4ya6mwympnc4en,20.0,Twinstake,cosmosvaloper1svwt2mr4x2mx0hcmty0mxsa4rmlfau4lwx2l69,8.0,Figment,cosmosvaloper1hjct6q7npsspsg3dgvzk3sdf89spmlpfdn6m9d,9.0,6797,zAWIKXj8X91qdyFofhTAKZrgBLg=,2022-11-22T13:30:03.556357294Z,1.0,11523733.707119,185753.946442,4392077.957041,0.02,0.01,0.04,62.11,0.1334480359981797,4965681924.700807,178218031.2440755,316965023900568,1121907454.082724,6.556,0
12947300,7.23302752293578,0.6666,0.13,0.07,0.2,0.6666,4360000,175,Coinbase,cosmosvaloper1c4k24jzduc365kywrsvf5ujz4ya6mwympnc4en,20.0,Twinstake,cosmosvaloper1svwt2mr4x2mx0hcmty0mxsa4rmlfau4lwx2l69,8.0,Figment,cosmosvaloper1hjct6q7npsspsg3dgvzk3sdf89spmlpfdn6m9d,9.0,23767,XXQZZsEntvZsCcyG3J5KwuKCY8c=,2022-11-22T13:30:09.894419818Z,1.0,11523733.707119,185753.946442,4392077.957041,0.02,0.01,0.04,62.11,0.1334480527080551,4965700050.745319,178218712.66648355,316965033602027,1122013139.276299,6.338,0
12947301,7.23302752293578,0.6666,0.13,0.07,0.2,0.6666,4360000,175,Coinbase,cosmosvaloper1c4k24jzduc365kywrsvf5ujz4ya6mwympnc4en,20.0,Twinstake,cosmosvaloper1svwt2mr4x2mx0hcmty0mxsa4rmlfau4lwx2l69,8.0,Figment,cosmosvaloper1hjct6q7npsspsg3dgvzk3sdf89spmlpfdn6m9d,9.0,6376,O4RcmvHWnp+7YgtpqyJrKLrJeYU=,2022-11-22T13:30:16.161048743Z,1.0,11523733.707119,185753.946442,4392077.957041,0.02,0.01,0.04,62.11,0.1334480694179351,4965718208.475969,178219395.2800861,316965043303488,1122119009.218155,6.267,0
12947302,7.23302752293578,0.6666,0.13,0.07,0.2,0.6666,4360000,175,Coinbase,cosmosvaloper1c4k24jzduc365kywrsvf5ujz4ya6mwympnc4en,20.0,Twinstake,cosmosvaloper1svwt2mr4x2mx0hcmty0mxsa4rmlfau4lwx2l69,8.0,Figment,cosmosvaloper1hjct6q7npsspsg3dgvzk3sdf89spmlpfdn6m9d,9.0,7062,KCVaVyCeRxJOgaOO87DOGUn3Su4=,2022-11-22T13:30:22.856888079Z,1.0,11523733.707119,185753.946442,4392077.957041,0.02,0.01,0.04,62.11,0.1334480861278217,4965736333.73802,178220076.6730786,316965053004950,1122224689.8495252,6.695,0
12947303,7.23302752293578,0.6666,0.13,0.07,0.2,0.6666,4360000,175,Coinbase,cosmosvaloper1c4k24jzduc365kywrsvf5ujz4ya6mwympnc4en,20.0,Twinstake,cosmosvaloper1svwt2mr4x2mx0hcmty0mxsa4rmlfau4lwx2l69,8.0,Figment,cosmosvaloper1hjct6q7npsspsg3dgvzk3sdf89spmlpfdn6m9d,9.0,11455,1o7sDS6CSPHsZM21he22HspDK9g=,2022-11-22T13:30:29.073744445Z,1.0,11523733.707119,185753.946442,4392077.957041,0.02,0.01,0.04,62.11,0.1334481028377147,4965754460.2824745,178220758.11428124,316965062706414,1122330377.9580464,6.217,0
12947304,7.23302752293578,0.6666,0.13,0.07,0.2,0.6666,4360000,175,Coinbase,cosmosvaloper1c4k24jzduc365kywrsvf5ujz4ya6mwympnc4en,20.0,Twinstake,cosmosvaloper1svwt2mr4x2mx0hcmty0mxsa4rmlfau4lwx2l69,8.0,Figment,cosmosvaloper1hjct6q7npsspsg3dgvzk3sdf89spmlpfdn6m9d,9.0,11664,rC1WBXzYR2Xm++MYl5CT6ORKoY8=,2022-11-22T13:30:35.423126476Z,1.0,11523733.707119,185753.946442,4392077.957041,0.02,0.01,0.04,62.11,0.1334481195476143,4965772595.032724,178221439.86396888,316965072407879,1122533243.1010427,6.35,0
12947305,7.23302752293578,0.6666,0.13,0.07,0.2,0.6666,4360000,175,Coinbase,cosmosvaloper1c4k24jzduc365kywrsvf5ujz4ya6mwympnc4en,20.0,Twinstake,cosmosvaloper1svwt2mr4x2mx0hcmty0mxsa4rmlfau4lwx2l69,8.0,Figment,cosmosvaloper1hjct6q7npsspsg3dgvzk3sdf89spmlpfdn6m9d,9.0,12603,rC1WBXzYR2Xm++MYl5CT6ORKoY8=,2022-11-22T13:30:46.433207409Z,0.9885714285714284,11523733.707119,185753.946442,4392077.957041,0.02,0.01,0.04,62.11,0.1334481362575203,4965790730.175061,178222121.62839642,316965082109346,1122638981.3401234,11.01,0
12947306,7.23302752293578,0.6666,0.13,0.07,0.2,0.6666,4360000,175,Coinbase,cosmosvaloper1c4k24jzduc365kywrsvf5ujz4ya6mwympnc4en,20.0,Twinstake,cosmosvaloper1svwt2mr4x2mx0hcmty0mxsa4rmlfau4lwx2l69,8.0,Figment,cosmosvaloper1hjct6q7npsspsg3dgvzk3sdf89spmlpfdn6m9d,9.0,12084,0tRY+SCey4yiqrHZngZhG4Eqh5c=,2022-11-22T13:30:52.515941429Z,1.0,11523733.707119,185753.946442,4392077.957041,0.02,0.01,0.04,62.11,0.1334481529674091,4965808867.074315,178222803.45887274,316965091810814,1122744729.823038,6.082,0
12947307,7.23302752293578,0.6666,0.13,0.07,0.2,0.6666,4360000,175,Coinbase,cosmosvaloper1c4k24jzduc365kywrsvf5ujz4ya6mwympnc4en,20.0,Twinstake,cosmosvaloper1svwt2mr4x2mx0hcmty0mxsa4rmlfau4lwx2l69,8.0,Figment,cosmosvaloper1hjct6q7npsspsg3dgvzk3sdf89spmlpfdn6m9d,9.0,3885,Z5uJeFlzvpTU/fi2b4SpKZMukcU=,2022-11-22T13:30:58.810776912Z,1.0,11523733.707119,185753.946442,4392077.957041,0.02,0.01,0.04,62.11,0.1334481696772936,4965827003.006423,178223485.25299066,316965101512284,1122850472.6669457,6.295,0
12947308,7.23302752293578,0.6666,0.13,0.07,0.2,0.6666,4360000,175,Coinbase,cosmosvaloper1c4k24jzduc365kywrsvf5ujz4ya6mwympnc4en,20.0,Twinstake,cosmosvaloper1svwt2mr4x2mx0hcmty0mxsa4rmlfau4lwx2l69,8.0,Figment,cosmosvaloper1hjct6q7npsspsg3dgvzk3sdf89spmlpfdn6m9d,9.0,9751,sRZ9BDfbnfDVM+4qzeSBBxOb3S4=,2022-11-22T13:31:05.202684948Z,1.0,11523733.707119,185753.946442,4392077.957041,0.02,0.01,0.04,62.11,0.1334481863871847,4965845123.632092,178224166.4716851,316965111213756,1122956126.2655628,6.392,0
12947309,7.23302752293578,0.6666,0.13,0.07,0.2,0.6666,4360000,175,Coinbase,cosmosvaloper1c4k24jzduc365kywrsvf5ujz4ya6mwympnc4en,20.0,Twinstake,cosmosvaloper1svwt2mr4x2mx0hcmty0mxsa4rmlfau4lwx2l69,8.0,Figment,cosmosvaloper1hjct6q7npsspsg3dgvzk3sdf89spmlpfdn6m9d,9.0,869,/V1U4Nnkdo/qTA3/3In6lrZlfzI=,2022-11-22T13:31:11.370097782Z,1.0,11523733.707119,185753.946442,4392077.957041,0.02,0.01,0.04,62.11,0.1334482030970822,4965863255.212836,178224848.10221976,316965120915229,1123061843.7385268,6.168,0
12947310,7.23302752293578,0.6666,0.13,0.07,0.2,0.6666,4360000,175,Coinbase,cosmosvaloper1c4k24jzduc365kywrsvf5ujz4ya6mwympnc4en,20.0,Twinstake,cosmosvaloper1svwt2mr4x2mx0hcmty0mxsa4rmlfau4lwx2l69,8.0,Figment,cosmosvaloper1hjct6q7npsspsg3dgvzk3sdf89spmlpfdn6m9d,9.0,10495,MZIPm8Ojm2aHbMfW1eWJ4QOTvw4=,2022-11-22T13:31:17.685432990Z,1.0,11523733.707119,185753.946442,4392077.957041,0.02,0.01,0.04,62.11,0.1334482198069863,4965881370.212088,178225529.1093972,316965130616704,1123167464.5319192,6.315,0
12947311,7.23302752293578,0.6666,0.13,0.07,0.2,0.6666,4360000,175,Coinbase,cosmosvaloper1c4k24jzduc365kywrsvf5ujz4ya6mwympnc4en,20.0,Twinstake,cosmosvaloper1svwt2mr4x2mx0hcmty0mxsa4rmlfau4lwx2l69,8.0,Figment,cosmosvaloper1hjct6q7npsspsg3dgvzk3sdf89spmlpfdn6m9d,9.0,5500,07wmsaneyNVrCjuOzSMRDsTNRac=,2022-11-22T13:31:23.930724550Z,1.0,11523733.707119,185753.946442,4392077.957041,0.02,0.01,0.04,62.11,0.1334482365169152,4965899503.187536,178226210.79236376,316965140318180,1123273190.1368096,6.245,0
12947312,7.23302752293578,0.6666,0.13,0.07,0.2,0.6666,4360000,175,Coinbase,cosmosvaloper1c4k24jzduc365kywrsvf5ujz4ya6mwympnc4en,20.0,Twinstake,cosmosvaloper1svwt2mr4x2mx0hcmty0mxsa4rmlfau4lwx2l69,8.0,Figment,cosmosvaloper1hjct6q7npsspsg3dgvzk3sdf89spmlpfdn6m9d,9.0,9187,AZucopRNPMNsfHMoPvPVjlbIpdQ=,2022-11-22T13:31:30.225681503Z,1.0,11523733.707119,185753.946442,4392077.957041,0.02,0.01,0.04,62.11,0.1334482532268507,4965917626.838813,178226892.12480155,316965150019658,1123378861.3764503,6.295,0
12947313,7.23302752293578,0.6666,0.13,0.07,0.2,0.6666,4360000,175,Coinbase,cosmosvaloper1c4k24jzduc365kywrsvf5ujz4ya6mwympnc4en,20.0,Twinstake,cosmosvaloper1svwt2mr4x2mx0hcmty0mxsa4rmlfau4lwx2l69,8.0,Figment,cosmosvaloper1hjct6q7npsspsg3dgvzk3sdf89spmlpfdn6m9d,9.0,3000,aPJweVkNysw6wcSJKhoAjzSPWW8=,2022-11-22T13:31:36.656818091Z,1.0,11523733.707119,185753.946442,4392077.957041,0.02,0.01,0.04,62.11,0.1334482699367863,4965935757.379294,178227573.71622905,316965159721137,1123484572.7840905,6.431,0
12947314,7.23302752293578,0.6666,0.13,0.07,0.2,0.6666,4360000,175,Coinbase,cosmosvaloper1c4k24jzduc365kywrsvf5ujz4ya6mwympnc4en,20.0,Twinstake,cosmosvaloper1svwt2mr4x2mx0hcmty0mxsa4rmlfau4lwx2l69,8.0,Figment,cosmosvaloper1hjct6q7npsspsg3dgvzk3sdf89spmlpfdn6m9d,9.0,1548,9Zc0qJanaJQ2vDQiJE/YYq4YnFw=,2022-11-22T13:31:43.027122647Z,0.9942857142857144,11523733.707119,185753.946442,4392077.957041,0.02,0.01,0.04,62.11,0.1334482866467285,4965953876.370049,178228254.87346128,316965169422618,1123590216.8502283,6.371,0
12947315,7.23302752293578,0.6666,0.13,0.07,0.2,0.6666,4360000,175,Coinbase,cosmosvaloper1c4k24jzduc365kywrsvf5ujz4ya6mwympnc4en,20.0,Twinstake,cosmosvaloper1svwt2mr4x2mx0hcmty0mxsa4rmlfau4lwx2l69,8.0,Figment,cosmosvaloper1hjct6q7npsspsg3dgvzk3sdf89spmlpfdn6m9d,9.0,0,UdslZiBO4mZCfqimy3GYNasXC+k=,2022-11-22T13:31:49.716587301Z,1.0,11523733.707119,185753.946442,4392077.957041,0.02,0.01,0.04,62.11,0.1334483200666323,4965990147.912312,178229618.4495936,316965188825584,1123801700.6608534,6.689,0
12947316,7.23302752293578,0.6666,0.13,0.07,0.2,0.6666,4360000,175,Coinbase,cosmosvaloper1c4k24jzduc365kywrsvf5ujz4ya6mwympnc4en,20.0,Twinstake,cosmosvaloper1svwt2mr4x2mx0hcmty0mxsa4rmlfau4lwx2l69,8.0,Figment,cosmosvaloper1hjct6q7npsspsg3dgvzk3sdf89spmlpfdn6m9d,9.0,6008,2mqqqVnJ74ij6zex8QfLJmfruqs=,2022-11-22T13:31:55.951313351Z,0.9942857142857144,11523733.707119,185753.946442,4392077.957041,0.02,0.01,0.04,62.11,0.1334483200666323,4965990147.912312,178229618.4495936,316965188825584,1123801700.6608534,6.235,0
12947317,7.23302752293578,0.6666,0.13,0.07,0.2,0.6666,4360000,175,Coinbase,cosmosvaloper1c4k24jzduc365kywrsvf5ujz4ya6mwympnc4en,20.0,Twinstake,cosmosvaloper1svwt2mr4x2mx0hcmty0mxsa4rmlfau4lwx2l69,8.0,Figment,cosmosvaloper1hjct6q7npsspsg3dgvzk3sdf89spmlpfdn6m9d,9.0,6864,g/R9d0ew9jOmug30m33PYfkKobA=,2022-11-22T13:31:58.241040631Z,0.9942857142857144,11523733.707119,185753.946442,4392077.957041,0.02,0.01,0.04,62.11,0.133448336776594,4966008272.528011,178230299.81828752,316965198527069,1123907377.5236328,2.29,0
12947318,7.23302752293578,0.6666,0.13,0.07,0.2,0.6666,4360000,175,Coinbase,cosmosvaloper1c4k24jzduc365kywrsvf5ujz4ya6mwympnc4en,20.0,Twinstake,cosmosvaloper1svwt2mr4x2mx0hcmty0mxsa4rmlfau4lwx2l69,8.0,Figment,cosmosvaloper1hjct6q7npsspsg3dgvzk3sdf89spmlpfdn6m9d,9.0,3500,USBWWacX3/uW4FT4vREIcw4Xrqc=,2022-11-22T13:32:04.938891895Z,1.0,11523733.707119,185753.946442,4392077.957041,0.02,0.01,0.04,62.11,0.1334483534865622,4966026398.743794,178230981.24713424,316965208228556,1124013063.7158115,6.697,0
12947319,7.23302752293578,0.6666,0.13,0.07,0.2,0.6666,4360000,175,Coinbase,cosmosvaloper1c4k24jzduc365kywrsvf5ujz4ya6mwympnc4en,20.0,Twinstake,cosmosvaloper1svwt2mr4x2mx0hcmty0mxsa4rmlfau4lwx2l69,8.0,Figment,cosmosvaloper1hjct6q7npsspsg3dgvzk3sdf89spmlpfdn6m9d,9.0,10075,HO0wcz0WJciatphndgbQ43s2dqk=,2022-11-22T13:32:11.356623644Z,1.0,11523733.707119,185753.946442,4392077.957041,0.02,0.01,0.04,62.11,0.1334483701965369,4966044518.682471,178231662.44000223,316965217930044,1124118713.308876,6.418,0
12947320,7.23302752293578,0.6666,0.13,0.07,0.2,0.6666,4360000,175,Coinbase,cosmosvaloper1c4k24jzduc365kywrsvf5ujz4ya6mwympnc4en,20.0,Twinstake,cosmosvaloper1svwt2mr4x2mx0hcmty0mxsa4rmlfau4lwx2l69,8.0,Figment,cosmosvaloper1hjct6q7npsspsg3dgvzk3sdf89spmlpfdn6m9d,9.0,16675,2fikG3gqpqZq3IH5U5I8fc57YAE=,2022-11-22T13:32:17.519026297Z,1.0,11523733.707119,185753.946442,4392077.957041,0.02,0.01,0.04,62.11,0.1334483869065136,4966062650.899034,178232344.09443954,316965227631534,1124224434.4890246,6.163,0
12947321,7.23302752293578,0.6666,0.13,0.07,0.2,0.6666,4360000,175,Coinbase,cosmosvaloper1c4k24jzduc365kywrsvf5ujz4ya6mwympnc4en,20.0,Twinstake,cosmosvaloper1svwt2mr4x2mx0hcmty0mxsa4rmlfau4lwx2l69,8.0,Figment,cosmosvaloper1hjct6q7npsspsg3dgvzk3sdf89spmlpfdn6m9d,9.0,3469,1o7sDS6CSPHsZM21he22HspDK9g=,2022-11-22T13:32:23.983313666Z,1.0,11523733.707119,185753.946442,4392077.957041,0.02,0.01,0.04,62.11,0.133448403616492,4966124527.1845255,178233026.21227112,316965237333025,1124330227.5392969,6.464,0
12947322,7.23302752293578,0.6666,0.13,0.07,0.2,0.6666,4360000,175,Coinbase,cosmosvaloper1c4k24jzduc365kywrsvf5ujz4ya6mwympnc4en,20.0,Twinstake,cosmosvaloper1svwt2mr4x2mx0hcmty0mxsa4rmlfau4lwx2l69,8.0,Figment,cosmosvaloper1hjct6q7npsspsg3dgvzk3sdf89spmlpfdn6m9d,9.0,3469,1o7sDS6CSPHsZM21he22HspDK9g=,2022-11-22T13:32:23.983313666Z,1.0,11523733.707119,185753.946442,4392077.957041,0.02,0.01,0.04,62.11,0.133448403616492,4966206107.696731,178235070.81312296,316965237333025,1124537306.001648,6.464,1
12947323,7.23302752293578,0.6666,0.13,0.07,0.2,0.6666,4360000,175,Coinbase,cosmosvaloper1c4k24jzduc365kywrsvf5ujz4ya6mwympnc4en,20.0,Twinstake,cosmosvaloper1svwt2mr4x2mx0hcmty0mxsa4rmlfau4lwx2l69,8.0,Figment,cosmosvaloper1hjct6q7npsspsg3dgvzk3sdf89spmlpfdn6m9d,9.0,14117,nPiuH9UH+XoFQlBYL/5SkiyNNwU=,2022-11-22T13:32:36.434203653Z,1.0,11523733.707119,185753.946442,4392077.957041,0.02,0.01,0.04,62.11,0.1334484537463419,4966178914.192662,178235070.81312296,316965266437508,1124744384.4639993,6.2255,0
12947324,7.23302752293578,0.6666,0.13,0.07,0.2,0.6666,4360000,175,Coinbase,cosmosvaloper1c4k24jzduc365kywrsvf5ujz4ya6mwympnc4en,20.0,Twinstake,cosmosvaloper1svwt2mr4x2mx0hcmty0mxsa4rmlfau4lwx2l69,8.0,Figment,cosmosvaloper1hjct6q7npsspsg3dgvzk3sdf89spmlpfdn6m9d,9.0,15980,Fw/v1tf0ppqucKJEFfxOLJKN4uU=,2022-11-22T13:32:42.955962336Z,1.0,11523733.707119,185753.946442,4392077.957041,0.02,0.01,0.04,62.11,0.1334484537463419,4966178914.192662,178235070.81312296,316965266437508,1124744384.4639993,6.521,0
12947325,7.23302752293578,0.6666,0.13,0.07,0.2,0.6666,4360000,175,Coinbase,cosmosvaloper1c4k24jzduc365kywrsvf5ujz4ya6mwympnc4en,20.0,Twinstake,cosmosvaloper1svwt2mr4x2mx0hcmty0mxsa4rmlfau4lwx2l69,8.0,Figment,cosmosvaloper1hjct6q7npsspsg3dgvzk3sdf89spmlpfdn6m9d,9.0,9000,Fw/v1tf0ppqucKJEFfxOLJKN4uU=,2022-11-22T13:32:54.024956879Z,0.9885714285714284,11523733.707119,185753.946442,4392077.957041,0.02,0.01,0.04,62.11,0.1334484704562752,4966197057.443434,178235752.88237542,316965276139005,1124850169.9798908,11.069,0
12947326,7.23302752293578,0.6666,0.13,0.07,0.2,0.6666,4360000,175,Coinbase,cosmosvaloper1c4k24jzduc365kywrsvf5ujz4ya6mwympnc4en,20.0,Twinstake,cosmosvaloper1svwt2mr4x2mx0hcmty0mxsa4rmlfau4lwx2l69,8.0,Figment,cosmosvaloper1hjct6q7npsspsg3dgvzk3sdf89spmlpfdn6m9d,9.0,3000,7VCeeAl+EwapH+3o6Ft10Gvd9uM=,2022-11-22T13:33:00.211673901Z,1.0,11523733.707119,185753.946442,4392077.957041,0.02,0.01,0.04,62.11,0.133448487166215,4966215187.663433,178236434.46175483,316965285840504,1124955879.5189342,6.187,0
12947327,7.23302752293578,0.6666,0.13,0.07,0.2,0.6666,4360000,175,Coinbase,cosmosvaloper1c4k24jzduc365kywrsvf5ujz4ya6mwympnc4en,20.0,Twinstake,cosmosvaloper1svwt2mr4x2mx0hcmty0mxsa4rmlfau4lwx2l69,8.0,Figment,cosmosvaloper1hjct6q7npsspsg3dgvzk3sdf89spmlpfdn6m9d,9.0,4606,0tRY+SCey4yiqrHZngZhG4Eqh5c=,2022-11-22T13:33:06.476315721Z,1.0,11523733.707119,185753.946442,4392077.957041,0.02,0.01,0.04,62.11,0.1334485038761613,4966233306.684168,178237115.6201141,316965295542004,1125061523.75987,6.265,0
12947328,7.23302752293578,0.6666,0.13,0.07,0.2,0.6666,4360000,175,Coinbase,cosmosvaloper1c4k24jzduc365kywrsvf5ujz4ya6mwympnc4en,20.0,Twinstake,cosmosvaloper1svwt2mr4x2mx0hcmty0mxsa4rmlfau4lwx2l69,8.0,Figment,cosmosvaloper1hjct6q7npsspsg3dgvzk3sdf89spmlpfdn6m9d,9.0,0,6Dv8Q20s6NzJ7AWJsuW3NeN/uFw=,2022-11-22T13:33:12.879098511Z,1.0,11523733.707119,185753.946442,4392077.957041,0.02,0.01,0.04,62.11,0.1334485205861142,4966251428.705291,178237796.89126864,316965305243506,1125167185.494784,6.403,0
12947329,7.23302752293578,0.6666,0.13,0.07,0.2,0.6666,4360000,175,Coinbase,cosmosvaloper1c4k24jzduc365kywrsvf5ujz4ya6mwympnc4en,20.0,Twinstake,cosmosvaloper1svwt2mr4x2mx0hcmty0mxsa4rmlfau4lwx2l69,8.0,Figment,cosmosvaloper1hjct6q7npsspsg3dgvzk3sdf89spmlpfdn6m9d,9.0,23930,1UCrAiCIYSrHSyh9B22/vEo3ei4=,2022-11-22T13:33:19.060180914Z,1.0,11523733.707119,185753.946442,4392077.957041,0.02,0.01,0.04,62.11,0.1334485372960735,4966269542.130404,178238477.83926862,316965314945009,1125272797.110049,6.181,0
12947330,7.23302752293578,0.6666,0.13,0.07,0.2,0.6666,4360000,175,Coinbase,cosmosvaloper1c4k24jzduc365kywrsvf5ujz4ya6mwympnc4en,20.0,Twinstake,cosmosvaloper1svwt2mr4x2mx0hcmty0mxsa4rmlfau4lwx2l69,8.0,Figment,cosmosvaloper1hjct6q7npsspsg3dgvzk3sdf89spmlpfdn6m9d,9.0,0,JURdDrNT6QUKsR7GGX1dy2EZhts=,2022-11-22T13:33:25.449497790Z,1.0,11523733.707119,185753.946442,4392077.957041,0.02,0.01,0.04,62.11,0.1334485540060394,4966287700.236472,178239160.46698442,316965324646514,1125378669.240806,6.389,0
12947331,7.23302752293578,0.6666,0.13,0.07,0.2,0.6666,4360000,175,Coinbase,cosmosvaloper1c4k24jzduc365kywrsvf5ujz4ya6mwympnc4en,20.0,Twinstake,cosmosvaloper1svwt2mr4x2mx0hcmty0mxsa4rmlfau4lwx2l69,8.0,Figment,cosmosvaloper1hjct6q7npsspsg3dgvzk3sdf89spmlpfdn6m9d,9.0,10452,JURdDrNT6QUKsR7GGX1dy2EZhts=,2022-11-22T13:33:36.507706021Z,0.9885714285714284,11523733.707119,185753.946442,4392077.957041,0.02,0.01,0.04,62.11,0.1334485707160117,4966305813.667187,178239841.415195,316965334348020,1125484280.888729,11.058,0
12947332,7.23302752293578,0.6666,0.13,0.07,0.2,0.6666,4360000,175,Coinbase,cosmosvaloper1c4k24jzduc365kywrsvf5ujz4ya6mwympnc4en,20.0,Twinstake,cosmosvaloper1svwt2mr4x2mx0hcmty0mxsa4rmlfau4lwx2l69,8.0,Figment,cosmosvaloper1hjct6q7npsspsg3dgvzk3sdf89spmlpfdn6m9d,9.0,22999,Sbv7G6GnUFLjIm6OHg7+szkYuLI=,2022-11-22T13:33:42.775741097Z,1.0,11523733.707119,185753.946442,4392077.957041,0.02,0.01,0.04,62.11,0.1334486041359734,4966342102.991586,178241205.65982106,316965353751037,1125695868.3793766,6.268,0
12947333,7.23302752293578,0.6666,0.13,0.07,0.2,0.6666,4360000,175,Coinbase,cosmosvaloper1c4k24jzduc365kywrsvf5ujz4ya6mwympnc4en,20.0,Twinstake,cosmosvaloper1svwt2mr4x2mx0hcmty0mxsa4rmlfau4lwx2l69,8.0,Figment,cosmosvaloper1hjct6q7npsspsg3dgvzk3sdf89spmlpfdn6m9d,9.0,4861,UuFkYTRDK/lTK0iBxu0y5Arlot0=,2022-11-22T13:33:49.200875504Z,1.0,11523733.707119,185753.946442,4392077.957041,0.02,0.01,0.04,62.11,0.1334486041359734,4966342102.991586,178241205.65982106,316965353751037,1125695868.3793766,6.425,0
12947334,7.23302752293578,0.6666,0.13,0.07,0.2,0.6666,4360000,175,Coinbase,cosmosvaloper1c4k24jzduc365kywrsvf5ujz4ya6mwympnc4en,20.0,Twinstake,cosmosvaloper1svwt2mr4x2mx0hcmty0mxsa4rmlfau4lwx2l69,8.0,Figment,cosmosvaloper1hjct6q7npsspsg3dgvzk3sdf89spmlpfdn6m9d,9.0,17884,CZ4rCVgzMa/eNeX6lmc9LKfeoxY=,2022-11-22T13:33:55.623485504Z,1.0,11523733.707119,185753.946442,4392077.957041,0.02,0.01,0.04,62.11,0.133448620845896,4966360225.505525,178241886.9495023,316965363452548,1125801532.987687,6.423,0
12947335,7.23302752293578,0.6666,0.13,0.07,0.2,0.6666,4360000,175,Coinbase,cosmosvaloper1c4k24jzduc365kywrsvf5ujz4ya6mwympnc4en,20.0,Twinstake,cosmosvaloper1svwt2mr4x2mx0hcmty0mxsa4rmlfau4lwx2l69,8.0,Figment,cosmosvaloper1hjct6q7npsspsg3dgvzk3sdf89spmlpfdn6m9d,9.0,8748,bXAfpZUyaI3xa6+VIRN+jBTLsxY=,2022-11-22T13:34:01.877491765Z,1.0,11523733.707119,185753.946442,4392077.957041,0.02,0.01,0.04,62.11,0.1334486375558239,4966378372.338106,178242569.1534077,316965373154060,1125907339.387576,6.254,0
12947336,7.23302752293578,0.6666,0.13,0.07,0.2,0.6666,4360000,175,Coinbase,cosmosvaloper1c4k24jzduc365kywrsvf5ujz4ya6mwympnc4en,20.0,Twinstake,cosmosvaloper1svwt2mr4x2mx0hcmty0mxsa4rmlfau4lwx2l69,8.0,Figment,cosmosvaloper1hjct6q7npsspsg3dgvzk3sdf89spmlpfdn6m9d,9.0,9925,Z5uJeFlzvpTU/fi2b4SpKZMukcU=,2022-11-22T13:34:08.727363900Z,1.0,11523733.707119,185753.946442,4392077.957041,0.02,0.01,0.04,62.11,0.1334486542657583,4966396502.109162,178243250.71590975,316965382855574,1126013046.3090303,6.85,0
12947337,7.23302752293578,0.6666,0.13,0.07,0.2,0.6666,4360000,175,Coinbase,cosmosvaloper1c4k24jzduc365kywrsvf5ujz4ya6mwympnc4en,20.0,Twinstake,cosmosvaloper1svwt2mr4x2mx0hcmty0mxsa4rmlfau4lwx2l69,8.0,Figment,cosmosvaloper1hjct6q7npsspsg3dgvzk3sdf89spmlpfdn6m9d,9.0,33408,sRZ9BDfbnfDVM+4qzeSBBxOb3S4=,2022-11-22T13:34:15.056860928Z,1.0,11523733.707119,185753.946442,4392077.957041,0.02,0.01,0.04,62.11,0.1334486709756993,4966414634.081224,178243932.3611554,316965392557089,1126118766.063593,6.329,0
12947338,7.23302752293578,0.6666,0.13,0.07,0.2,0.6666,4360000,175,Coinbase,cosmosvaloper1c4k24jzduc365kywrsvf5ujz4ya6mwympnc4en,20.0,Twinstake,cosmosvaloper1svwt2mr4x2mx0hcmty0mxsa4rmlfau4lwx2l69,8.0,Figment,cosmosvaloper1hjct6q7npsspsg3dgvzk3sdf89spmlpfdn6m9d,9.0,5327,1o7sDS6CSPHsZM21he22HspDK9g=,2022-11-22T13:34:21.321204462Z,0.9942857142857144,11523733.707119,185753.946442,4392077.957041,0.02,0.01,0.04,62.11,0.1334486876856467,4966432810.469763,178244615.67617425,316965402258606,1126224744.7916026,6.265,0
12947339,7.23302752293578,0.6666,0.13,0.07,0.2,0.6666,4360000,175,Coinbase,cosmosvaloper1c4k24jzduc365kywrsvf5ujz4ya6mwympnc4en,20.0,Twinstake,cosmosvaloper1svwt2mr4x2mx0hcmty0mxsa4rmlfau4lwx2l69,8.0,Figment,cosmosvaloper1hjct6q7npsspsg3dgvzk3sdf89spmlpfdn6m9d,9.0,11138,rC1WBXzYR2Xm++MYl5CT6ORKoY8=,2022-11-22T13:34:27.817902541Z,0.9885714285714284,11523733.707119,185753.946442,4392077.957041,0.02,0.01,0.04,62.11,0.1334487043956002,4966450942.532791,178245297.3248397,316965411960124,1126426669.784195,6.496,0
12947340,7.23302752293578,0.6666,0.13,0.07,0.2,0.6666,4360000,175,Coinbase,cosmosvaloper1c4k24jzduc365kywrsvf5ujz4ya6mwympnc4en,20.0,Twinstake,cosmosvaloper1svwt2mr4x2mx0hcmty0mxsa4rmlfau4lwx2l69,8.0,Figment,cosmosvaloper1hjct6q7npsspsg3dgvzk3sdf89spmlpfdn6m9d,9.0,10820,TrEoJnX3JLWQJvIXPCPw3Jk28Rg=,2022-11-22T13:34:34.035408748Z,1.0,11523733.707119,185753.946442,4392077.957041,0.02,0.01,0.04,62.11,0.1334487211055576,4966469076.777081,178245979.05550647,316965421661644,1126532402.7871485,6.218,0
12947341,7.23302752293578,0.6666,0.13,0.07,0.2,0.6666,4360000,175,Coinbase,cosmosvaloper1c4k24jzduc365kywrsvf5ujz4ya6mwympnc4en,20.0,Twinstake,cosmosvaloper1svwt2mr4x2mx0hcmty0mxsa4rmlfau4lwx2l69,8.0,Figment,cosmosvaloper1hjct6q7npsspsg3dgvzk3sdf89spmlpfdn6m9d,9.0,22206,ppNdh3uXdsRblu6uUmlZo7mlqxo=,2022-11-22T13:34:40.380518858Z,1.0,11523733.707119,185753.946442,4392077.957041,0.02,0.01,0.04,62.11,0.1334487378155138,4966487210.431282,178246660.76398975,316965431363165,1126638132.3495555,6.345,0
12947342,7.23302752293578,0.6666,0.13,0.07,0.2,0.6666,4360000,175,Coinbase,cosmosvaloper1c4k24jzduc365kywrsvf5ujz4ya6mwympnc4en,20.0,Twinstake,cosmosvaloper1svwt2mr4x2mx0hcmty0mxsa4rmlfau4lwx2l69,8.0,Figment,cosmosvaloper1hjct6q7npsspsg3dgvzk3sdf89spmlpfdn6m9d,9.0,0,ppNdh3uXdsRblu6uUmlZo7mlqxo=,2022-11-22T13:34:51.742071508Z,0.9885714285714284,11523733.707119,185753.946442,4392077.957041,0.02,0.01,0.04,62.11,0.1334487545254755,4966505365.345667,178247343.27171886,316965441064688,1126743985.8709762,11.362,0
12947343,7.23302752293578,0.6666,0.13,0.07,0.2,0.6666,4360000,175,Coinbase,cosmosvaloper1c4k24jzduc365kywrsvf5ujz4ya6mwympnc4en,20.0,Twinstake,cosmosvaloper1svwt2mr4x2mx0hcmty0mxsa4rmlfau4lwx2l69,8.0,Figment,cosmosvaloper1hjct6q7npsspsg3dgvzk3sdf89spmlpfdn6m9d,9.0,2500,aPJweVkNysw6wcSJKhoAjzSPWW8=,2022-11-22T13:34:58.249415053Z,0.9942857142857144,11523733.707119,185753.946442,4392077.957041,0.02,0.01,0.04,62.11,0.1334487712354436,4966523479.537893,178248024.24855736,316965450766212,1126849601.9589477,6.507,0
12947344,7.23302752293578,0.6666,0.13,0.07,0.2,0.6666,4360000,175,Coinbase,cosmosvaloper1c4k24jzduc365kywrsvf5ujz4ya6mwympnc4en,20.0,Twinstake,cosmosvaloper1svwt2mr4x2mx0hcmty0mxsa4rmlfau4lwx2l69,8.0,Figment,cosmosvaloper1hjct6q7npsspsg3dgvzk3sdf89spmlpfdn6m9d,9.0,28230,ncQBIJm+dDGJB0uF5JiRrjs/7ps=,2022-11-22T13:35:04.623755841Z,0.9942857142857144,11523733.707119,185753.946442,4392077.957041,0.02,0.01,0.04,62.11,0.1334487879454182,4966541598.399768,178248705.4009445,316965460467738,1126955245.273637,6.374,0
12947345,7.23302752293578,0.6666,0.13,0.07,0.2,0.6666,4360000,175,Coinbase,cosmosvaloper1c4k24jzduc365kywrsvf5ujz4ya6mwympnc4en,20.0,Twinstake,cosmosvaloper1svwt2mr4x2mx0hcmty0mxsa4rmlfau4lwx2l69,8.0,Figment,cosmosvaloper1hjct6q7npsspsg3dgvzk3sdf89spmlpfdn6m9d,9.0,0,9Zc0qJanaJQ2vDQiJE/YYq4YnFw=,2022-11-22T13:35:11.062399657Z,1.0,11523733.707119,185753.946442,4392077.957041,0.02,0.01,0.04,62.11,0.1334488046553411,4966559764.570002,178249388.33182096,316965470169265,1127061164.4230862,6.439,0
12947346,7.23302752293578,0.6666,0.13,0.07,0.2,0.6666,4360000,175,Coinbase,cosmosvaloper1c4k24jzduc365kywrsvf5ujz4ya6mwympnc4en,20.0,Twinstake,cosmosvaloper1svwt2mr4x2mx0hcmty0mxsa4rmlfau4lwx2l69,8.0,Figment,cosmosvaloper1hjct6q7npsspsg3dgvzk3sdf89spmlpfdn6m9d,9.0,36565,nPiuH9UH+XoFQlBYL/5SkiyNNwU=,2022-11-22T13:35:17.773349948Z,0.9942857142857144,11523733.707119,185753.946442,4392077.957041,0.02,0.01,0.04,62.11,0.1334488213652704,4966577878.769604,178250069.30893674,316965479870794,1127166780.5540674,6.711,0
12947347,7.23302752293578,0.6666,0.13,0.07,0.2,0.6666,4360000,175,Coinbase,cosmosvaloper1c4k24jzduc365kywrsvf5ujz4ya6mwympnc4en,20.0,Twinstake,cosmosvaloper1svwt2mr4x2mx0hcmty0mxsa4rmlfau4lwx2l69,8.0,Figment,cosmosvaloper1hjct6q7npsspsg3dgvzk3sdf89spmlpfdn6m9d,9.0,0,0tRY+SCey4yiqrHZngZhG4Eqh5c=,2022-11-22T13:35:24.181634354Z,1.0,11523733.707119,185753.946442,4392077.957041,0.02,0.01,0.04,62.11,0.1334488380752028,4966596060.502511,178250752.82486936,316965489572324,1127272790.4427893,6.408,0
