block_num,Block_length_target,Goal_Bonded,Inflation_Rate_Change,Min_Inflation_Rate,Max_Inflation_Rate,Min_Signatures,Blocks_per_year,Validator_id,total_block_fees,proposer,timestamp,sign_ratio,community_tax,min_proposer_bonus,max_proposer_bonus,atom_staked_v,percent_staked,total_supply,v_commission,commission_amt,inflation_rate,n_validators,commission
12763285,7.23302752293578,0.6666,0.13,0.07,0.2,0.6666,4360000,cosmosvaloper1svwt2mr4x2mx0hcmty0mxsa4rmlfau4lwx2l69,0,WS8Xu4zzaqNYZ2Wfiw6eduEbz7o=,2022-11-08T09:20:00.388143213Z,1.0,0.02,0.01,0.04,185753.0002,64.68,315212786279902,8.0,49984358.42662764,0.1312973154740635,175.0,
12763286,7.23302752293578,0.6666,0.13,0.07,0.2,0.6666,4360000,cosmosvaloper1svwt2mr4x2mx0hcmty0mxsa4rmlfau4lwx2l69,0,1e3JNDFMibRZUmIOnJkrHckBhEI=,2022-11-08T09:20:06.792501820Z,1.0,0.02,0.01,0.04,185753.0002,64.68,315212795772240,8.0,49985002.17089464,0.1312973234182998,175.0,8.0
12763287,7.23302752293578,0.6666,0.13,0.07,0.2,0.6666,4360000,cosmosvaloper1svwt2mr4x2mx0hcmty0mxsa4rmlfau4lwx2l69,0,ezou/ls/zfgZ/PUmBzFM7+R1S7Y=,2022-11-08T09:20:13.168238302Z,1.0,0.02,0.01,0.04,185753.0002,64.68,315212805264579,8.0,49985645.91824821,0.1312973313625428,175.0,8.0
12763288,7.23302752293578,0.6666,0.13,0.07,0.2,0.6666,4360000,cosmosvaloper1svwt2mr4x2mx0hcmty0mxsa4rmlfau4lwx2l69,0,G7KWcA1vzyMYqtotCY5NQEebbH4=,2022-11-08T09:20:19.717980264Z,1.0,0.02,0.01,0.04,185753.0002,64.68,315212814756919,8.0,49986289.36537785,0.1312973393067924,175.0,8.0
12763289,7.23302752293578,0.6666,0.13,0.07,0.2,0.6666,4360000,cosmosvaloper1svwt2mr4x2mx0hcmty0mxsa4rmlfau4lwx2l69,0,dQuDzDkHZ+NhhNTNSuoyEEYzxhA=,2022-11-08T09:20:26.362398915Z,1.0,0.02,0.01,0.04,185753.0002,64.68,315212824249259,8.0,49986933.256437615,0.1312973472510487,175.0,8.0
12763290,7.23302752293578,0.6666,0.13,0.07,0.2,0.6666,4360000,cosmosvaloper1svwt2mr4x2mx0hcmty0mxsa4rmlfau4lwx2l69,0,AMzuz9AbLTM6G1ar98/4prjtJbE=,2022-11-08T09:20:32.679220624Z,1.0,0.02,0.01,0.04,185753.0002,64.68,315212833741600,8.0,49987577.199895926,0.1312973551953117,175.0,8.0
12763291,7.23302752293578,0.6666,0.13,0.07,0.2,0.6666,4360000,cosmosvaloper1svwt2mr4x2mx0hcmty0mxsa4rmlfau4lwx2l69,0,rC1WBXzYR2Xm++MYl5CT6ORKoY8=,2022-11-08T09:20:38.930529167Z,1.0,0.02,0.01,0.04,185753.0002,64.68,315212843233942,8.0,49988221.067772895,0.1312973631395718,175.0,8.0
12763292,7.23302752293578,0.6666,0.13,0.07,0.2,0.6666,4360000,cosmosvaloper1svwt2mr4x2mx0hcmty0mxsa4rmlfau4lwx2l69,0,rC1WBXzYR2Xm++MYl5CT6ORKoY8=,2022-11-08T09:20:50.004704666Z,0.9885714285714284,0.02,0.01,0.04,185753.0002,64.68,315212852726285,8.0,49988865.6081542,0.1312973710838223,175.0,8.0
12763293,7.23302752293578,0.6666,0.13,0.07,0.2,0.6666,4360000,cosmosvaloper1svwt2mr4x2mx0hcmty0mxsa4rmlfau4lwx2l69,0,7VCeeAl+EwapH+3o6Ft10Gvd9uM=,2022-11-08T09:20:56.137365785Z,1.0,0.02,0.01,0.04,185753.0002,64.68,315212862218629,8.0,49989509.88753118,0.1312973790280794,175.0,8.0
12763294,7.23302752293578,0.6666,0.13,0.07,0.2,0.6666,4360000,cosmosvaloper1svwt2mr4x2mx0hcmty0mxsa4rmlfau4lwx2l69,0,nPiuH9UH+XoFQlBYL/5SkiyNNwU=,2022-11-08T09:21:02.524181523Z,1.0,0.02,0.01,0.04,185753.0002,64.68,315212871710974,8.0,49990153.98810926,0.1312973869723432,175.0,8.0
12763295,7.23302752293578,0.6666,0.13,0.07,0.2,0.6666,4360000,cosmosvaloper1svwt2mr4x2mx0hcmty0mxsa4rmlfau4lwx2l69,0,9Zc0qJanaJQ2vDQiJE/YYq4YnFw=,2022-11-08T09:21:08.882377650Z,0.9942857142857144,0.02,0.01,0.04,185753.0002,64.68,315212881203320,8.0,49990797.719196856,0.1312973949166089,175.0,8.0
12763296,7.23302752293578,0.6666,0.13,0.07,0.2,0.6666,4360000,cosmosvaloper1svwt2mr4x2mx0hcmty0mxsa4rmlfau4lwx2l69,0,bXAfpZUyaI3xa6+VIRN+jBTLsxY=,2022-11-08T09:21:15.631098625Z,0.9942857142857144,0.02,0.01,0.04,185753.0002,64.68,315212890695666,8.0,49991441.72216319,0.1312974028608726,175.0,8.0
12763297,7.23302752293578,0.6666,0.13,0.07,0.2,0.6666,4360000,cosmosvaloper1svwt2mr4x2mx0hcmty0mxsa4rmlfau4lwx2l69,0,1o7sDS6CSPHsZM21he22HspDK9g=,2022-11-08T09:21:22.424103137Z,1.0,0.02,0.01,0.04,185753.0002,64.68,315212900188013,8.0,49992085.30525083,0.1312974108051429,175.0,8.0
12763298,7.23302752293578,0.6666,0.13,0.07,0.2,0.6666,4360000,cosmosvaloper1svwt2mr4x2mx0hcmty0mxsa4rmlfau4lwx2l69,0,sRZ9BDfbnfDVM+4qzeSBBxOb3S4=,2022-11-08T09:21:28.929008519Z,1.0,0.02,0.01,0.04,185753.0002,64.68,315212909680361,8.0,49992729.34485145,0.1312974187494156,175.0,8.0
12763299,7.23302752293578,0.6666,0.13,0.07,0.2,0.6666,4360000,cosmosvaloper1svwt2mr4x2mx0hcmty0mxsa4rmlfau4lwx2l69,0,0tRY+SCey4yiqrHZngZhG4Eqh5c=,2022-11-08T09:21:35.211271231Z,1.0,0.02,0.01,0.04,185753.0002,64.68,315212919172710,8.0,49993373.67830406,0.1312974266936949,175.0,8.0
12763300,7.23302752293578,0.6666,0.13,0.07,0.2,0.6666,4360000,cosmosvaloper1svwt2mr4x2mx0hcmty0mxsa4rmlfau4lwx2l69,0,Z5uJeFlzvpTU/fi2b4SpKZMukcU=,2022-11-08T09:21:41.570748906Z,1.0,0.02,0.01,0.04,185753.0002,64.68,315212928665060,8.0,49994017.22251249,0.1312974346379809,175.0,8.0
12763301,7.23302752293578,0.6666,0.13,0.07,0.2,0.6666,4360000,cosmosvaloper1svwt2mr4x2mx0hcmty0mxsa4rmlfau4lwx2l69,0,CZ4rCVgzMa/eNeX6lmc9LKfeoxY=,2022-11-08T09:21:47.826554486Z,1.0,0.02,0.01,0.04,185753.0002,64.68,315212938157411,8.0,49994661.66163072,0.1312974425822551,175.0,8.0
12763302,7.23302752293578,0.6666,0.13,0.07,0.2,0.6666,4360000,cosmosvaloper1svwt2mr4x2mx0hcmty0mxsa4rmlfau4lwx2l69,0,USBWWacX3/uW4FT4vREIcw4Xrqc=,2022-11-08T09:21:54.124243653Z,1.0,0.02,0.01,0.04,185753.0002,64.68,315212947649763,8.0,49995305.60320025,0.131297450526536,175.0,8.0
12763303,7.23302752293578,0.6666,0.13,0.07,0.2,0.6666,4360000,cosmosvaloper1svwt2mr4x2mx0hcmty0mxsa4rmlfau4lwx2l69,0,aPJweVkNysw6wcSJKhoAjzSPWW8=,2022-11-08T09:22:00.509456407Z,0.9942857142857144,0.02,0.01,0.04,185753.0002,64.68,315212957142115,8.0,49995949.05103122,0.1312974584708235,175.0,8.0
12763304,7.23302752293578,0.6666,0.13,0.07,0.2,0.6666,4360000,cosmosvaloper1svwt2mr4x2mx0hcmty0mxsa4rmlfau4lwx2l69,0,g/R9d0ew9jOmug30m33PYfkKobA=,2022-11-08T09:22:06.907196965Z,1.0,0.02,0.01,0.04,185753.0002,64.68,315212976126822,8.0,49997239.08515135,0.1312974743593994,175.0,8.0
12763305,7.23302752293578,0.6666,0.13,0.07,0.2,0.6666,4360000,cosmosvaloper1svwt2mr4x2mx0hcmty0mxsa4rmlfau4lwx2l69,0,2mqqqVnJ74ij6zex8QfLJmfruqs=,2022-11-08T09:22:13.698044737Z,0.9885714285714284,0.02,0.01,0.04,185753.0002,64.68,315212976126822,8.0,49997239.08515135,0.1312974743593994,175.0,8.0
12763306,7.23302752293578,0.6666,0.13,0.07,0.2,0.6666,4360000,cosmosvaloper1svwt2mr4x2mx0hcmty0mxsa4rmlfau4lwx2l69,0,RqP4uDk7qhU8QOVyLq6C6g1Isy0=,2022-11-08T09:22:16.073344135Z,0.9714285714285714,0.02,0.01,0.04,185753.0002,64.68,315212985619177,8.0,49997883.11331786,0.1312974823035775,175.0,8.0
12763307,7.23302752293578,0.6666,0.13,0.07,0.2,0.6666,4360000,cosmosvaloper1svwt2mr4x2mx0hcmty0mxsa4rmlfau4lwx2l69,0,aPW76s7xFMcg6pyYv6L/3gHFT9E=,2022-11-08T09:22:22.838668003Z,0.9942857142857144,0.02,0.01,0.04,185753.0002,64.68,315212995111533,8.0,49998527.15713359,0.1312974902477607,175.0,8.0
12763308,7.23302752293578,0.6666,0.13,0.07,0.2,0.6666,4360000,cosmosvaloper1svwt2mr4x2mx0hcmty0mxsa4rmlfau4lwx2l69,0,Sbv7G6GnUFLjIm6OHg7+szkYuLI=,2022-11-08T09:22:29.765907103Z,1.0,0.02,0.01,0.04,185753.0002,64.68,315213004603890,8.0,49999170.60485696,0.1312974981919506,175.0,8.0
12763309,7.23302752293578,0.6666,0.13,0.07,0.2,0.6666,4360000,cosmosvaloper1svwt2mr4x2mx0hcmty0mxsa4rmlfau4lwx2l69,0,1o7sDS6CSPHsZM21he22HspDK9g=,2022-11-08T09:22:36.259597119Z,1.0,0.02,0.01,0.04,185753.0002,64.68,315213014096248,8.0,49999814.56463175,0.1312975061361424,175.0,8.0
12763310,7.23302752293578,0.6666,0.13,0.07,0.2,0.6666,4360000,cosmosvaloper1svwt2mr4x2mx0hcmty0mxsa4rmlfau4lwx2l69,0,rC1WBXzYR2Xm++MYl5CT6ORKoY8=,2022-11-08T09:22:42.736872161Z,1.0,0.02,0.01,0.04,185753.0002,64.68,315213023588606,8.0,50000458.98751967,0.1312975140803365,175.0,8.0
12763311,7.23302752293578,0.6666,0.13,0.07,0.2,0.6666,4360000,cosmosvaloper1svwt2mr4x2mx0hcmty0mxsa4rmlfau4lwx2l69,0,HO0wcz0WJciatphndgbQ43s2dqk=,2022-11-08T09:22:48.933849474Z,1.0,0.02,0.01,0.04,185753.0002,64.68,315213033080965,8.0,50001102.86492196,0.1312975220245373,175.0,8.0
12763312,7.23302752293578,0.6666,0.13,0.07,0.2,0.6666,4360000,cosmosvaloper1svwt2mr4x2mx0hcmty0mxsa4rmlfau4lwx2l69,0,HO0wcz0WJciatphndgbQ43s2dqk=,2022-11-08T09:23:00.109136Z,0.9885714285714284,0.02,0.01,0.04,185753.0002,64.68,315213042573325,8.0,50001746.58443831,0.1312975299687447,175.0,8.0
12763313,7.23302752293578,0.6666,0.13,0.07,0.2,0.6666,4360000,cosmosvaloper1svwt2mr4x2mx0hcmty0mxsa4rmlfau4lwx2l69,0,AZucopRNPMNsfHMoPvPVjlbIpdQ=,2022-11-08T09:23:06.381619369Z,1.0,0.02,0.01,0.04,185753.0002,64.68,315213052065686,8.0,50002390.03240444,0.1312975379129589,175.0,8.0
12763314,7.23302752293578,0.6666,0.13,0.07,0.2,0.6666,4360000,cosmosvaloper1svwt2mr4x2mx0hcmty0mxsa4rmlfau4lwx2l69,0,ddqzFvTKE2f1MqtxqAt/plq2kDk=,2022-11-08T09:23:12.880472481Z,1.0,0.02,0.01,0.04,185753.0002,64.68,315213061558048,8.0,50003034.50502191,0.1312975458571796,175.0,8.0
12763315,7.23302752293578,0.6666,0.13,0.07,0.2,0.6666,4360000,cosmosvaloper1svwt2mr4x2mx0hcmty0mxsa4rmlfau4lwx2l69,0,nulNu4b3IzcZK/KRsOdn/Scp8Ao=,2022-11-08T09:23:19.540370313Z,1.0,0.02,0.01,0.04,185753.0002,64.68,315213071050411,8.0,50003679.40299576,0.1312975538014071,175.0,8.0
12763316,7.23302752293578,0.6666,0.13,0.07,0.2,0.6666,4360000,cosmosvaloper1svwt2mr4x2mx0hcmty0mxsa4rmlfau4lwx2l69,0,nulNu4b3IzcZK/KRsOdn/Scp8Ao=,2022-11-08T09:23:31.640547267Z,0.9942857142857144,0.02,0.01,0.04,185753.0002,64.68,315213080542775,8.0,50004324.50019232,0.1312975617456237,175.0,8.0
12763317,7.23302752293578,0.6666,0.13,0.07,0.2,0.6666,4360000,cosmosvaloper1svwt2mr4x2mx0hcmty0mxsa4rmlfau4lwx2l69,0,gZZf6KFfqAeMkgLzLkz6cvhfKiI=,2022-11-08T09:23:37.871677603Z,1.0,0.02,0.01,0.04,185753.0002,64.68,315213090035140,8.0,50004968.03994053,0.1312975696898469,175.0,8.0
12763318,7.23302752293578,0.6666,0.13,0.07,0.2,0.6666,4360000,cosmosvaloper1svwt2mr4x2mx0hcmty0mxsa4rmlfau4lwx2l69,0,bXAfpZUyaI3xa6+VIRN+jBTLsxY=,2022-11-08T09:23:44.176543309Z,1.0,0.02,0.01,0.04,185753.0002,64.68,315213099527505,8.0,50005612.33287485,0.1312975776340768,175.0,8.0
12763319,7.23302752293578,0.6666,0.13,0.07,0.2,0.6666,4360000,cosmosvaloper1svwt2mr4x2mx0hcmty0mxsa4rmlfau4lwx2l69,0,0tRY+SCey4yiqrHZngZhG4Eqh5c=,2022-11-08T09:23:51.011511745Z,1.0,0.02,0.01,0.04,185753.0002,64.68,315213109019871,8.0,50006256.4726131,0.1312975855783073,175.0,8.0
12763320,7.23302752293578,0.6666,0.13,0.07,0.2,0.6666,4360000,cosmosvaloper1svwt2mr4x2mx0hcmty0mxsa4rmlfau4lwx2l69,0,nPiuH9UH+XoFQlBYL/5SkiyNNwU=,2022-11-08T09:23:57.474666333Z,1.0,0.02,0.01,0.04,185753.0002,64.68,315213118512238,8.0,50006900.6327549,0.1312975935225445,175.0,8.0
12763321,7.23302752293578,0.6666,0.13,0.07,0.2,0.6666,4360000,cosmosvaloper1svwt2mr4x2mx0hcmty0mxsa4rmlfau4lwx2l69,0,2fikG3gqpqZq3IH5U5I8fc57YAE=,2022-11-08T09:24:03.911385926Z,1.0,0.02,0.01,0.04,185753.0002,64.68,315213128004606,8.0,50007544.27241782,0.1312976014667883,175.0,8.0
12763322,7.23302752293578,0.6666,0.13,0.07,0.2,0.6666,4360000,cosmosvaloper1svwt2mr4x2mx0hcmty0mxsa4rmlfau4lwx2l69,0,1o7sDS6CSPHsZM21he22HspDK9g=,2022-11-08T09:24:10.499646034Z,1.0,0.02,0.01,0.04,185753.0002,64.68,315213137496975,8.0,50008188.16722677,0.1312976094110388,175.0,8.0
12763323,7.23302752293578,0.6666,0.13,0.07,0.2,0.6666,4360000,cosmosvaloper1svwt2mr4x2mx0hcmty0mxsa4rmlfau4lwx2l69,0,7VCeeAl+EwapH+3o6Ft10Gvd9uM=,2022-11-08T09:24:16.896121305Z,1.0,0.02,0.01,0.04,185753.0002,64.68,315213146989345,8.0,50008832.6449942,0.1312976173552958,175.0,8.0
12763324,7.23302752293578,0.6666,0.13,0.07,0.2,0.6666,4360000,cosmosvaloper1svwt2mr4x2mx0hcmty0mxsa4rmlfau4lwx2l69,0,C0LkfxVOJNEBhLsS4yNHqsYca4A=,2022-11-08T09:24:23.248308777Z,1.0,0.02,0.01,0.04,185753.0002,64.68,315213156481716,8.0,50009476.705878526,0.1312976252995595,175.0,8.0
12763325,7.23302752293578,0.6666,0.13,0.07,0.2,0.6666,4360000,cosmosvaloper1svwt2mr4x2mx0hcmty0mxsa4rmlfau4lwx2l69,0,MZIPm8Ojm2aHbMfW1eWJ4QOTvw4=,2022-11-08T09:24:29.472979021Z,1.0,0.02,0.01,0.04,185753.0002,64.68,315213165974087,8.0,50010121.392155305,0.1312976332438298,175.0,8.0
12763326,7.23302752293578,0.6666,0.13,0.07,0.2,0.6666,4360000,cosmosvaloper1svwt2mr4x2mx0hcmty0mxsa4rmlfau4lwx2l69,0,9Zc0qJanaJQ2vDQiJE/YYq4YnFw=,2022-11-08T09:24:35.739077112Z,1.0,0.02,0.01,0.04,185753.0002,64.68,315213175466459,8.0,50010765.06882931,0.1312976411881068,175.0,8.0
12763327,7.23302752293578,0.6666,0.13,0.07,0.2,0.6666,4360000,cosmosvaloper1svwt2mr4x2mx0hcmty0mxsa4rmlfau4lwx2l69,0,V3E7t0Icf+s4G4Y/yH3tXoKaqWE=,2022-11-08T09:24:42.536305040Z,1.0,0.02,0.01,0.04,185753.0002,64.68,315213184958832,8.0,50011409.11846119,0.1312976491323904,175.0,8.0
12763328,7.23302752293578,0.6666,0.13,0.07,0.2,0.6666,4360000,cosmosvaloper1svwt2mr4x2mx0hcmty0mxsa4rmlfau4lwx2l69,0,rC1WBXzYR2Xm++MYl5CT6ORKoY8=,2022-11-08T09:24:48.942499346Z,1.0,0.02,0.01,0.04,185753.0002,64.68,315213194451206,8.0,50012053.81585485,0.131297657076638,175.0,8.0
12763329,7.23302752293578,0.6666,0.13,0.07,0.2,0.6666,4360000,cosmosvaloper1svwt2mr4x2mx0hcmty0mxsa4rmlfau4lwx2l69,0,sRZ9BDfbnfDVM+4qzeSBBxOb3S4=,2022-11-08T09:24:55.124943075Z,1.0,0.02,0.01,0.04,185753.0002,64.68,315213203943581,8.0,50012698.44051427,0.1312976650208704,175.0,8.0
12763330,7.23302752293578,0.6666,0.13,0.07,0.2,0.6666,4360000,cosmosvaloper1svwt2mr4x2mx0hcmty0mxsa4rmlfau4lwx2l69,0,ZxRgkwzNybBsXQVeTVUOuNryKR4=,2022-11-08T09:25:01.311158476Z,1.0,0.02,0.01,0.04,185753.0002,64.68,315213213435957,8.0,50013342.68165356,0.1312976729650997,175.0,8.0
12763331,7.23302752293578,0.6666,0.13,0.07,0.2,0.6666,4360000,cosmosvaloper1svwt2mr4x2mx0hcmty0mxsa4rmlfau4lwx2l69,0,Z5uJeFlzvpTU/fi2b4SpKZMukcU=,2022-11-08T09:25:08.158469431Z,1.0,0.02,0.01,0.04,185753.0002,64.68,315213222928334,8.0,50013986.51038832,0.1312976809093356,175.0,8.0
12763332,7.23302752293578,0.6666,0.13,0.07,0.2,0.6666,4360000,cosmosvaloper1svwt2mr4x2mx0hcmty0mxsa4rmlfau4lwx2l69,0,Z5uJeFlzvpTU/fi2b4SpKZMukcU=,2022-11-08T09:25:19.198906273Z,0.9828571428571428,0.02,0.01,0.04,185753.0002,64.68,315213232420711,8.0,50014630.37814216,0.1312976888535782,175.0,8.0
12763333,7.23302752293578,0.6666,0.13,0.07,0.2,0.6666,4360000,cosmosvaloper1svwt2mr4x2mx0hcmty0mxsa4rmlfau4lwx2l69,0,aPJweVkNysw6wcSJKhoAjzSPWW8=,2022-11-08T09:25:25.474959396Z,1.0,0.02,0.01,0.04,185753.0002,64.68,315213241913089,8.0,50015274.58387339,0.1312976967978247,175.0,8.0
12763334,7.23302752293578,0.6666,0.13,0.07,0.2,0.6666,4360000,cosmosvaloper1svwt2mr4x2mx0hcmty0mxsa4rmlfau4lwx2l69,0,JURdDrNT6QUKsR7GGX1dy2EZhts=,2022-11-08T09:25:31.932275470Z,1.0,0.02,0.01,0.04,185753.0002,64.68,315213251405468,8.0,50015918.43555913,0.1312977047420779,175.0,8.0
12763335,7.23302752293578,0.6666,0.13,0.07,0.2,0.6666,4360000,cosmosvaloper1svwt2mr4x2mx0hcmty0mxsa4rmlfau4lwx2l69,0,1UCrAiCIYSrHSyh9B22/vEo3ei4=,2022-11-08T09:25:38.328846795Z,1.0,0.02,0.01,0.04,185753.0002,64.68,315213260897848,8.0,50016562.25435925,0.1312977126863294,175.0,8.0
12763336,7.23302752293578,0.6666,0.13,0.07,0.2,0.6666,4360000,cosmosvaloper1svwt2mr4x2mx0hcmty0mxsa4rmlfau4lwx2l69,0,1o7sDS6CSPHsZM21he22HspDK9g=,2022-11-08T09:25:44.728663404Z,1.0,0.02,0.01,0.04,185753.0002,64.68,315213270390229,8.0,50017206.63279935,0.1312977206305873,175.0,8.0
12763337,7.23302752293578,0.6666,0.13,0.07,0.2,0.6666,4360000,cosmosvaloper1svwt2mr4x2mx0hcmty0mxsa4rmlfau4lwx2l69,0,kcgjp0TeUPkcF6RrYk7fj3FQp90=,2022-11-08T09:25:51.242253851Z,1.0,0.02,0.01,0.04,185753.0002,64.68,315213279882611,8.0,50017850.24774533,0.1312977285748518,175.0,8.0
12763338,7.23302752293578,0.6666,0.13,0.07,0.2,0.6666,4360000,cosmosvaloper1svwt2mr4x2mx0hcmty0mxsa4rmlfau4lwx2l69,0,0UpULodWw6lC2f2Ic9wumneYoX8=,2022-11-08T09:25:57.932203908Z,1.0,0.02,0.01,0.04,185753.0002,64.68,315213289374994,8.0,50018493.80236192,0.131297736519123,175.0,8.0
12763339,7.23302752293578,0.6666,0.13,0.07,0.2,0.6666,4360000,cosmosvaloper1svwt2mr4x2mx0hcmty0mxsa4rmlfau4lwx2l69,0,0UpULodWw6lC2f2Ic9wumneYoX8=,2022-11-08T09:26:09.135340725Z,0.9942857142857144,0.02,0.01,0.04,185753.0002,64.68,315213298867377,8.0,50019137.561420605,0.1312977444634009,175.0,8.0
12763340,7.23302752293578,0.6666,0.13,0.07,0.2,0.6666,4360000,cosmosvaloper1svwt2mr4x2mx0hcmty0mxsa4rmlfau4lwx2l69,0,tOEIXxyeuw6plEUssbgSS6ib7Ro=,2022-11-08T09:26:15.483986891Z,1.0,0.02,0.01,0.04,185753.0002,64.68,315213308359761,8.0,50019782.06930953,0.1312977524076853,175.0,8.0
12763341,7.23302752293578,0.6666,0.13,0.07,0.2,0.6666,4360000,cosmosvaloper1svwt2mr4x2mx0hcmty0mxsa4rmlfau4lwx2l69,0,0tRY+SCey4yiqrHZngZhG4Eqh5c=,2022-11-08T09:26:21.671837983Z,1.0,0.02,0.01,0.04,185753.0002,64.68,315213317852146,8.0,50020425.51858692,0.1312977603519764,175.0,8.0
12763342,7.23302752293578,0.6666,0.13,0.07,0.2,0.6666,4360000,cosmosvaloper1svwt2mr4x2mx0hcmty0mxsa4rmlfau4lwx2l69,0,bXAfpZUyaI3xa6+VIRN+jBTLsxY=,2022-11-08T09:26:27.978840221Z,1.0,0.02,0.01,0.04,185753.0002,64.68,315213327344532,8.0,50021070.507552,0.1312977682962738,175.0,8.0
12763343,7.23302752293578,0.6666,0.13,0.07,0.2,0.6666,4360000,cosmosvaloper1svwt2mr4x2mx0hcmty0mxsa4rmlfau4lwx2l69,0,UdslZiBO4mZCfqimy3GYNasXC+k=,2022-11-08T09:26:34.769814217Z,1.0,0.02,0.01,0.04,185753.0002,64.68,315213336836919,8.0,50021713.95696495,0.131297776240578,175.0,8.0
12763344,7.23302752293578,0.6666,0.13,0.07,0.2,0.6666,4360000,cosmosvaloper1svwt2mr4x2mx0hcmty0mxsa4rmlfau4lwx2l69,0,HO0wcz0WJciatphndgbQ43s2dqk=,2022-11-08T09:26:41.008475883Z,1.0,0.02,0.01,0.04,185753.0002,64.68,315213346329307,8.0,50022357.40644568,0.1312977841848888,175.0,8.0
12763345,7.23302752293578,0.6666,0.13,0.07,0.2,0.6666,4360000,cosmosvaloper1svwt2mr4x2mx0hcmty0mxsa4rmlfau4lwx2l69,0,rC1WBXzYR2Xm++MYl5CT6ORKoY8=,2022-11-08T09:26:47.341937247Z,1.0,0.02,0.01,0.04,185753.0002,64.68,315213355821696,8.0,50023000.8559942,0.1312977921292062,175.0,8.0
12763346,7.23302752293578,0.6666,0.13,0.07,0.2,0.6666,4360000,cosmosvaloper1svwt2mr4x2mx0hcmty0mxsa4rmlfau4lwx2l69,0,nPiuH9UH+XoFQlBYL/5SkiyNNwU=,2022-11-08T09:26:53.500559231Z,1.0,0.02,0.01,0.04,185753.0002,64.68,315213365314085,8.0,50023645.39736933,0.1312978000735301,175.0,8.0
12763347,7.23302752293578,0.6666,0.13,0.07,0.2,0.6666,4360000,cosmosvaloper1svwt2mr4x2mx0hcmty0mxsa4rmlfau4lwx2l69,0,TrEoJnX3JLWQJvIXPCPw3Jk28Rg=,2022-11-08T09:27:00.122004401Z,1.0,0.02,0.01,0.04,185753.0002,64.68,315213374806475,8.0,50024289.201912336,0.1312978080178581,175.0,8.0
12763348,7.23302752293578,0.6666,0.13,0.07,0.2,0.6666,4360000,cosmosvaloper1svwt2mr4x2mx0hcmty0mxsa4rmlfau4lwx2l69,0,1o7sDS6CSPHsZM21he22HspDK9g=,2022-11-08T09:27:06.289162993Z,1.0,0.02,0.01,0.04,185753.0002,64.68,315213384298866,8.0,50024933.28193701,0.1312978159621795,175.0,8.0
12763349,7.23302752293578,0.6666,0.13,0.07,0.2,0.6666,4360000,cosmosvaloper1svwt2mr4x2mx0hcmty0mxsa4rmlfau4lwx2l69,0,Wlnch0b9cn/d1cv1y7kMb2Fsz5s=,2022-11-08T09:27:12.694720938Z,1.0,0.02,0.01,0.04,185753.0002,64.68,315213393791258,8.0,50025576.93768376,0.1312978239065075,175.0,8.0
12763350,7.23302752293578,0.6666,0.13,0.07,0.2,0.6666,4360000,cosmosvaloper1svwt2mr4x2mx0hcmty0mxsa4rmlfau4lwx2l69,0,CZ4rCVgzMa/eNeX6lmc9LKfeoxY=,2022-11-08T09:27:18.970359012Z,1.0,0.02,0.01,0.04,185753.0002,64.68,315213403283651,8.0,50026220.390848525,0.1312978318508422,175.0,8.0
12763351,7.23302752293578,0.6666,0.13,0.07,0.2,0.6666,4360000,cosmosvaloper1svwt2mr4x2mx0hcmty0mxsa4rmlfau4lwx2l69,0,CZ4rCVgzMa/eNeX6lmc9LKfeoxY=,2022-11-08T09:27:30.098651157Z,0.9828571428571428,0.02,0.01,0.04,185753.0002,64.68,315213412776045,8.0,50026865.087164775,0.1312978397951792,175.0,8.0
12763352,7.23302752293578,0.6666,0.13,0.07,0.2,0.6666,4360000,cosmosvaloper1svwt2mr4x2mx0hcmty0mxsa4rmlfau4lwx2l69,0,zAWIKXj8X91qdyFofhTAKZrgBLg=,2022-11-08T09:27:36.295165184Z,1.0,0.02,0.01,0.04,185753.0002,64.68,315213422268440,8.0,50027509.152232334,0.1312978477395226,175.0,8.0
12763353,7.23302752293578,0.6666,0.13,0.07,0.2,0.6666,4360000,cosmosvaloper1svwt2mr4x2mx0hcmty0mxsa4rmlfau4lwx2l69,0,g/R9d0ew9jOmug30m33PYfkKobA=,2022-11-08T09:27:42.563162556Z,1.0,0.02,0.01,0.04,185753.0002,64.68,315213431760835,8.0,50028153.88931608,0.1312978556838695,175.0,8.0
12763354,7.23302752293578,0.6666,0.13,0.07,0.2,0.6666,4360000,cosmosvaloper1svwt2mr4x2mx0hcmty0mxsa4rmlfau4lwx2l69,0,7VCeeAl+EwapH+3o6Ft10Gvd9uM=,2022-11-08T09:27:49.272471202Z,1.0,0.02,0.01,0.04,185753.0002,64.68,315213450745628,8.0,50029442.97999559,0.1312978715725833,175.0,8.0
12763355,7.23302752293578,0.6666,0.13,0.07,0.2,0.6666,4360000,cosmosvaloper1svwt2mr4x2mx0hcmty0mxsa4rmlfau4lwx2l69,0,2mqqqVnJ74ij6zex8QfLJmfruqs=,2022-11-08T09:27:55.611846254Z,0.9885714285714284,0.02,0.01,0.04,185753.0002,64.68,315213450745628,8.0,50029442.97999559,0.1312978715725833,175.0,8.0
12763356,7.23302752293578,0.6666,0.13,0.07,0.2,0.6666,4360000,cosmosvaloper1svwt2mr4x2mx0hcmty0mxsa4rmlfau4lwx2l69,0,nfjjOMheh5vISwqqKKCLQxvVtUg=,2022-11-08T09:27:57.961481094Z,0.9885714285714284,0.02,0.01,0.04,185753.0002,64.68,315213460238026,8.0,50030086.62972264,0.1312978795169502,175.0,8.0
12763357,7.23302752293578,0.6666,0.13,0.07,0.2,0.6666,4360000,cosmosvaloper1svwt2mr4x2mx0hcmty0mxsa4rmlfau4lwx2l69,0,9Zc0qJanaJQ2vDQiJE/YYq4YnFw=,2022-11-08T09:28:04.979309884Z,1.0,0.02,0.01,0.04,185753.0002,64.68,315213469730425,8.0,50030730.23158745,0.1312978874613236,175.0,8.0
12763358,7.23302752293578,0.6666,0.13,0.07,0.2,0.6666,4360000,cosmosvaloper1svwt2mr4x2mx0hcmty0mxsa4rmlfau4lwx2l69,0,leBg0HcTBw/pgi9sUL12vMv58Xo=,2022-11-08T09:28:11.734071309Z,1.0,0.02,0.01,0.04,185753.0002,64.68,315213479222825,8.0,50031374.28124552,0.1312978954054864,175.0,8.0
12763359,7.23302752293578,0.6666,0.13,0.07,0.2,0.6666,4360000,cosmosvaloper1svwt2mr4x2mx0hcmty0mxsa4rmlfau4lwx2l69,0,USBWWacX3/uW4FT4vREIcw4Xrqc=,2022-11-08T09:28:18.205303952Z,1.0,0.02,0.01,0.04,185753.0002,64.68,315213488715226,8.0,50032018.17709433,0.1312979033496558,175.0,8.0
12763360,7.23302752293578,0.6666,0.13,0.07,0.2,0.6666,4360000,cosmosvaloper1svwt2mr4x2mx0hcmty0mxsa4rmlfau4lwx2l69,0,ez0B91Tf+EdO0ONYgS/UN+CTidw=,2022-11-08T09:28:24.541124010Z,1.0,0.02,0.01,0.04,185753.0002,64.68,315213498207627,8.0,50032661.9190479,0.1312979112938077,175.0,8.0
12763361,7.23302752293578,0.6666,0.13,0.07,0.2,0.6666,4360000,cosmosvaloper1svwt2mr4x2mx0hcmty0mxsa4rmlfau4lwx2l69,0,sRZ9BDfbnfDVM+4qzeSBBxOb3S4=,2022-11-08T09:28:30.985237918Z,1.0,0.02,0.01,0.04,185753.0002,64.68,315213507700029,8.0,50033306.14356836,0.1312979192379049,175.0,8.0
12763362,7.23302752293578,0.6666,0.13,0.07,0.2,0.6666,4360000,cosmosvaloper1svwt2mr4x2mx0hcmty0mxsa4rmlfau4lwx2l69,0,1o7sDS6CSPHsZM21he22HspDK9g=,2022-11-08T09:28:37.212835013Z,1.0,0.02,0.01,0.04,185753.0002,64.68,315213517192432,8.0,50033949.91154681,0.1312979271820088,175.0,8.0
12763363,7.23302752293578,0.6666,0.13,0.07,0.2,0.6666,4360000,cosmosvaloper1svwt2mr4x2mx0hcmty0mxsa4rmlfau4lwx2l69,0,0tRY+SCey4yiqrHZngZhG4Eqh5c=,2022-11-08T09:28:43.679599133Z,0.9942857142857144,0.02,0.01,0.04,185753.0002,64.68,315213526684836,8.0,50034593.4039912,0.1312979351261194,175.0,8.0
12763364,7.23302752293578,0.6666,0.13,0.07,0.2,0.6666,4360000,cosmosvaloper1svwt2mr4x2mx0hcmty0mxsa4rmlfau4lwx2l69,0,rC1WBXzYR2Xm++MYl5CT6ORKoY8=,2022-11-08T09:28:50.087972035Z,0.9942857142857144,0.02,0.01,0.04,185753.0002,64.68,315213536177241,8.0,50035237.78694847,0.1312979430702365,175.0,8.0
12763365,7.23302752293578,0.6666,0.13,0.07,0.2,0.6666,4360000,cosmosvaloper1svwt2mr4x2mx0hcmty0mxsa4rmlfau4lwx2l69,0,6Dv8Q20s6NzJ7AWJsuW3NeN/uFw=,2022-11-08T09:28:56.297941702Z,1.0,0.02,0.01,0.04,185753.0002,64.68,315213545669647,8.0,50035881.82121585,0.1312979510143603,175.0,8.0
12763366,7.23302752293578,0.6666,0.13,0.07,0.2,0.6666,4360000,cosmosvaloper1svwt2mr4x2mx0hcmty0mxsa4rmlfau4lwx2l69,0,aPJweVkNysw6wcSJKhoAjzSPWW8=,2022-11-08T09:29:02.559101759Z,1.0,0.02,0.01,0.04,185753.0002,64.68,315213555162054,8.0,50036525.44049892,0.1312979589584908,175.0,8.0
12763367,7.23302752293578,0.6666,0.13,0.07,0.2,0.6666,4360000,cosmosvaloper1svwt2mr4x2mx0hcmty0mxsa4rmlfau4lwx2l69,0,bXAfpZUyaI3xa6+VIRN+jBTLsxY=,2022-11-08T09:29:08.979064767Z,1.0,0.02,0.01,0.04,185753.0002,64.68,315213564654462,8.0,50037170.64495164,0.1312979669026278,175.0,8.0
12763368,7.23302752293578,0.6666,0.13,0.07,0.2,0.6666,4360000,cosmosvaloper1svwt2mr4x2mx0hcmty0mxsa4rmlfau4lwx2l69,0,Z5uJeFlzvpTU/fi2b4SpKZMukcU=,2022-11-08T09:29:15.745395286Z,1.0,0.02,0.01,0.04,185753.0002,64.68,315213574146870,8.0,50037814.09490591,0.1312979748467714,175.0,8.0
12763369,7.23302752293578,0.6666,0.13,0.07,0.2,0.6666,4360000,cosmosvaloper1svwt2mr4x2mx0hcmty0mxsa4rmlfau4lwx2l69,0,Fw/v1tf0ppqucKJEFfxOLJKN4uU=,2022-11-08T09:29:22.051323978Z,1.0,0.02,0.01,0.04,185753.0002,64.68,315213583639279,8.0,50038458.116768494,0.1312979827909218,175.0,8.0
12763370,7.23302752293578,0.6666,0.13,0.07,0.2,0.6666,4360000,cosmosvaloper1svwt2mr4x2mx0hcmty0mxsa4rmlfau4lwx2l69,0,zIf1a1hiGBHitaR/OMYWbilc424=,2022-11-08T09:29:28.291408405Z,1.0,0.02,0.01,0.04,185753.0002,64.68,315213593131689,8.0,50039101.8889762,0.1312979907350787,175.0,8.0
12763371,7.23302752293578,0.6666,0.13,0.07,0.2,0.6666,4360000,cosmosvaloper1svwt2mr4x2mx0hcmty0mxsa4rmlfau4lwx2l69,0,nPiuH9UH+XoFQlBYL/5SkiyNNwU=,2022-11-08T09:29:34.766827246Z,1.0,0.02,0.01,0.04,185753.0002,64.68,315213602624100,8.0,50039745.33906288,0.1312979986792424,175.0,8.0
12763372,7.23302752293578,0.6666,0.13,0.07,0.2,0.6666,4360000,cosmosvaloper1svwt2mr4x2mx0hcmty0mxsa4rmlfau4lwx2l69,0,nPiuH9UH+XoFQlBYL/5SkiyNNwU=,2022-11-08T09:29:46.004097270Z,0.9942857142857144,0.02,0.01,0.04,185753.0002,64.68,315213612116512,8.0,50040389.451212935,0.1312980066234126,175.0,8.0
12763373,7.23302752293578,0.6666,0.13,0.07,0.2,0.6666,4360000,cosmosvaloper1svwt2mr4x2mx0hcmty0mxsa4rmlfau4lwx2l69,0,2fikG3gqpqZq3IH5U5I8fc57YAE=,2022-11-08T09:29:52.518966607Z,1.0,0.02,0.01,0.04,185753.0002,64.68,315213621608925,8.0,50041033.48595167,0.1312980145675874,175.0,8.0
12763374,7.23302752293578,0.6666,0.13,0.07,0.2,0.6666,4360000,cosmosvaloper1svwt2mr4x2mx0hcmty0mxsa4rmlfau4lwx2l69,0,aWq8lRhv1loHBQwoqwDJNYoxUDA=,2022-11-08T09:29:58.886463595Z,1.0,0.02,0.01,0.04,185753.0002,64.68,315213631101339,8.0,50041677.04171633,0.1312980225117688,175.0,8.0
12763375,7.23302752293578,0.6666,0.13,0.07,0.2,0.6666,4360000,cosmosvaloper1svwt2mr4x2mx0hcmty0mxsa4rmlfau4lwx2l69,0,1o7sDS6CSPHsZM21he22HspDK9g=,2022-11-08T09:30:05.513419016Z,1.0,0.02,0.01,0.04,185753.0002,64.68,315213640593753,8.0,50042321.20619065,0.1312980304559568,175.0,8.0
12763376,7.23302752293578,0.6666,0.13,0.07,0.2,0.6666,4360000,cosmosvaloper1svwt2mr4x2mx0hcmty0mxsa4rmlfau4lwx2l69,0,HO0wcz0WJciatphndgbQ43s2dqk=,2022-11-08T09:30:11.939950634Z,1.0,0.02,0.01,0.04,185753.0002,64.68,315213650086168,8.0,50042965.32843448,0.1312980384001514,175.0,8.0
12763377,7.23302752293578,0.6666,0.13,0.07,0.2,0.6666,4360000,cosmosvaloper1svwt2mr4x2mx0hcmty0mxsa4rmlfau4lwx2l69,0,4KEmUlnOnHj3ayEZaATxspRtsmo=,2022-11-08T09:30:18.259317831Z,1.0,0.02,0.01,0.04,185753.0002,64.68,315213659578584,8.0,50043609.11777933,0.1312980463443527,175.0,8.0
12763378,7.23302752293578,0.6666,0.13,0.07,0.2,0.6666,4360000,cosmosvaloper1svwt2mr4x2mx0hcmty0mxsa4rmlfau4lwx2l69,0,N8ipncFSONRTwPvufCrL7f0nweQ=,2022-11-08T09:30:24.954164336Z,1.0,0.02,0.01,0.04,185753.0002,64.68,315213669071001,8.0,50044253.668219365,0.1312980542885607,175.0,8.0
12763379,7.23302752293578,0.6666,0.13,0.07,0.2,0.6666,4360000,cosmosvaloper1svwt2mr4x2mx0hcmty0mxsa4rmlfau4lwx2l69,0,nBfJT3MTu01uBkKHvu3l04iOiFU=,2022-11-08T09:30:31.552372944Z,1.0,0.02,0.01,0.04,185753.0002,64.68,315213678563419,8.0,50044898.05156755,0.1312980622327742,175.0,8.0
12763380,7.23302752293578,0.6666,0.13,0.07,0.2,0.6666,4360000,cosmosvaloper1svwt2mr4x2mx0hcmty0mxsa4rmlfau4lwx2l69,0,6AB0DGjIGzA0XDriumOPpW/2fu8=,2022-11-08T09:30:38.510289854Z,1.0,0.02,0.01,0.04,185753.0002,64.68,315213688055838,8.0,50045541.78139337,0.1312980701769941,175.0,8.0
12763381,7.23302752293578,0.6666,0.13,0.07,0.2,0.6666,4360000,cosmosvaloper1svwt2mr4x2mx0hcmty0mxsa4rmlfau4lwx2l69,0,rC1WBXzYR2Xm++MYl5CT6ORKoY8=,2022-11-08T09:30:45.073932246Z,1.0,0.02,0.01,0.04,185753.0002,64.68,315213697548258,8.0,50046186.10698493,0.1312980781212205,175.0,8.0
12763382,7.23302752293578,0.6666,0.13,0.07,0.2,0.6666,4360000,cosmosvaloper1svwt2mr4x2mx0hcmty0mxsa4rmlfau4lwx2l69,0,3qELGQGaE7F9GrnK4XMhza47BIc=,2022-11-08T09:30:51.302358894Z,0.9942857142857144,0.02,0.01,0.04,185753.0002,64.68,315213707040678,8.0,50046830.162943006,0.1312980860654536,175.0,8.0
12763383,7.23302752293578,0.6666,0.13,0.07,0.2,0.6666,4360000,cosmosvaloper1svwt2mr4x2mx0hcmty0mxsa4rmlfau4lwx2l69,0,0tRY+SCey4yiqrHZngZhG4Eqh5c=,2022-11-08T09:30:57.803656207Z,0.9942857142857144,0.02,0.01,0.04,185753.0002,64.68,315213716533099,8.0,50047473.62521644,0.1312980940096934,175.0,8.0
12763384,7.23302752293578,0.6666,0.13,0.07,0.2,0.6666,4360000,cosmosvaloper1svwt2mr4x2mx0hcmty0mxsa4rmlfau4lwx2l69,0,7VCeeAl+EwapH+3o6Ft10Gvd9uM=,2022-11-08T09:31:04.211872195Z,0.9942857142857144,0.02,0.01,0.04,185753.0002,64.68,315213726025521,8.0,50048118.74874483,0.1312981019539385,175.0,8.0
12763385,7.23302752293578,0.6666,0.13,0.07,0.2,0.6666,4360000,cosmosvaloper1svwt2mr4x2mx0hcmty0mxsa4rmlfau4lwx2l69,0,M2Po+XsC7MACiechc9gnVDBHrNo=,2022-11-08T09:31:10.583147902Z,0.9942857142857144,0.02,0.01,0.04,185753.0002,64.68,315213735517944,8.0,50048763.29377933,0.1312981098981902,175.0,8.0
12763386,7.23302752293578,0.6666,0.13,0.07,0.2,0.6666,4360000,cosmosvaloper1svwt2mr4x2mx0hcmty0mxsa4rmlfau4lwx2l69,0,MZIPm8Ojm2aHbMfW1eWJ4QOTvw4=,2022-11-08T09:31:17.144155980Z,0.9942857142857144,0.02,0.01,0.04,185753.0002,64.68,315213745010368,8.0,50049408.150766246,0.1312981178424368,175.0,8.0
12763387,7.23302752293578,0.6666,0.13,0.07,0.2,0.6666,4360000,cosmosvaloper1svwt2mr4x2mx0hcmty0mxsa4rmlfau4lwx2l69,0,1o7sDS6CSPHsZM21he22HspDK9g=,2022-11-08T09:31:23.422491111Z,0.9885714285714284,0.02,0.01,0.04,185753.0002,64.68,315213754502793,8.0,50050052.400653176,0.1312981257866901,175.0,8.0
12763388,7.23302752293578,0.6666,0.13,0.07,0.2,0.6666,4360000,cosmosvaloper1svwt2mr4x2mx0hcmty0mxsa4rmlfau4lwx2l69,0,bXAfpZUyaI3xa6+VIRN+jBTLsxY=,2022-11-08T09:31:29.861755992Z,0.9942857142857144,0.02,0.01,0.04,185753.0002,64.68,315213763995219,8.0,50050696.20589072,0.13129813373095,175.0,8.0
12763389,7.23302752293578,0.6666,0.13,0.07,0.2,0.6666,4360000,cosmosvaloper1svwt2mr4x2mx0hcmty0mxsa4rmlfau4lwx2l69,0,9Zc0qJanaJQ2vDQiJE/YYq4YnFw=,2022-11-08T09:31:36.611805402Z,0.9942857142857144,0.02,0.01,0.04,185753.0002,64.67,315213773487645,8.0,50051339.809055336,0.1312981416752165,175.0,8.0
12763390,7.23302752293578,0.6666,0.13,0.07,0.2,0.6666,4360000,cosmosvaloper1svwt2mr4x2mx0hcmty0mxsa4rmlfau4lwx2l69,0,07wmsaneyNVrCjuOzSMRDsTNRac=,2022-11-08T09:31:43.322400796Z,0.9942857142857144,0.02,0.01,0.04,185753.0002,64.67,315213782980072,8.0,50051984.31385424,0.1312981496194896,175.0,8.0
12763391,7.23302752293578,0.6666,0.13,0.07,0.2,0.6666,4360000,cosmosvaloper1svwt2mr4x2mx0hcmty0mxsa4rmlfau4lwx2l69,0,07wmsaneyNVrCjuOzSMRDsTNRac=,2022-11-08T09:31:54.363576252Z,0.9771428571428572,0.02,0.01,0.04,185753.0002,64.67,315213792472500,8.0,50052629.33749448,0.1312981575637669,175.0,8.0
12763392,7.23302752293578,0.6666,0.13,0.07,0.2,0.6666,4360000,cosmosvaloper1svwt2mr4x2mx0hcmty0mxsa4rmlfau4lwx2l69,0,gI1rBUoLbT/19erwplz8ZMVD+DM=,2022-11-08T09:32:00.650762753Z,0.9942857142857144,0.02,0.01,0.04,185753.0002,64.67,315213801964929,8.0,50053273.13086613,0.1312981655080508,175.0,8.0
12763393,7.23302752293578,0.6666,0.13,0.07,0.2,0.6666,4360000,cosmosvaloper1svwt2mr4x2mx0hcmty0mxsa4rmlfau4lwx2l69,0,sRZ9BDfbnfDVM+4qzeSBBxOb3S4=,2022-11-08T09:32:07.239150015Z,0.9942857142857144,0.02,0.01,0.04,185753.0002,64.67,315213811457359,8.0,50053917.10745645,0.1312981734523415,175.0,8.0
12763394,7.23302752293578,0.6666,0.13,0.07,0.2,0.6666,4360000,cosmosvaloper1svwt2mr4x2mx0hcmty0mxsa4rmlfau4lwx2l69,0,CrujbFTdDKankK75agHUOS42NF8=,2022-11-08T09:32:13.460130457Z,0.9942857142857144,0.02,0.01,0.04,185753.0002,64.67,315213820949790,8.0,50054560.91437604,0.1312981813966383,175.0,8.0
12763395,7.23302752293578,0.6666,0.13,0.07,0.2,0.6666,4360000,cosmosvaloper1svwt2mr4x2mx0hcmty0mxsa4rmlfau4lwx2l69,0,aPJweVkNysw6wcSJKhoAjzSPWW8=,2022-11-08T09:32:19.783191787Z,0.9942857142857144,0.02,0.01,0.04,185753.0002,64.67,315213830442222,8.0,50055204.524645664,0.1312981893409419,175.0,8.0
12763396,7.23302752293578,0.6666,0.13,0.07,0.2,0.6666,4360000,cosmosvaloper1svwt2mr4x2mx0hcmty0mxsa4rmlfau4lwx2l69,0,nPiuH9UH+XoFQlBYL/5SkiyNNwU=,2022-11-08T09:32:26.109746329Z,0.9942857142857144,0.02,0.01,0.04,185753.0002,64.67,315213839934654,8.0,50055848.66609385,0.1312981972852464,175.0,8.0
12763397,7.23302752293578,0.6666,0.13,0.07,0.2,0.6666,4360000,cosmosvaloper1svwt2mr4x2mx0hcmty0mxsa4rmlfau4lwx2l69,0,6+1pTmzhIk+x6KLdjuY6OFaLHis=,2022-11-08T09:32:32.477775111Z,0.9942857142857144,0.02,0.01,0.04,185753.0002,64.67,315213849427087,8.0,50056492.712708086,0.1312982052295575,175.0,8.0
12763398,7.23302752293578,0.6666,0.13,0.07,0.2,0.6666,4360000,cosmosvaloper1svwt2mr4x2mx0hcmty0mxsa4rmlfau4lwx2l69,0,Z5uJeFlzvpTU/fi2b4SpKZMukcU=,2022-11-08T09:32:38.958708895Z,0.9885714285714284,0.02,0.01,0.04,185753.0002,64.67,315213858919521,8.0,50057136.22128151,0.1312982131738753,175.0,8.0
12763399,7.23302752293578,0.6666,0.13,0.07,0.2,0.6666,4360000,cosmosvaloper1svwt2mr4x2mx0hcmty0mxsa4rmlfau4lwx2l69,0,rC1WBXzYR2Xm++MYl5CT6ORKoY8=,2022-11-08T09:32:45.251987052Z,0.9942857142857144,0.02,0.01,0.04,185753.0002,64.67,315213868411956,8.0,50057780.134136304,0.1312982211181997,175.0,8.0
12763400,7.23302752293578,0.6666,0.13,0.07,0.2,0.6666,4360000,cosmosvaloper1svwt2mr4x2mx0hcmty0mxsa4rmlfau4lwx2l69,0,AZucopRNPMNsfHMoPvPVjlbIpdQ=,2022-11-08T09:32:51.549704688Z,0.9942857142857144,0.02,0.01,0.04,185753.0002,64.67,315213877904392,8.0,50058424.23001586,0.131298229062558,175.0,8.0
12763401,7.23302752293578,0.6666,0.13,0.07,0.2,0.6666,4360000,cosmosvaloper1svwt2mr4x2mx0hcmty0mxsa4rmlfau4lwx2l69,0,1o7sDS6CSPHsZM21he22HspDK9g=,2022-11-08T09:32:58.159670868Z,0.9942857142857144,0.02,0.01,0.04,185753.0002,64.67,315213887396829,8.0,50059067.86006349,0.1312982370069228,175.0,8.0
12763402,7.23302752293578,0.6666,0.13,0.07,0.2,0.6666,4360000,cosmosvaloper1svwt2mr4x2mx0hcmty0mxsa4rmlfau4lwx2l69,0,wjVmIrSVcllhtbIBo4LdV80zBew=,2022-11-08T09:33:04.578613682Z,0.9942857142857144,0.02,0.01,0.04,185753.0002,64.67,315213896889267,8.0,50059712.09634104,0.1312982449512943,175.0,8.0
12763403,7.23302752293578,0.6666,0.13,0.07,0.2,0.6666,4360000,cosmosvaloper1svwt2mr4x2mx0hcmty0mxsa4rmlfau4lwx2l69,0,rkVqhaXG1G+jUMPsLcsA1mE1niA=,2022-11-08T09:33:11.006064885Z,0.9942857142857144,0.02,0.01,0.04,185753.0002,64.67,315213906381705,8.0,50060356.33885499,0.1312982528956721,175.0,8.0
12763404,7.23302752293578,0.6666,0.13,0.07,0.2,0.6666,4360000,cosmosvaloper1svwt2mr4x2mx0hcmty0mxsa4rmlfau4lwx2l69,0,0tRY+SCey4yiqrHZngZhG4Eqh5c=,2022-11-08T09:33:17.340711852Z,0.9942857142857144,0.02,0.01,0.04,185753.0002,64.67,315213915874144,8.0,50061000.39217553,0.1312982608400566,175.0,8.0
12763405,7.23302752293578,0.6666,0.13,0.07,0.2,0.6666,4360000,cosmosvaloper1svwt2mr4x2mx0hcmty0mxsa4rmlfau4lwx2l69,0,HO0wcz0WJciatphndgbQ43s2dqk=,2022-11-08T09:33:23.686934723Z,0.9942857142857144,0.02,0.01,0.04,185753.0002,64.67,315213925366584,8.0,50061644.398045205,0.1312982687844478,175.0,8.0
12763406,7.23302752293578,0.6666,0.13,0.07,0.2,0.6666,4360000,cosmosvaloper1svwt2mr4x2mx0hcmty0mxsa4rmlfau4lwx2l69,0,CZ4rCVgzMa/eNeX6lmc9LKfeoxY=,2022-11-08T09:33:29.966758820Z,0.9942857142857144,0.02,0.01,0.04,185753.0002,64.67,315213934859025,8.0,50062287.988855325,0.1312982767288456,175.0,8.0
12763407,7.23302752293578,0.6666,0.13,0.07,0.2,0.6666,4360000,cosmosvaloper1svwt2mr4x2mx0hcmty0mxsa4rmlfau4lwx2l69,0,g/R9d0ew9jOmug30m33PYfkKobA=,2022-11-08T09:33:36.372118118Z,0.9942857142857144,0.02,0.01,0.04,185753.0002,64.67,315213944351467,8.0,50062932.8633471,0.131298284673233,175.0,8.0
12763408,7.23302752293578,0.6666,0.13,0.07,0.2,0.6666,4360000,cosmosvaloper1svwt2mr4x2mx0hcmty0mxsa4rmlfau4lwx2l69,0,AAqlq/WQqBXry9rgcK/1C+Vx64s=,2022-11-08T09:33:43.006343658Z,0.9942857142857144,0.02,0.01,0.04,185753.0002,64.67,315213953843910,8.0,50063576.57834293,0.1312982926176272,175.0,8.0
12763409,7.23302752293578,0.6666,0.13,0.07,0.2,0.6666,4360000,cosmosvaloper1svwt2mr4x2mx0hcmty0mxsa4rmlfau4lwx2l69,0,AAqlq/WQqBXry9rgcK/1C+Vx64s=,2022-11-08T09:33:54.416393106Z,0.9828571428571428,0.02,0.01,0.04,185753.0002,64.67,315213972828799,8.0,50064865.32009178,0.1312983085064321,175.0,8.0
12763410,7.23302752293578,0.6666,0.13,0.07,0.2,0.6666,4360000,cosmosvaloper1svwt2mr4x2mx0hcmty0mxsa4rmlfau4lwx2l69,0,2mqqqVnJ74ij6zex8QfLJmfruqs=,2022-11-08T09:34:00.977688620Z,0.9828571428571428,0.02,0.01,0.04,185753.0002,64.67,315213972828799,8.0,50064865.32009178,0.1312983085064321,175.0,8.0
12763411,7.23302752293578,0.6666,0.13,0.07,0.2,0.6666,4360000,cosmosvaloper1svwt2mr4x2mx0hcmty0mxsa4rmlfau4lwx2l69,0,bXAfpZUyaI3xa6+VIRN+jBTLsxY=,2022-11-08T09:34:03.429867079Z,0.9771428571428572,0.02,0.01,0.04,185753.0002,64.67,315213982321244,8.0,50065509.49723058,0.1312983164508444,175.0,8.0
12763412,7.23302752293578,0.6666,0.13,0.07,0.2,0.6666,4360000,cosmosvaloper1svwt2mr4x2mx0hcmty0mxsa4rmlfau4lwx2l69,0,lxOBjaVAsq1AzTqCGGXxyiiKG6o=,2022-11-08T09:34:10.283674657Z,0.9942857142857144,0.02,0.01,0.04,185753.0002,64.67,315213991813690,8.0,50066153.33534164,0.1312983243952629,175.0,8.0
12763413,7.23302752293578,0.6666,0.13,0.07,0.2,0.6666,4360000,cosmosvaloper1svwt2mr4x2mx0hcmty0mxsa4rmlfau4lwx2l69,0,1o7sDS6CSPHsZM21he22HspDK9g=,2022-11-08T09:34:16.994219969Z,0.9942857142857144,0.02,0.01,0.04,185753.0002,64.67,315214001306137,8.0,50066797.27215049,0.1312983323396877,175.0,8.0
12763414,7.23302752293578,0.6666,0.13,0.07,0.2,0.6666,4360000,cosmosvaloper1svwt2mr4x2mx0hcmty0mxsa4rmlfau4lwx2l69,0,7VCeeAl+EwapH+3o6Ft10Gvd9uM=,2022-11-08T09:34:23.440423557Z,0.9942857142857144,0.02,0.01,0.04,185753.0002,64.67,315214010798585,8.0,50067440.867581084,0.1312983402841192,175.0,8.0
12763415,7.23302752293578,0.6666,0.13,0.07,0.2,0.6666,4360000,cosmosvaloper1svwt2mr4x2mx0hcmty0mxsa4rmlfau4lwx2l69,0,dc9xLAuLu+F5+zweZHeXEQxW3Ig=,2022-11-08T09:34:29.835471899Z,0.9942857142857144,0.02,0.01,0.04,185753.0002,64.67,315214020291034,8.0,50068084.56841725,0.1312983482285574,175.0,8.0
12763416,7.23302752293578,0.6666,0.13,0.07,0.2,0.6666,4360000,cosmosvaloper1svwt2mr4x2mx0hcmty0mxsa4rmlfau4lwx2l69,0,rC1WBXzYR2Xm++MYl5CT6ORKoY8=,2022-11-08T09:34:36.180662475Z,0.9942857142857144,0.02,0.01,0.04,185753.0002,64.67,315214029783484,8.0,50068728.22688656,0.1312983561730022,175.0,8.0
12763417,7.23302752293578,0.6666,0.13,0.07,0.2,0.6666,4360000,cosmosvaloper1svwt2mr4x2mx0hcmty0mxsa4rmlfau4lwx2l69,0,2fikG3gqpqZq3IH5U5I8fc57YAE=,2022-11-08T09:34:42.393029990Z,0.9942857142857144,0.02,0.01,0.04,185753.0002,64.67,315214039275935,8.0,50069371.83546466,0.1312983641174537,175.0,8.0
12763418,7.23302752293578,0.6666,0.13,0.07,0.2,0.6666,4360000,cosmosvaloper1svwt2mr4x2mx0hcmty0mxsa4rmlfau4lwx2l69,0,TrEoJnX3JLWQJvIXPCPw3Jk28Rg=,2022-11-08T09:34:48.755852026Z,0.9942857142857144,0.02,0.01,0.04,185753.0002,64.67,315214048768386,8.0,50070016.23721791,0.131298372061906,175.0,8.0
12763419,7.23302752293578,0.6666,0.13,0.07,0.2,0.6666,4360000,cosmosvaloper1svwt2mr4x2mx0hcmty0mxsa4rmlfau4lwx2l69,0,9Zc0qJanaJQ2vDQiJE/YYq4YnFw=,2022-11-08T09:34:55.006145742Z,0.9942857142857144,0.02,0.01,0.04,185753.0002,64.67,315214058260838,8.0,50070661.069892816,0.1312983800063636,175.0,8.0
12763420,7.23302752293578,0.6666,0.13,0.07,0.2,0.6666,4360000,cosmosvaloper1svwt2mr4x2mx0hcmty0mxsa4rmlfau4lwx2l69,0,UdslZiBO4mZCfqimy3GYNasXC+k=,2022-11-08T09:35:01.702170087Z,0.9942857142857144,0.02,0.01,0.04,185753.0002,64.67,315214067753291,8.0,50071304.94255311,0.1312983879508277,175.0,8.0
12763421,7.23302752293578,0.6666,0.13,0.07,0.2,0.6666,4360000,cosmosvaloper1svwt2mr4x2mx0hcmty0mxsa4rmlfau4lwx2l69,0,USBWWacX3/uW4FT4vREIcw4Xrqc=,2022-11-08T09:35:08.003518828Z,0.9942857142857144,0.02,0.01,0.04,185753.0002,64.67,315214077245745,8.0,50071948.83968133,0.1312983958952985,175.0,8.0
12763422,7.23302752293578,0.6666,0.13,0.07,0.2,0.6666,4360000,cosmosvaloper1svwt2mr4x2mx0hcmty0mxsa4rmlfau4lwx2l69,0,nPiuH9UH+XoFQlBYL/5SkiyNNwU=,2022-11-08T09:35:14.427493613Z,0.9942857142857144,0.02,0.01,0.04,185753.0002,64.67,315214086738200,8.0,50072592.30419322,0.1312984038397759,175.0,8.0
12763423,7.23302752293578,0.6666,0.13,0.07,0.2,0.6666,4360000,cosmosvaloper1svwt2mr4x2mx0hcmty0mxsa4rmlfau4lwx2l69,0,ppNdh3uXdsRblu6uUmlZo7mlqxo=,2022-11-08T09:35:20.978987454Z,0.9942857142857144,0.02,0.01,0.04,185753.0002,64.67,315214096230656,8.0,50073236.8478056,0.13129841178426,175.0,8.0
12763424,7.23302752293578,0.6666,0.13,0.07,0.2,0.6666,4360000,cosmosvaloper1svwt2mr4x2mx0hcmty0mxsa4rmlfau4lwx2l69,0,ppNdh3uXdsRblu6uUmlZo7mlqxo=,2022-11-08T09:35:32.384937918Z,0.9885714285714284,0.02,0.01,0.04,185753.0002,64.67,315214105723113,8.0,50073881.577222,0.1312984197287508,175.0,8.0
12763425,7.23302752293578,0.6666,0.13,0.07,0.2,0.6666,4360000,cosmosvaloper1svwt2mr4x2mx0hcmty0mxsa4rmlfau4lwx2l69,0,gZZf6KFfqAeMkgLzLkz6cvhfKiI=,2022-11-08T09:35:39.117763542Z,0.9942857142857144,0.02,0.01,0.04,185753.0002,64.67,315214115215570,8.0,50074525.46709701,0.1312984276732483,175.0,8.0
12763426,7.23302752293578,0.6666,0.13,0.07,0.2,0.6666,4360000,cosmosvaloper1svwt2mr4x2mx0hcmty0mxsa4rmlfau4lwx2l69,0,sRZ9BDfbnfDVM+4qzeSBBxOb3S4=,2022-11-08T09:35:45.518351344Z,0.9942857142857144,0.02,0.01,0.04,185753.0002,64.67,315214124708028,8.0,50075169.43790965,0.1312984356177513,175.0,8.0
12763427,7.23302752293578,0.6666,0.13,0.07,0.2,0.6666,4360000,cosmosvaloper1svwt2mr4x2mx0hcmty0mxsa4rmlfau4lwx2l69,0,1o7sDS6CSPHsZM21he22HspDK9g=,2022-11-08T09:35:51.806268458Z,0.9942857142857144,0.02,0.01,0.04,185753.0002,64.67,315214134200487,8.0,50075813.751927614,0.131298443562261,175.0,8.0
12763428,7.23302752293578,0.6666,0.13,0.07,0.2,0.6666,4360000,cosmosvaloper1svwt2mr4x2mx0hcmty0mxsa4rmlfau4lwx2l69,0,0tRY+SCey4yiqrHZngZhG4Eqh5c=,2022-11-08T09:35:58.192156219Z,0.9942857142857144,0.02,0.01,0.04,185753.0002,64.67,315214143692947,8.0,50076458.82285151,0.1312984515067727,175.0,8.0
12763429,7.23302752293578,0.6666,0.13,0.07,0.2,0.6666,4360000,cosmosvaloper1svwt2mr4x2mx0hcmty0mxsa4rmlfau4lwx2l69,0,aPJweVkNysw6wcSJKhoAjzSPWW8=,2022-11-08T09:36:04.544928888Z,0.9942857142857144,0.02,0.01,0.04,185753.0002,64.67,315214153185408,8.0,50077103.35141201,0.131298459451291,175.0,8.0
12763430,7.23302752293578,0.6666,0.13,0.07,0.2,0.6666,4360000,cosmosvaloper1svwt2mr4x2mx0hcmty0mxsa4rmlfau4lwx2l69,0,aPJweVkNysw6wcSJKhoAjzSPWW8=,2022-11-08T09:36:15.800222559Z,0.9885714285714284,0.02,0.01,0.04,185753.0002,64.67,315214162677870,8.0,50077754.11290205,0.1312984673958147,175.0,8.0
12763431,7.23302752293578,0.6666,0.13,0.07,0.2,0.6666,4360000,cosmosvaloper1svwt2mr4x2mx0hcmty0mxsa4rmlfau4lwx2l69,0,Wlnch0b9cn/d1cv1y7kMb2Fsz5s=,2022-11-08T09:36:22.150383772Z,0.9942857142857144,0.02,0.01,0.04,185753.0002,64.67,315214172170333,8.0,50078398.00499824,0.1312984753403451,175.0,8.0
12763432,7.23302752293578,0.6666,0.13,0.07,0.2,0.6666,4360000,cosmosvaloper1svwt2mr4x2mx0hcmty0mxsa4rmlfau4lwx2l69,0,Z5uJeFlzvpTU/fi2b4SpKZMukcU=,2022-11-08T09:36:28.392469940Z,0.9942857142857144,0.02,0.01,0.04,185753.0002,64.67,315214181662796,8.0,50079041.7733801,0.1312984832848811,175.0,8.0
12763433,7.23302752293578,0.6666,0.13,0.07,0.2,0.6666,4360000,cosmosvaloper1svwt2mr4x2mx0hcmty0mxsa4rmlfau4lwx2l69,0,Kl/s8mw/tDQmrGs9tYpavFgA8qA=,2022-11-08T09:36:34.638958828Z,0.9942857142857144,0.02,0.01,0.04,185753.0002,64.67,315214191155260,8.0,50079685.29467853,0.1312984912294237,175.0,8.0
12763434,7.23302752293578,0.6666,0.13,0.07,0.2,0.6666,4360000,cosmosvaloper1svwt2mr4x2mx0hcmty0mxsa4rmlfau4lwx2l69,0,rC1WBXzYR2Xm++MYl5CT6ORKoY8=,2022-11-08T09:36:41.027198256Z,0.9942857142857144,0.02,0.01,0.04,185753.0002,64.67,315214200647725,8.0,50080328.75984621,0.131298499173973,175.0,8.0
12763435,7.23302752293578,0.6666,0.13,0.07,0.2,0.6666,4360000,cosmosvaloper1svwt2mr4x2mx0hcmty0mxsa4rmlfau4lwx2l69,0,bXAfpZUyaI3xa6+VIRN+jBTLsxY=,2022-11-08T09:36:47.302253748Z,0.9942857142857144,0.02,0.01,0.04,185753.0002,64.67,315214210140191,8.0,50080972.75246413,0.1312985071185073,175.0,8.0
12763436,7.23302752293578,0.6666,0.13,0.07,0.2,0.6666,4360000,cosmosvaloper1svwt2mr4x2mx0hcmty0mxsa4rmlfau4lwx2l69,0,C0LkfxVOJNEBhLsS4yNHqsYca4A=,2022-11-08T09:36:54.118157595Z,0.9942857142857144,0.02,0.01,0.04,185753.0002,64.67,315214219632658,8.0,50081616.81863089,0.1312985150630482,175.0,8.0
12763437,7.23302752293578,0.6666,0.13,0.07,0.2,0.6666,4360000,cosmosvaloper1svwt2mr4x2mx0hcmty0mxsa4rmlfau4lwx2l69,0,HO0wcz0WJciatphndgbQ43s2dqk=,2022-11-08T09:37:00.385593732Z,0.9942857142857144,0.02,0.01,0.04,185753.0002,64.67,315214229125126,8.0,50082261.2193986,0.131298523007595,175.0,8.0
12763438,7.23302752293578,0.6666,0.13,0.07,0.2,0.6666,4360000,cosmosvaloper1svwt2mr4x2mx0hcmty0mxsa4rmlfau4lwx2l69,0,JURdDrNT6QUKsR7GGX1dy2EZhts=,2022-11-08T09:37:06.782744535Z,0.9942857142857144,0.02,0.01,0.04,185753.0002,64.67,315214238617595,8.0,50082905.05767027,0.131298530952148,175.0,8.0
12763439,7.23302752293578,0.6666,0.13,0.07,0.2,0.6666,4360000,cosmosvaloper1svwt2mr4x2mx0hcmty0mxsa4rmlfau4lwx2l69,0,1o7sDS6CSPHsZM21he22HspDK9g=,2022-11-08T09:37:13.076697546Z,0.9942857142857144,0.02,0.01,0.04,185753.0002,64.67,315214248110064,8.0,50083549.20098317,0.1312985388967076,175.0,8.0
12763440,7.23302752293578,0.6666,0.13,0.07,0.2,0.6666,4360000,cosmosvaloper1svwt2mr4x2mx0hcmty0mxsa4rmlfau4lwx2l69,0,fmL0bLzp+x3lRGAG1tLu+4I0jaA=,2022-11-08T09:37:19.477899054Z,0.9942857142857144,0.02,0.01,0.04,185753.0002,64.67,315214257602534,8.0,50084193.5120656,0.1312985468412739,175.0,8.0
12763441,7.23302752293578,0.6666,0.13,0.07,0.2,0.6666,4360000,cosmosvaloper1svwt2mr4x2mx0hcmty0mxsa4rmlfau4lwx2l69,0,9v1jZazFOCtq1lZs0pcZBLdffiQ=,2022-11-08T09:37:26.335638429Z,0.9942857142857144,0.02,0.01,0.04,185753.0002,64.67,315214267095005,8.0,50084837.36768757,0.1312985547858468,175.0,8.0
12763442,7.23302752293578,0.6666,0.13,0.07,0.2,0.6666,4360000,cosmosvaloper1svwt2mr4x2mx0hcmty0mxsa4rmlfau4lwx2l69,0,4HD6TwULr36idhxSpqVxV4BoGTk=,2022-11-08T09:37:32.788664540Z,0.9942857142857144,0.02,0.01,0.04,185753.0002,64.67,315214286079950,8.0,50086124.928241126,0.1312985706749916,175.0,8.0
12763443,7.23302752293578,0.6666,0.13,0.07,0.2,0.6666,4360000,cosmosvaloper1svwt2mr4x2mx0hcmty0mxsa4rmlfau4lwx2l69,0,/V1U4Nnkdo/qTA3/3In6lrZlfzI=,2022-11-08T09:37:39.304732931Z,0.9942857142857144,0.02,0.01,0.04,185753.0002,64.67,315214286079950,8.0,50086124.928241126,0.1312985706749916,175.0,8.0
12763444,7.23302752293578,0.6666,0.13,0.07,0.2,0.6666,4360000,cosmosvaloper1svwt2mr4x2mx0hcmty0mxsa4rmlfau4lwx2l69,0,7VCeeAl+EwapH+3o6Ft10Gvd9uM=,2022-11-08T09:37:45.603890945Z,0.9942857142857144,0.02,0.01,0.04,185753.0002,64.67,315214295572424,8.0,50086768.990649454,0.1312985786195741,175.0,8.0
12763445,7.23302752293578,0.6666,0.13,0.07,0.2,0.6666,4360000,cosmosvaloper1svwt2mr4x2mx0hcmty0mxsa4rmlfau4lwx2l69,0,ddqzFvTKE2f1MqtxqAt/plq2kDk=,2022-11-08T09:37:51.938699211Z,0.9942857142857144,0.02,0.01,0.04,185753.0002,64.67,315214305064899,8.0,50087412.935447454,0.1312985865641632,175.0,8.0
12763446,7.23302752293578,0.6666,0.13,0.07,0.2,0.6666,4360000,cosmosvaloper1svwt2mr4x2mx0hcmty0mxsa4rmlfau4lwx2l69,0,nPiuH9UH+XoFQlBYL/5SkiyNNwU=,2022-11-08T09:37:58.611019125Z,0.9942857142857144,0.02,0.01,0.04,185753.0002,64.67,315214314557374,8.0,50088056.40126296,0.1312985945087589,175.0,8.0
12763447,7.23302752293578,0.6666,0.13,0.07,0.2,0.6666,4360000,cosmosvaloper1svwt2mr4x2mx0hcmty0mxsa4rmlfau4lwx2l69,0,nPiuH9UH+XoFQlBYL/5SkiyNNwU=,2022-11-08T09:38:09.832117295Z,0.9828571428571428,0.02,0.01,0.04,185753.0002,64.67,315214324049850,8.0,50088701.08453185,0.1312986024533605,175.0,8.0
12763448,7.23302752293578,0.6666,0.13,0.07,0.2,0.6666,4360000,cosmosvaloper1svwt2mr4x2mx0hcmty0mxsa4rmlfau4lwx2l69,0,0tRY+SCey4yiqrHZngZhG4Eqh5c=,2022-11-08T09:38:16.252366572Z,0.9942857142857144,0.02,0.01,0.04,185753.0002,64.67,315214333542327,8.0,50089345.68340601,0.1312986103979679,175.0,8.0
12763449,7.23302752293578,0.6666,0.13,0.07,0.2,0.6666,4360000,cosmosvaloper1svwt2mr4x2mx0hcmty0mxsa4rmlfau4lwx2l69,0,MZIPm8Ojm2aHbMfW1eWJ4QOTvw4=,2022-11-08T09:38:22.641178159Z,0.9942857142857144,0.02,0.01,0.04,185753.0002,64.67,315214343034805,8.0,50089990.095456205,0.1312986183425635,175.0,8.0
12763450,7.23302752293578,0.6666,0.13,0.07,0.2,0.6666,4360000,cosmosvaloper1svwt2mr4x2mx0hcmty0mxsa4rmlfau4lwx2l69,0,9Zc0qJanaJQ2vDQiJE/YYq4YnFw=,2022-11-08T09:38:28.950998789Z,0.9942857142857144,0.02,0.01,0.04,185753.0002,64.67,315214352527284,8.0,50090634.21873405,0.1312986262871658,175.0,8.0
12763451,7.23302752293578,0.6666,0.13,0.07,0.2,0.6666,4360000,cosmosvaloper1svwt2mr4x2mx0hcmty0mxsa4rmlfau4lwx2l69,0,Fw/v1tf0ppqucKJEFfxOLJKN4uU=,2022-11-08T09:38:35.611096354Z,0.9942857142857144,0.02,0.01,0.04,185753.0002,64.67,315214362019764,8.0,50091277.68476388,0.1312986342317747,175.0,8.0
12763452,7.23302752293578,0.6666,0.13,0.07,0.2,0.6666,4360000,cosmosvaloper1svwt2mr4x2mx0hcmty0mxsa4rmlfau4lwx2l69,0,rC1WBXzYR2Xm++MYl5CT6ORKoY8=,2022-11-08T09:38:41.852957390Z,0.9942857142857144,0.02,0.01,0.04,185753.0002,64.67,315214371512245,8.0,50091921.53175627,0.1312986421763816,175.0,8.0
12763453,7.23302752293578,0.6666,0.13,0.07,0.2,0.6666,4360000,cosmosvaloper1svwt2mr4x2mx0hcmty0mxsa4rmlfau4lwx2l69,0,1o7sDS6CSPHsZM21he22HspDK9g=,2022-11-08T09:38:48.082526758Z,0.9942857142857144,0.02,0.01,0.04,185753.0002,64.67,315214381004726,8.0,50092565.08604468,0.1312986501209952,175.0,8.0
12763454,7.23302752293578,0.6666,0.13,0.07,0.2,0.6666,4360000,cosmosvaloper1svwt2mr4x2mx0hcmty0mxsa4rmlfau4lwx2l69,0,ZxRgkwzNybBsXQVeTVUOuNryKR4=,2022-11-08T09:38:54.492801983Z,0.9942857142857144,0.02,0.01,0.04,185753.0002,64.67,315214390497208,8.0,50093208.90698162,0.1312986580656155,175.0,8.0
12763455,7.23302752293578,0.6666,0.13,0.07,0.2,0.6666,4360000,cosmosvaloper1svwt2mr4x2mx0hcmty0mxsa4rmlfau4lwx2l69,0,bLR9eGsvNQwTpgu3fTmKyC6QCYU=,2022-11-08T09:39:01.281640242Z,0.9942857142857144,0.02,0.01,0.04,185753.0002,64.67,315214399989691,8.0,50093852.65640336,0.1312986660102424,175.0,8.0
12763456,7.23302752293578,0.6666,0.13,0.07,0.2,0.6666,4360000,cosmosvaloper1svwt2mr4x2mx0hcmty0mxsa4rmlfau4lwx2l69,0,bXAfpZUyaI3xa6+VIRN+jBTLsxY=,2022-11-08T09:39:07.651211575Z,0.9942857142857144,0.02,0.01,0.04,185753.0002,64.67,315214409482175,8.0,50094496.26930221,0.131298673954876,175.0,8.0
12763457,7.23302752293578,0.6666,0.13,0.07,0.2,0.6666,4360000,cosmosvaloper1svwt2mr4x2mx0hcmty0mxsa4rmlfau4lwx2l69,0,sRZ9BDfbnfDVM+4qzeSBBxOb3S4=,2022-11-08T09:39:14.429721486Z,0.9942857142857144,0.02,0.01,0.04,185753.0002,64.67,315214418974660,8.0,50095140.46476193,0.1312986818995036,175.0,8.0
12763458,7.23302752293578,0.6666,0.13,0.07,0.2,0.6666,4360000,cosmosvaloper1svwt2mr4x2mx0hcmty0mxsa4rmlfau4lwx2l69,0,aPJweVkNysw6wcSJKhoAjzSPWW8=,2022-11-08T09:39:20.726587783Z,0.9942857142857144,0.02,0.01,0.04,185753.0002,64.67,315214428467146,8.0,50095784.99407229,0.1312986898440821,175.0,8.0
12763459,7.23302752293578,0.6666,0.13,0.07,0.2,0.6666,4360000,cosmosvaloper1svwt2mr4x2mx0hcmty0mxsa4rmlfau4lwx2l69,0,g/R9d0ew9jOmug30m33PYfkKobA=,2022-11-08T09:39:27.167632585Z,0.9942857142857144,0.02,0.01,0.04,185753.0002,64.67,315214437959633,8.0,50096428.62998397,0.1312986977886672,175.0,8.0
12763460,7.23302752293578,0.6666,0.13,0.07,0.2,0.6666,4360000,cosmosvaloper1svwt2mr4x2mx0hcmty0mxsa4rmlfau4lwx2l69,0,CZ4rCVgzMa/eNeX6lmc9LKfeoxY=,2022-11-08T09:39:33.811399585Z,0.9942857142857144,0.02,0.01,0.04,185753.0002,64.67,315214447452121,8.0,50097072.67408298,0.1312987057332558,175.0,8.0
12763461,7.23302752293578,0.6666,0.13,0.07,0.2,0.6666,4360000,cosmosvaloper1svwt2mr4x2mx0hcmty0mxsa4rmlfau4lwx2l69,0,6Dv8Q20s6NzJ7AWJsuW3NeN/uFw=,2022-11-08T09:39:40.060517436Z,0.9942857142857144,0.02,0.01,0.04,185753.0002,64.67,315214456944609,8.0,50097716.38175557,0.1312987136778512,175.0,8.0
12763462,7.23302752293578,0.6666,0.13,0.07,0.2,0.6666,4360000,cosmosvaloper1svwt2mr4x2mx0hcmty0mxsa4rmlfau4lwx2l69,0,WS8Xu4zzaqNYZ2Wfiw6eduEbz7o=,2022-11-08T09:39:46.325537396Z,0.9942857142857144,0.02,0.01,0.04,185753.0002,64.67,315214466437098,8.0,50098360.017632335,0.1312987216224531,175.0,8.0
12763463,7.23302752293578,0.6666,0.13,0.07,0.2,0.6666,4360000,cosmosvaloper1svwt2mr4x2mx0hcmty0mxsa4rmlfau4lwx2l69,0,ezou/ls/zfgZ/PUmBzFM7+R1S7Y=,2022-11-08T09:39:52.555316541Z,0.9942857142857144,0.02,0.01,0.04,185753.0002,64.67,315214475929588,8.0,50099004.96491464,0.1312987295670597,175.0,8.0
12763464,7.23302752293578,0.6666,0.13,0.07,0.2,0.6666,4360000,cosmosvaloper1svwt2mr4x2mx0hcmty0mxsa4rmlfau4lwx2l69,0,Z5uJeFlzvpTU/fi2b4SpKZMukcU=,2022-11-08T09:39:59.012495207Z,0.9942857142857144,0.02,0.01,0.04,185753.0002,64.67,315214494914571,8.0,50100293.535436094,0.1312987454562928,175.0,8.0
12763465,7.23302752293578,0.6666,0.13,0.07,0.2,0.6666,4360000,cosmosvaloper1svwt2mr4x2mx0hcmty0mxsa4rmlfau4lwx2l69,0,2mqqqVnJ74ij6zex8QfLJmfruqs=,2022-11-08T09:40:05.267617408Z,0.9828571428571428,0.02,0.01,0.04,185753.0002,64.67,315214494914571,8.0,50100293.535436094,0.1312987454562928,175.0,8.0
12763466,7.23302752293578,0.6666,0.13,0.07,0.2,0.6666,4360000,cosmosvaloper1svwt2mr4x2mx0hcmty0mxsa4rmlfau4lwx2l69,0,1o7sDS6CSPHsZM21he22HspDK9g=,2022-11-08T09:40:07.595169841Z,0.96,0.02,0.01,0.04,185753.0002,64.67,315214504407064,8.0,50100937.49633509,0.1312987534009194,175.0,8.0
12763467,7.23302752293578,0.6666,0.13,0.07,0.2,0.6666,4360000,cosmosvaloper1svwt2mr4x2mx0hcmty0mxsa4rmlfau4lwx2l69,0,2fikG3gqpqZq3IH5U5I8fc57YAE=,2022-11-08T09:40:13.992760418Z,0.9942857142857144,0.02,0.01,0.04,185753.0002,64.67,315214513899558,8.0,50101581.80173684,0.1312987613455527,175.0,8.0
12763468,7.23302752293578,0.6666,0.13,0.07,0.2,0.6666,4360000,cosmosvaloper1svwt2mr4x2mx0hcmty0mxsa4rmlfau4lwx2l69,0,2fikG3gqpqZq3IH5U5I8fc57YAE=,2022-11-08T09:40:25.279986118Z,0.9828571428571428,0.02,0.01,0.04,185753.0002,64.67,315214523392052,8.0,50102226.24393256,0.1312987692901918,175.0,8.0
12763469,7.23302752293578,0.6666,0.13,0.07,0.2,0.6666,4360000,cosmosvaloper1svwt2mr4x2mx0hcmty0mxsa4rmlfau4lwx2l69,0,HO0wcz0WJciatphndgbQ43s2dqk=,2022-11-08T09:40:31.845455606Z,0.9942857142857144,0.02,0.01,0.04,185753.0002,64.67,315214532884547,8.0,50102870.45558502,0.1312987772348375,175.0,8.0
12763470,7.23302752293578,0.6666,0.13,0.07,0.2,0.6666,4360000,cosmosvaloper1svwt2mr4x2mx0hcmty0mxsa4rmlfau4lwx2l69,0,0tRY+SCey4yiqrHZngZhG4Eqh5c=,2022-11-08T09:40:38.184352755Z,0.9657142857142856,0.02,0.01,0.04,185753.0002,64.67,315214542377043,8.0,50103514.16799074,0.1312987851794899,175.0,8.0
12763471,7.23302752293578,0.6666,0.13,0.07,0.2,0.6666,4360000,cosmosvaloper1svwt2mr4x2mx0hcmty0mxsa4rmlfau4lwx2l69,0,rC1WBXzYR2Xm++MYl5CT6ORKoY8=,2022-11-08T09:40:44.751320458Z,0.9885714285714284,0.02,0.01,0.04,185753.0002,64.67,315214551869540,8.0,50104158.36637984,0.131298793124142,175.0,8.0
12763472,7.23302752293578,0.6666,0.13,0.07,0.2,0.6666,4360000,cosmosvaloper1svwt2mr4x2mx0hcmty0mxsa4rmlfau4lwx2l69,0,V3E7t0Icf+s4G4Y/yH3tXoKaqWE=,2022-11-08T09:40:50.936936388Z,0.9885714285714284,0.02,0.01,0.04,185753.0002,64.67,315214561362038,8.0,50104802.06197374,0.1312988010688007,175.0,8.0
12763473,7.23302752293578,0.6666,0.13,0.07,0.2,0.6666,4360000,cosmosvaloper1svwt2mr4x2mx0hcmty0mxsa4rmlfau4lwx2l69,0,nPiuH9UH+XoFQlBYL/5SkiyNNwU=,2022-11-08T09:40:57.361341951Z,0.9885714285714284,0.02,0.01,0.04,185753.0002,64.67,315214570854537,8.0,50105446.49123197,0.1312988090134661,175.0,8.0
12763474,7.23302752293578,0.6666,0.13,0.07,0.2,0.6666,4360000,cosmosvaloper1svwt2mr4x2mx0hcmty0mxsa4rmlfau4lwx2l69,0,nBfJT3MTu01uBkKHvu3l04iOiFU=,2022-11-08T09:41:03.831391445Z,0.9885714285714284,0.02,0.01,0.04,185753.0002,64.67,315214580347037,8.0,50106090.3866474,0.1312988169581381,175.0,8.0
12763475,7.23302752293578,0.6666,0.13,0.07,0.2,0.6666,4360000,cosmosvaloper1svwt2mr4x2mx0hcmty0mxsa4rmlfau4lwx2l69,0,7VCeeAl+EwapH+3o6Ft10Gvd9uM=,2022-11-08T09:41:10.767367305Z,0.9885714285714284,0.02,0.01,0.04,185753.0002,64.67,315214589839537,8.0,50106734.261387005,0.1312988249027065,175.0,8.0
12763476,7.23302752293578,0.6666,0.13,0.07,0.2,0.6666,4360000,cosmosvaloper1svwt2mr4x2mx0hcmty0mxsa4rmlfau4lwx2l69,0,leBg0HcTBw/pgi9sUL12vMv58Xo=,2022-11-08T09:41:17.057274491Z,0.9885714285714284,0.02,0.01,0.04,185753.0002,64.67,315214599332038,8.0,50107379.33186669,0.1312988328472789,175.0,8.0
12763477,7.23302752293578,0.6666,0.13,0.07,0.2,0.6666,4360000,cosmosvaloper1svwt2mr4x2mx0hcmty0mxsa4rmlfau4lwx2l69,0,OZZxwv5LJxTsbofU7kVO8V8zqio=,2022-11-08T09:41:23.747116062Z,0.9942857142857144,0.02,0.01,0.04,185753.0002,64.67,315214608824540,8.0,50108023.1382128,0.131298840791858,175.0,8.0
12763478,7.23302752293578,0.6666,0.13,0.07,0.2,0.6666,4360000,cosmosvaloper1svwt2mr4x2mx0hcmty0mxsa4rmlfau4lwx2l69,0,1o7sDS6CSPHsZM21he22HspDK9g=,2022-11-08T09:41:30.329861638Z,0.9942857142857144,0.02,0.01,0.04,185753.0002,64.67,315214618317043,8.0,50108667.05524855,0.1312988487364403,175.0,8.0
12763479,7.23302752293578,0.6666,0.13,0.07,0.2,0.6666,4360000,cosmosvaloper1svwt2mr4x2mx0hcmty0mxsa4rmlfau4lwx2l69,0,u3a8YyLHUzp8zTrxwInHs5cfsBI=,2022-11-08T09:41:36.772304322Z,0.9942857142857144,0.02,0.01,0.04,185753.0002,64.67,315214627809547,8.0,50109311.64974627,0.1312988566810263,175.0,8.0
12763480,7.23302752293578,0.6666,0.13,0.07,0.2,0.6666,4360000,cosmosvaloper1svwt2mr4x2mx0hcmty0mxsa4rmlfau4lwx2l69,0,bXAfpZUyaI3xa6+VIRN+jBTLsxY=,2022-11-08T09:41:43.255340980Z,0.9942857142857144,0.02,0.01,0.04,185753.0002,64.67,315214637302052,8.0,50109955.90224976,0.131298864625619,175.0,8.0
12763481,7.23302752293578,0.6666,0.13,0.07,0.2,0.6666,4360000,cosmosvaloper1svwt2mr4x2mx0hcmty0mxsa4rmlfau4lwx2l69,0,9Zc0qJanaJQ2vDQiJE/YYq4YnFw=,2022-11-08T09:41:50.114971422Z,0.9942857142857144,0.02,0.01,0.04,185753.0002,64.67,315214646794558,8.0,50110599.58974023,0.1312988725702184,175.0,8.0
12763482,7.23302752293578,0.6666,0.13,0.07,0.2,0.6666,4360000,cosmosvaloper1svwt2mr4x2mx0hcmty0mxsa4rmlfau4lwx2l69,0,YORRkTA0ENMo09DiUvXrxEViZEo=,2022-11-08T09:41:56.787210709Z,0.9942857142857144,0.02,0.01,0.04,185753.0002,64.67,315214656287064,8.0,50111243.62938347,0.131298880514794,175.0,8.0
12763483,7.23302752293578,0.6666,0.13,0.07,0.2,0.6666,4360000,cosmosvaloper1svwt2mr4x2mx0hcmty0mxsa4rmlfau4lwx2l69,0,USBWWacX3/uW4FT4vREIcw4Xrqc=,2022-11-08T09:42:03.320219807Z,0.9942857142857144,0.02,0.01,0.04,185753.0002,64.67,315214665779571,8.0,50111887.244206406,0.1312988884593763,175.0,8.0
12763484,7.23302752293578,0.6666,0.13,0.07,0.2,0.6666,4360000,cosmosvaloper1svwt2mr4x2mx0hcmty0mxsa4rmlfau4lwx2l69,0,AZucopRNPMNsfHMoPvPVjlbIpdQ=,2022-11-08T09:42:09.623837068Z,0.9942857142857144,0.02,0.01,0.04,185753.0002,64.67,315214675272079,8.0,50112530.85860202,0.1312988964039652,175.0,8.0
12763485,7.23302752293578,0.6666,0.13,0.07,0.2,0.6666,4360000,cosmosvaloper1svwt2mr4x2mx0hcmty0mxsa4rmlfau4lwx2l69,0,LCpem575AxZPor0/FAVx3fAqAMw=,2022-11-08T09:42:16.112754623Z,0.9885714285714284,0.02,0.01,0.04,185753.0002,64.67,315214684764588,8.0,50113174.82792962,0.1312989043485606,175.0,8.0
12763486,7.23302752293578,0.6666,0.13,0.07,0.2,0.6666,4360000,cosmosvaloper1svwt2mr4x2mx0hcmty0mxsa4rmlfau4lwx2l69,0,LCpem575AxZPor0/FAVx3fAqAMw=,2022-11-08T09:42:27.547152810Z,0.9885714285714284,0.02,0.01,0.04,185753.0002,64.67,315214694257098,8.0,50113819.431810014,0.131298912293106,175.0,8.0
12763487,7.23302752293578,0.6666,0.13,0.07,0.2,0.6666,4360000,cosmosvaloper1svwt2mr4x2mx0hcmty0mxsa4rmlfau4lwx2l69,0,rC1WBXzYR2Xm++MYl5CT6ORKoY8=,2022-11-08T09:42:34.201636440Z,0.9942857142857144,0.02,0.01,0.04,185753.0002,64.67,315214703749609,8.0,50114463.66747218,0.131298920237658,175.0,8.0
12763488,7.23302752293578,0.6666,0.13,0.07,0.2,0.6666,4360000,cosmosvaloper1svwt2mr4x2mx0hcmty0mxsa4rmlfau4lwx2l69,0,zAWIKXj8X91qdyFofhTAKZrgBLg=,2022-11-08T09:42:40.373440103Z,0.9942857142857144,0.02,0.01,0.04,185753.0002,64.67,315214713242121,8.0,50115107.259601966,0.1312989281822061,175.0,8.0
12763489,7.23302752293578,0.6666,0.13,0.07,0.2,0.6666,4360000,cosmosvaloper1svwt2mr4x2mx0hcmty0mxsa4rmlfau4lwx2l69,0,ncQBIJm+dDGJB0uF5JiRrjs/7ps=,2022-11-08T09:42:46.726000756Z,0.9942857142857144,0.02,0.01,0.04,185753.0002,64.67,315214722734633,8.0,50115751.10159405,0.1312989361267609,175.0,8.0
12763490,7.23302752293578,0.6666,0.13,0.07,0.2,0.6666,4360000,cosmosvaloper1svwt2mr4x2mx0hcmty0mxsa4rmlfau4lwx2l69,0,0tRY+SCey4yiqrHZngZhG4Eqh5c=,2022-11-08T09:42:53.257481044Z,0.9942857142857144,0.02,0.01,0.04,185753.0002,64.67,315214732227146,8.0,50116394.672610566,0.1312989440713223,175.0,8.0
12763491,7.23302752293578,0.6666,0.13,0.07,0.2,0.6666,4360000,cosmosvaloper1svwt2mr4x2mx0hcmty0mxsa4rmlfau4lwx2l69,0,aPJweVkNysw6wcSJKhoAjzSPWW8=,2022-11-08T09:42:59.617455183Z,0.9942857142857144,0.02,0.01,0.04,185753.0002,64.67,315214741719660,8.0,50117038.828017406,0.1312989520158904,175.0,8.0
12763492,7.23302752293578,0.6666,0.13,0.07,0.2,0.6666,4360000,cosmosvaloper1svwt2mr4x2mx0hcmty0mxsa4rmlfau4lwx2l69,0,1o7sDS6CSPHsZM21he22HspDK9g=,2022-11-08T09:43:06.027642366Z,0.9942857142857144,0.02,0.01,0.04,185753.0002,64.67,315214751212175,8.0,50117683.60292816,0.1312989599603998,175.0,8.0
12763493,7.23302752293578,0.6666,0.13,0.07,0.2,0.6666,4360000,cosmosvaloper1svwt2mr4x2mx0hcmty0mxsa4rmlfau4lwx2l69,0,sRZ9BDfbnfDVM+4qzeSBBxOb3S4=,2022-11-08T09:43:12.487076541Z,0.9942857142857144,0.02,0.01,0.04,185753.0002,64.67,315214760704691,8.0,50118327.704918966,0.1312989679049159,175.0,8.0
12763494,7.23302752293578,0.6666,0.13,0.07,0.2,0.6666,4360000,cosmosvaloper1svwt2mr4x2mx0hcmty0mxsa4rmlfau4lwx2l69,0,TrEoJnX3JLWQJvIXPCPw3Jk28Rg=,2022-11-08T09:43:18.722632329Z,0.9942857142857144,0.02,0.01,0.04,185753.0002,64.67,315214770197208,8.0,50118971.51638928,0.1312989758494382,175.0,8.0
12763495,7.23302752293578,0.6666,0.13,0.07,0.2,0.6666,4360000,cosmosvaloper1svwt2mr4x2mx0hcmty0mxsa4rmlfau4lwx2l69,0,7nOhl1HVjF7ARMEeP7euaFoQ0sE=,2022-11-08T09:43:25.009355936Z,0.9942857142857144,0.02,0.01,0.04,185753.0002,64.67,315214779689726,8.0,50119615.26630916,0.131298983793943,175.0,8.0
12763496,7.23302752293578,0.6666,0.13,0.07,0.2,0.6666,4360000,cosmosvaloper1svwt2mr4x2mx0hcmty0mxsa4rmlfau4lwx2l69,0,hLPYkiui8ko5R37BSVeZG+Gud2U=,2022-11-08T09:43:31.333881133Z,0.9942857142857144,0.02,0.01,0.04,185753.0002,64.67,315214789182244,8.0,50120259.6592548,0.1312989917384531,175.0,8.0
12763497,7.23302752293578,0.6666,0.13,0.07,0.2,0.6666,4360000,cosmosvaloper1svwt2mr4x2mx0hcmty0mxsa4rmlfau4lwx2l69,0,a9RwUCEzKpC5I5fY1yyjlQy4WOs=,2022-11-08T09:43:37.616412341Z,0.9942857142857144,0.02,0.01,0.04,185753.0002,64.67,315214798674763,8.0,50120903.31264458,0.1312989996829698,175.0,8.0
12763498,7.23302752293578,0.6666,0.13,0.07,0.2,0.6666,4360000,cosmosvaloper1svwt2mr4x2mx0hcmty0mxsa4rmlfau4lwx2l69,0,Z5uJeFlzvpTU/fi2b4SpKZMukcU=,2022-11-08T09:43:44.439712615Z,0.9942857142857144,0.02,0.01,0.04,185753.0002,64.67,315214808167283,8.0,50121548.284345925,0.1312990076274931,175.0,8.0
12763499,7.23302752293578,0.6666,0.13,0.07,0.2,0.6666,4360000,cosmosvaloper1svwt2mr4x2mx0hcmty0mxsa4rmlfau4lwx2l69,0,nPiuH9UH+XoFQlBYL/5SkiyNNwU=,2022-11-08T09:43:50.806126031Z,0.9942857142857144,0.02,0.01,0.04,185753.0002,64.67,315214817659804,8.0,50122191.83333771,0.1312990155720232,175.0,8.0
12763500,7.23302752293578,0.6666,0.13,0.07,0.2,0.6666,4360000,cosmosvaloper1svwt2mr4x2mx0hcmty0mxsa4rmlfau4lwx2l69,0,HO0wcz0WJciatphndgbQ43s2dqk=,2022-11-08T09:43:57.390040850Z,0.9942857142857144,0.02,0.01,0.04,185753.0002,64.67,315214827152326,8.0,50122835.73021141,0.1312990235165575,175.0,8.0
12763501,7.23302752293578,0.6666,0.13,0.07,0.2,0.6666,4360000,cosmosvaloper1svwt2mr4x2mx0hcmty0mxsa4rmlfau4lwx2l69,0,UdslZiBO4mZCfqimy3GYNasXC+k=,2022-11-08T09:44:03.697389084Z,0.9942857142857144,0.02,0.01,0.04,185753.0002,64.67,315214836644849,8.0,50123479.19799459,0.1312990314610984,175.0,8.0
12763502,7.23302752293578,0.6666,0.13,0.07,0.2,0.6666,4360000,cosmosvaloper1svwt2mr4x2mx0hcmty0mxsa4rmlfau4lwx2l69,0,zIf1a1hiGBHitaR/OMYWbilc424=,2022-11-08T09:44:10.033028275Z,0.9942857142857144,0.02,0.01,0.04,185753.0002,64.67,315214846137373,8.0,50124124.08569859,0.131299039405646,175.0,8.0
12763503,7.23302752293578,0.6666,0.13,0.07,0.2,0.6666,4360000,cosmosvaloper1svwt2mr4x2mx0hcmty0mxsa4rmlfau4lwx2l69,0,bXAfpZUyaI3xa6+VIRN+jBTLsxY=,2022-11-08T09:44:16.404695143Z,0.9942857142857144,0.02,0.01,0.04,185753.0002,64.67,315214855629898,8.0,50124767.55360788,0.1312990473502003,175.0,8.0
12763504,7.23302752293578,0.6666,0.13,0.07,0.2,0.6666,4360000,cosmosvaloper1svwt2mr4x2mx0hcmty0mxsa4rmlfau4lwx2l69,0,1UCrAiCIYSrHSyh9B22/vEo3ei4=,2022-11-08T09:44:23.211453331Z,0.9942857142857144,0.02,0.01,0.04,185753.0002,64.67,315214865122423,8.0,50125411.16814004,0.1312990552947612,175.0,8.0
12763505,7.23302752293578,0.6666,0.13,0.07,0.2,0.6666,4360000,cosmosvaloper1svwt2mr4x2mx0hcmty0mxsa4rmlfau4lwx2l69,0,1o7sDS6CSPHsZM21he22HspDK9g=,2022-11-08T09:44:29.765667Z,0.9942857142857144,0.02,0.01,0.04,185753.0002,64.67,315214874614949,8.0,50126056.27235511,0.1312990632392964,175.0,8.0
12763506,7.23302752293578,0.6666,0.13,0.07,0.2,0.6666,4360000,cosmosvaloper1svwt2mr4x2mx0hcmty0mxsa4rmlfau4lwx2l69,0,rC1WBXzYR2Xm++MYl5CT6ORKoY8=,2022-11-08T09:44:36.159442861Z,0.9942857142857144,0.02,0.01,0.04,185753.0002,64.67,315214884107476,8.0,50126700.06347191,0.1312990711838381,175.0,8.0
12763507,7.23302752293578,0.6666,0.13,0.07,0.2,0.6666,4360000,cosmosvaloper1svwt2mr4x2mx0hcmty0mxsa4rmlfau4lwx2l69,0,7VCeeAl+EwapH+3o6Ft10Gvd9uM=,2022-11-08T09:44:42.396658101Z,0.9942857142857144,0.02,0.01,0.04,185753.0002,64.67,315214893600004,8.0,50127344.569034606,0.1312990791283621,175.0,8.0
12763508,7.23302752293578,0.6666,0.13,0.07,0.2,0.6666,4360000,cosmosvaloper1svwt2mr4x2mx0hcmty0mxsa4rmlfau4lwx2l69,0,7VCeeAl+EwapH+3o6Ft10Gvd9uM=,2022-11-08T09:44:53.619258045Z,0.9771428571428572,0.02,0.01,0.04,185753.0002,64.67,315214903092533,8.0,50127988.885946654,0.1312990870728866,175.0,8.0
12763509,7.23302752293578,0.6666,0.13,0.07,0.2,0.6666,4360000,cosmosvaloper1svwt2mr4x2mx0hcmty0mxsa4rmlfau4lwx2l69,0,sApjI3N/Mh6wuNWcb9SXoUtgk4o=,2022-11-08T09:44:59.870956111Z,0.9942857142857144,0.02,0.01,0.04,185753.0002,64.67,315214912585063,8.0,50128634.41684744,0.1312990950174178,175.0,8.0
12763510,7.23302752293578,0.6666,0.13,0.07,0.2,0.6666,4360000,cosmosvaloper1svwt2mr4x2mx0hcmty0mxsa4rmlfau4lwx2l69,0,O4RcmvHWnp+7YgtpqyJrKLrJeYU=,2022-11-08T09:45:06.136214717Z,0.9942857142857144,0.02,0.01,0.04,185753.0002,64.67,315214922077594,8.0,50129278.25936683,0.1312991029619556,175.0,8.0
12763511,7.23302752293578,0.6666,0.13,0.07,0.2,0.6666,4360000,cosmosvaloper1svwt2mr4x2mx0hcmty0mxsa4rmlfau4lwx2l69,0,0tRY+SCey4yiqrHZngZhG4Eqh5c=,2022-11-08T09:45:12.620441359Z,0.9942857142857144,0.02,0.01,0.04,185753.0002,64.67,315214931570125,8.0,50129923.01802468,0.1312991109064916,175.0,8.0
12763512,7.23302752293578,0.6666,0.13,0.07,0.2,0.6666,4360000,cosmosvaloper1svwt2mr4x2mx0hcmty0mxsa4rmlfau4lwx2l69,0,MZIPm8Ojm2aHbMfW1eWJ4QOTvw4=,2022-11-08T09:45:19.165147428Z,0.9942857142857144,0.02,0.01,0.04,185753.0002,64.67,315214941062657,8.0,50130567.17019413,0.1312991188510344,175.0,8.0
12763513,7.23302752293578,0.6666,0.13,0.07,0.2,0.6666,4360000,cosmosvaloper1svwt2mr4x2mx0hcmty0mxsa4rmlfau4lwx2l69,0,9Zc0qJanaJQ2vDQiJE/YYq4YnFw=,2022-11-08T09:45:25.462870305Z,0.9942857142857144,0.02,0.01,0.04,185753.0002,64.67,315214950555190,8.0,50131211.45466127,0.1312991267955795,175.0,8.0
12763514,7.23302752293578,0.6666,0.13,0.07,0.2,0.6666,4360000,cosmosvaloper1svwt2mr4x2mx0hcmty0mxsa4rmlfau4lwx2l69,0,g/R9d0ew9jOmug30m33PYfkKobA=,2022-11-08T09:45:32.155959199Z,0.9942857142857144,0.02,0.01,0.04,185753.0002,64.67,315214960047724,8.0,50131855.32034162,0.1312991347401293,175.0,8.0
12763515,7.23302752293578,0.6666,0.13,0.07,0.2,0.6666,4360000,cosmosvaloper1svwt2mr4x2mx0hcmty0mxsa4rmlfau4lwx2l69,0,Wlnch0b9cn/d1cv1y7kMb2Fsz5s=,2022-11-08T09:45:38.758823469Z,0.9942857142857144,0.02,0.01,0.04,185753.0002,64.67,315214969540259,8.0,50132499.60154236,0.1312991426846857,175.0,8.0
12763516,7.23302752293578,0.6666,0.13,0.07,0.2,0.6666,4360000,cosmosvaloper1svwt2mr4x2mx0hcmty0mxsa4rmlfau4lwx2l69,0,CZ4rCVgzMa/eNeX6lmc9LKfeoxY=,2022-11-08T09:45:45.067429197Z,0.9942857142857144,0.02,0.01,0.04,185753.0002,64.67,315214979032795,8.0,50133144.516339846,0.1312991506292151,175.0,8.0
12763517,7.23302752293578,0.6666,0.13,0.07,0.2,0.6666,4360000,cosmosvaloper1svwt2mr4x2mx0hcmty0mxsa4rmlfau4lwx2l69,0,2fikG3gqpqZq3IH5U5I8fc57YAE=,2022-11-08T09:45:51.279305846Z,0.9142857142857144,0.02,0.01,0.04,185753.0002,64.67,315214988525332,8.0,50133792.36713466,0.1312991585737493,175.0,8.0
12763518,7.23302752293578,0.6666,0.13,0.07,0.2,0.6666,4360000,cosmosvaloper1svwt2mr4x2mx0hcmty0mxsa4rmlfau4lwx2l69,0,1o7sDS6CSPHsZM21he22HspDK9g=,2022-11-08T09:45:57.797885830Z,0.92,0.02,0.01,0.04,185753.0002,64.67,315214998017869,8.0,50134437.313131966,0.1312991665182901,175.0,8.0
12763519,7.23302752293578,0.6666,0.13,0.07,0.2,0.6666,4360000,cosmosvaloper1svwt2mr4x2mx0hcmty0mxsa4rmlfau4lwx2l69,0,RqP4uDk7qhU8QOVyLq6C6g1Isy0=,2022-11-08T09:46:04.294244572Z,0.9485714285714286,0.02,0.01,0.04,185753.0002,64.67,315215007510407,8.0,50135081.52824588,0.1312991744628365,175.0,8.0
12763520,7.23302752293578,0.6666,0.13,0.07,0.2,0.6666,4360000,cosmosvaloper1svwt2mr4x2mx0hcmty0mxsa4rmlfau4lwx2l69,0,RPBYL8sjsEQHRDaQb4IGz2VRLDY=,2022-11-08T09:46:11.118039890Z,0.9657142857142856,0.02,0.01,0.04,185753.0002,64.67,315215026495486,8.0,50136370.95292825,0.1312991903519392,175.0,8.0
12763521,7.23302752293578,0.6666,0.13,0.07,0.2,0.6666,4360000,cosmosvaloper1svwt2mr4x2mx0hcmty0mxsa4rmlfau4lwx2l69,0,2mqqqVnJ74ij6zex8QfLJmfruqs=,2022-11-08T09:46:18.005511503Z,0.9771428571428572,0.02,0.01,0.04,185753.0002,64.67,315215026495486,8.0,50136370.95292825,0.1312991903519392,175.0,8.0
12763522,7.23302752293578,0.6666,0.13,0.07,0.2,0.6666,4360000,cosmosvaloper1svwt2mr4x2mx0hcmty0mxsa4rmlfau4lwx2l69,0,aPJweVkNysw6wcSJKhoAjzSPWW8=,2022-11-08T09:46:20.361791760Z,0.9428571428571428,0.02,0.01,0.04,185753.0002,64.67,315215035988027,8.0,50137014.65757444,0.1312991982965006,175.0,8.0
12763523,7.23302752293578,0.6666,0.13,0.07,0.2,0.6666,4360000,cosmosvaloper1svwt2mr4x2mx0hcmty0mxsa4rmlfau4lwx2l69,0,rC1WBXzYR2Xm++MYl5CT6ORKoY8=,2022-11-08T09:46:26.832268533Z,0.9885714285714284,0.02,0.01,0.04,185753.0002,64.67,315215045480569,8.0,50137658.56221669,0.1312992062410577,175.0,8.0
12763524,7.23302752293578,0.6666,0.13,0.07,0.2,0.6666,4360000,cosmosvaloper1svwt2mr4x2mx0hcmty0mxsa4rmlfau4lwx2l69,0,sRZ9BDfbnfDVM+4qzeSBBxOb3S4=,2022-11-08T09:46:32.980325384Z,0.9885714285714284,0.02,0.01,0.04,185753.0002,64.67,315215054973112,8.0,50138302.8930425,0.1312992141852547,175.0,8.0
12763525,7.23302752293578,0.6666,0.13,0.07,0.2,0.6666,4360000,cosmosvaloper1svwt2mr4x2mx0hcmty0mxsa4rmlfau4lwx2l69,0,nPiuH9UH+XoFQlBYL/5SkiyNNwU=,2022-11-08T09:46:39.194719136Z,0.9885714285714284,0.02,0.01,0.04,185753.0002,64.67,315215064465655,8.0,50138946.682074524,0.1312992221294583,175.0,8.0
12763526,7.23302752293578,0.6666,0.13,0.07,0.2,0.6666,4360000,cosmosvaloper1svwt2mr4x2mx0hcmty0mxsa4rmlfau4lwx2l69,0,nPiuH9UH+XoFQlBYL/5SkiyNNwU=,2022-11-08T09:46:50.591121565Z,0.9771428571428572,0.02,0.01,0.04,185753.0002,64.67,315215073958199,8.0,50139591.77394355,0.1312992300736625,175.0,8.0
12763527,7.23302752293578,0.6666,0.13,0.07,0.2,0.6666,4360000,cosmosvaloper1svwt2mr4x2mx0hcmty0mxsa4rmlfau4lwx2l69,0,bXAfpZUyaI3xa6+VIRN+jBTLsxY=,2022-11-08T09:46:57.110978129Z,0.96,0.02,0.01,0.04,185753.0002,64.67,315215083450744,8.0,50140235.446473,0.1312992380178732,175.0,8.0
12763528,7.23302752293578,0.6666,0.13,0.07,0.2,0.6666,4360000,cosmosvaloper1svwt2mr4x2mx0hcmty0mxsa4rmlfau4lwx2l69,0,1/fHlIfBClzxq+sdvYHo1JdXxCI=,2022-11-08T09:47:03.813770656Z,0.9828571428571428,0.02,0.01,0.04,185753.0002,64.67,315215092943290,8.0,50140879.37550629,0.131299245962048,175.0,8.0
12763529,7.23302752293578,0.6666,0.13,0.07,0.2,0.6666,4360000,cosmosvaloper1svwt2mr4x2mx0hcmty0mxsa4rmlfau4lwx2l69,0,gZZf6KFfqAeMkgLzLkz6cvhfKiI=,2022-11-08T09:47:10.050257150Z,0.9885714285714284,0.02,0.01,0.04,185753.0002,64.67,315215102435837,8.0,50141523.254235856,0.1312992539062295,175.0,8.0
12763530,7.23302752293578,0.6666,0.13,0.07,0.2,0.6666,4360000,cosmosvaloper1svwt2mr4x2mx0hcmty0mxsa4rmlfau4lwx2l69,0,HO0wcz0WJciatphndgbQ43s2dqk=,2022-11-08T09:47:16.406252656Z,0.9942857142857144,0.02,0.01,0.04,185753.0002,64.67,315215111928385,8.0,50142167.50058164,0.1312992618504165,175.0,8.0
12763531,7.23302752293578,0.6666,0.13,0.07,0.2,0.6666,4360000,cosmosvaloper1svwt2mr4x2mx0hcmty0mxsa4rmlfau4lwx2l69,0,1o7sDS6CSPHsZM21he22HspDK9g=,2022-11-08T09:47:22.707867426Z,0.9942857142857144,0.02,0.01,0.04,185753.0002,64.67,315215121420934,8.0,50142811.81112136,0.1312992697946101,175.0,8.0
12763532,7.23302752293578,0.6666,0.13,0.07,0.2,0.6666,4360000,cosmosvaloper1svwt2mr4x2mx0hcmty0mxsa4rmlfau4lwx2l69,0,Z5uJeFlzvpTU/fi2b4SpKZMukcU=,2022-11-08T09:47:29.101473902Z,0.9942857142857144,0.02,0.01,0.04,185753.0002,64.67,315215130913483,8.0,50143456.36609656,0.1312992777387833,175.0,8.0
12763533,7.23302752293578,0.6666,0.13,0.07,0.2,0.6666,4360000,cosmosvaloper1svwt2mr4x2mx0hcmty0mxsa4rmlfau4lwx2l69,0,0tRY+SCey4yiqrHZngZhG4Eqh5c=,2022-11-08T09:47:35.365615363Z,0.9942857142857144,0.02,0.01,0.04,185753.0002,64.67,315215140406033,8.0,50144100.75323202,0.1312992856829624,175.0,8.0
12763534,7.23302752293578,0.6666,0.13,0.07,0.2,0.6666,4360000,cosmosvaloper1svwt2mr4x2mx0hcmty0mxsa4rmlfau4lwx2l69,0,6AB0DGjIGzA0XDriumOPpW/2fu8=,2022-11-08T09:47:41.875810409Z,0.9942857142857144,0.02,0.01,0.04,185753.0002,64.67,315215149898584,8.0,50144745.2380368,0.1312992936271347,175.0,8.0
12763535,7.23302752293578,0.6666,0.13,0.07,0.2,0.6666,4360000,cosmosvaloper1svwt2mr4x2mx0hcmty0mxsa4rmlfau4lwx2l69,0,3qELGQGaE7F9GrnK4XMhza47BIc=,2022-11-08T09:47:48.407418869Z,0.9942857142857144,0.02,0.01,0.04,185753.0002,64.67,315215159391136,8.0,50145388.70949288,0.1312993015713136,175.0,8.0
12763536,7.23302752293578,0.6666,0.13,0.07,0.2,0.6666,4360000,cosmosvaloper1svwt2mr4x2mx0hcmty0mxsa4rmlfau4lwx2l69,0,7VCeeAl+EwapH+3o6Ft10Gvd9uM=,2022-11-08T09:47:55.035042800Z,0.9942857142857144,0.02,0.01,0.04,185753.0002,64.67,315215168883689,8.0,50146032.52160669,0.1312993095154991,175.0,8.0
12763537,7.23302752293578,0.6666,0.13,0.07,0.2,0.6666,4360000,cosmosvaloper1svwt2mr4x2mx0hcmty0mxsa4rmlfau4lwx2l69,0,sxWB6f9XEEVTE3Di1IlaLW/t7Ps=,2022-11-08T09:48:01.367435170Z,0.9942857142857144,0.02,0.01,0.04,185753.0002,64.67,315215178376243,8.0,50146676.35602229,0.1312993174596912,175.0,8.0
12763538,7.23302752293578,0.6666,0.13,0.07,0.2,0.6666,4360000,cosmosvaloper1svwt2mr4x2mx0hcmty0mxsa4rmlfau4lwx2l69,0,Fw/v1tf0ppqucKJEFfxOLJKN4uU=,2022-11-08T09:48:07.942850499Z,0.9942857142857144,0.02,0.01,0.04,185753.0002,64.67,315215187868798,8.0,50147320.55662127,0.13129932540389,175.0,8.0
12763539,7.23302752293578,0.6666,0.13,0.07,0.2,0.6666,4360000,cosmosvaloper1svwt2mr4x2mx0hcmty0mxsa4rmlfau4lwx2l69,0,0mmoHHdB9FjDHbf7FMWBdkIfsvg=,2022-11-08T09:48:14.198162203Z,0.9942857142857144,0.02,0.01,0.04,185753.0002,64.67,315215197361353,8.0,50147965.14997597,0.1312993333480954,175.0,8.0
12763540,7.23302752293578,0.6666,0.13,0.07,0.2,0.6666,4360000,cosmosvaloper1svwt2mr4x2mx0hcmty0mxsa4rmlfau4lwx2l69,0,rC1WBXzYR2Xm++MYl5CT6ORKoY8=,2022-11-08T09:48:20.664409259Z,0.9942857142857144,0.02,0.01,0.04,185753.0002,64.67,315215206853909,8.0,50148609.06376971,0.1312993412923076,175.0,8.0
12763541,7.23302752293578,0.6666,0.13,0.07,0.2,0.6666,4360000,cosmosvaloper1svwt2mr4x2mx0hcmty0mxsa4rmlfau4lwx2l69,0,JURdDrNT6QUKsR7GGX1dy2EZhts=,2022-11-08T09:48:26.884941120Z,0.9942857142857144,0.02,0.01,0.04,185753.0002,64.67,315215216346466,8.0,50149252.53213752,0.1312993492365264,175.0,8.0
12763542,7.23302752293578,0.6666,0.13,0.07,0.2,0.6666,4360000,cosmosvaloper1svwt2mr4x2mx0hcmty0mxsa4rmlfau4lwx2l69,0,9Zc0qJanaJQ2vDQiJE/YYq4YnFw=,2022-11-08T09:48:33.229785075Z,0.9942857142857144,0.02,0.01,0.04,185753.0002,64.67,315215225839024,8.0,50149896.00057312,0.1312993571807518,175.0,8.0
12763543,7.23302752293578,0.6666,0.13,0.07,0.2,0.6666,4360000,cosmosvaloper1svwt2mr4x2mx0hcmty0mxsa4rmlfau4lwx2l69,0,1o7sDS6CSPHsZM21he22HspDK9g=,2022-11-08T09:48:39.899287310Z,0.9942857142857144,0.02,0.01,0.04,185753.0002,64.67,315215235331583,8.0,50150540.801964976,0.1312993651246799,175.0,8.0
12763544,7.23302752293578,0.6666,0.13,0.07,0.2,0.6666,4360000,cosmosvaloper1svwt2mr4x2mx0hcmty0mxsa4rmlfau4lwx2l69,0,1o7sDS6CSPHsZM21he22HspDK9g=,2022-11-08T09:48:51.118390013Z,0.9828571428571428,0.02,0.01,0.04,185753.0002,64.67,315215244824143,8.0,50151186.316539966,0.1312993730686056,175.0,8.0
12763545,7.23302752293578,0.6666,0.13,0.07,0.2,0.6666,4360000,cosmosvaloper1svwt2mr4x2mx0hcmty0mxsa4rmlfau4lwx2l69,0,USBWWacX3/uW4FT4vREIcw4Xrqc=,2022-11-08T09:48:57.512974454Z,0.9771428571428572,0.02,0.01,0.04,185753.0002,64.67,315215254316704,8.0,50151829.7842952,0.131299381012538,175.0,8.0
12763546,7.23302752293578,0.6666,0.13,0.07,0.2,0.6666,4360000,cosmosvaloper1svwt2mr4x2mx0hcmty0mxsa4rmlfau4lwx2l69,0,C0LkfxVOJNEBhLsS4yNHqsYca4A=,2022-11-08T09:49:03.934593760Z,0.9942857142857144,0.02,0.01,0.04,185753.0002,64.67,315215263809265,8.0,50152473.6757588,0.1312993889564744,175.0,8.0
12763547,7.23302752293578,0.6666,0.13,0.07,0.2,0.6666,4360000,cosmosvaloper1svwt2mr4x2mx0hcmty0mxsa4rmlfau4lwx2l69,0,znaAM9cnxqKJgK73Ny0SQyfIEKg=,2022-11-08T09:49:10.225966698Z,0.9885714285714284,0.02,0.01,0.04,185753.0002,64.67,315215273301827,8.0,50153118.11415567,0.1312993969004163,175.0,8.0
12763548,7.23302752293578,0.6666,0.13,0.07,0.2,0.6666,4360000,cosmosvaloper1svwt2mr4x2mx0hcmty0mxsa4rmlfau4lwx2l69,0,nPiuH9UH+XoFQlBYL/5SkiyNNwU=,2022-11-08T09:49:16.669771300Z,0.9885714285714284,0.02,0.01,0.04,185753.0002,64.67,315215282794390,8.0,50153761.80685968,0.1312994048443322,175.0,8.0
12763549,7.23302752293578,0.6666,0.13,0.07,0.2,0.6666,4360000,cosmosvaloper1svwt2mr4x2mx0hcmty0mxsa4rmlfau4lwx2l69,0,bXAfpZUyaI3xa6+VIRN+jBTLsxY=,2022-11-08T09:49:23.168160319Z,0.9942857142857144,0.02,0.01,0.04,185753.0002,64.67,315215292286954,8.0,50154405.72854344,0.131299412788206,175.0,8.0
12763550,7.23302752293578,0.6666,0.13,0.07,0.2,0.6666,4360000,cosmosvaloper1svwt2mr4x2mx0hcmty0mxsa4rmlfau4lwx2l69,0,jg7je3saA43RReMPHvl982Ge9Ck=,2022-11-08T09:49:30.075486745Z,0.9942857142857144,0.02,0.01,0.04,185753.0002,64.67,315215311272085,8.0,50155694.66581882,0.1312994286759734,175.0,8.0
12763551,7.23302752293578,0.6666,0.13,0.07,0.2,0.6666,4360000,cosmosvaloper1svwt2mr4x2mx0hcmty0mxsa4rmlfau4lwx2l69,0,4xUzuCrGeqF4i3C9fphb744SUqE=,2022-11-08T09:49:37.074592099Z,0.9828571428571428,0.02,0.01,0.04,185753.0002,64.67,315215311272085,8.0,50155694.66581882,0.1312994286759734,175.0,8.0
12763552,7.23302752293578,0.6666,0.13,0.07,0.2,0.6666,4360000,cosmosvaloper1svwt2mr4x2mx0hcmty0mxsa4rmlfau4lwx2l69,0,aPJweVkNysw6wcSJKhoAjzSPWW8=,2022-11-08T09:49:39.476173913Z,0.9142857142857144,0.02,0.01,0.04,185753.0002,64.67,315215320764652,8.0,50156338.15892116,0.1312994366198671,175.0,8.0
12763553,7.23302752293578,0.6666,0.13,0.07,0.2,0.6666,4360000,cosmosvaloper1svwt2mr4x2mx0hcmty0mxsa4rmlfau4lwx2l69,0,0tRY+SCey4yiqrHZngZhG4Eqh5c=,2022-11-08T09:49:45.889663158Z,0.9942857142857144,0.02,0.01,0.04,185753.0002,64.67,315215330257220,8.0,50156981.76726216,0.1312994445637675,175.0,8.0
12763554,7.23302752293578,0.6666,0.13,0.07,0.2,0.6666,4360000,cosmosvaloper1svwt2mr4x2mx0hcmty0mxsa4rmlfau4lwx2l69,0,sRZ9BDfbnfDVM+4qzeSBBxOb3S4=,2022-11-08T09:49:52.405809938Z,0.9942857142857144,0.02,0.01,0.04,185753.0002,64.67,315215339749788,8.0,50157625.59618045,0.1312994525076745,175.0,8.0
12763555,7.23302752293578,0.6666,0.13,0.07,0.2,0.6666,4360000,cosmosvaloper1svwt2mr4x2mx0hcmty0mxsa4rmlfau4lwx2l69,0,usM/NA80l3UfEkho8EnsLokwrC8=,2022-11-08T09:49:58.682661025Z,0.9942857142857144,0.02,0.01,0.04,185753.0002,64.67,315215349242357,8.0,50158269.382189885,0.1312994604515882,175.0,8.0
12763556,7.23302752293578,0.6666,0.13,0.07,0.2,0.6666,4360000,cosmosvaloper1svwt2mr4x2mx0hcmty0mxsa4rmlfau4lwx2l69,0,1o7sDS6CSPHsZM21he22HspDK9g=,2022-11-08T09:50:05.260765328Z,0.9942857142857144,0.02,0.01,0.04,185753.0002,64.67,315215358734927,8.0,50158913.22873268,0.131299468395508,175.0,8.0
12763557,7.23302752293578,0.6666,0.13,0.07,0.2,0.6666,4360000,cosmosvaloper1svwt2mr4x2mx0hcmty0mxsa4rmlfau4lwx2l69,0,rC1WBXzYR2Xm++MYl5CT6ORKoY8=,2022-11-08T09:50:11.609758486Z,0.9942857142857144,0.02,0.01,0.04,185753.0002,64.67,315215368227498,8.0,50159556.86635744,0.1312994763394345,175.0,8.0
12763558,7.23302752293578,0.6666,0.13,0.07,0.2,0.6666,4360000,cosmosvaloper1svwt2mr4x2mx0hcmty0mxsa4rmlfau4lwx2l69,0,6Dv8Q20s6NzJ7AWJsuW3NeN/uFw=,2022-11-08T09:50:17.822514619Z,0.9942857142857144,0.02,0.01,0.04,185753.0002,64.67,315215377720070,8.0,50160200.91578208,0.1312994842833676,175.0,8.0
12763559,7.23302752293578,0.6666,0.13,0.07,0.2,0.6666,4360000,cosmosvaloper1svwt2mr4x2mx0hcmty0mxsa4rmlfau4lwx2l69,0,HO0wcz0WJciatphndgbQ43s2dqk=,2022-11-08T09:50:24.075854433Z,0.9942857142857144,0.02,0.01,0.04,185753.0002,64.67,315215387212643,8.0,50160844.38407301,0.1312994922273074,175.0,8.0
12763560,7.23302752293578,0.6666,0.13,0.07,0.2,0.6666,4360000,cosmosvaloper1svwt2mr4x2mx0hcmty0mxsa4rmlfau4lwx2l69,0,sjayojrXFqnY2Fagy6di8yNRXF8=,2022-11-08T09:50:30.370908726Z,0.9942857142857144,0.02,0.01,0.04,185753.0002,64.67,315215396705217,8.0,50161487.85243172,0.1312995001712539,175.0,8.0
12763561,7.23302752293578,0.6666,0.13,0.07,0.2,0.6666,4360000,cosmosvaloper1svwt2mr4x2mx0hcmty0mxsa4rmlfau4lwx2l69,0,TrEoJnX3JLWQJvIXPCPw3Jk28Rg=,2022-11-08T09:50:36.831316474Z,0.9942857142857144,0.02,0.01,0.04,185753.0002,64.67,315215406197791,8.0,50162132.32396293,0.1312995081152071,175.0,8.0
12763562,7.23302752293578,0.6666,0.13,0.07,0.2,0.6666,4360000,cosmosvaloper1svwt2mr4x2mx0hcmty0mxsa4rmlfau4lwx2l69,0,2fikG3gqpqZq3IH5U5I8fc57YAE=,2022-11-08T09:50:43.056237438Z,0.9942857142857144,0.02,0.01,0.04,185753.0002,64.67,315215415690366,8.0,50162776.50848607,0.1312995160591666,175.0,8.0
12763563,7.23302752293578,0.6666,0.13,0.07,0.2,0.6666,4360000,cosmosvaloper1svwt2mr4x2mx0hcmty0mxsa4rmlfau4lwx2l69,0,2fikG3gqpqZq3IH5U5I8fc57YAE=,2022-11-08T09:50:54.353649047Z,0.9828571428571428,0.02,0.01,0.04,185753.0002,64.67,315215425182942,8.0,50163421.32925336,0.1312995240031328,175.0,8.0
12763564,7.23302752293578,0.6666,0.13,0.07,0.2,0.6666,4360000,cosmosvaloper1svwt2mr4x2mx0hcmty0mxsa4rmlfau4lwx2l69,0,Z5uJeFlzvpTU/fi2b4SpKZMukcU=,2022-11-08T09:51:00.687835770Z,0.9942857142857144,0.02,0.01,0.04,185753.0002,64.67,315215434675519,8.0,50164065.136070095,0.1312995319470763,175.0,8.0
12763565,7.23302752293578,0.6666,0.13,0.07,0.2,0.6666,4360000,cosmosvaloper1svwt2mr4x2mx0hcmty0mxsa4rmlfau4lwx2l69,0,g/R9d0ew9jOmug30m33PYfkKobA=,2022-11-08T09:51:07.080885974Z,0.9942857142857144,0.02,0.01,0.04,185753.0002,64.67,315215444168097,8.0,50164709.06144543,0.1312995398910301,175.0,8.0
12763566,7.23302752293578,0.6666,0.13,0.07,0.2,0.6666,4360000,cosmosvaloper1svwt2mr4x2mx0hcmty0mxsa4rmlfau4lwx2l69,0,7VCeeAl+EwapH+3o6Ft10Gvd9uM=,2022-11-08T09:51:13.631242237Z,0.9942857142857144,0.02,0.01,0.04,185753.0002,64.67,315215453660676,8.0,50165353.25381429,0.1312995478349905,175.0,8.0
12763567,7.23302752293578,0.6666,0.13,0.07,0.2,0.6666,4360000,cosmosvaloper1svwt2mr4x2mx0hcmty0mxsa4rmlfau4lwx2l69,0,nBfJT3MTu01uBkKHvu3l04iOiFU=,2022-11-08T09:51:20.024821891Z,0.9942857142857144,0.02,0.01,0.04,185753.0002,64.67,315215472645836,8.0,50166642.37351217,0.1312995637229313,175.0,8.0
12763568,7.23302752293578,0.6666,0.13,0.07,0.2,0.6666,4360000,cosmosvaloper1svwt2mr4x2mx0hcmty0mxsa4rmlfau4lwx2l69,0,AZucopRNPMNsfHMoPvPVjlbIpdQ=,2022-11-08T09:51:26.844582550Z,0.9942857142857144,0.02,0.01,0.04,185753.0002,64.67,315215472645836,8.0,50166642.37351217,0.1312995637229313,175.0,8.0
12763569,7.23302752293578,0.6666,0.13,0.07,0.2,0.6666,4360000,cosmosvaloper1svwt2mr4x2mx0hcmty0mxsa4rmlfau4lwx2l69,0,CZ4rCVgzMa/eNeX6lmc9LKfeoxY=,2022-11-08T09:51:33.238299611Z,0.9942857142857144,0.02,0.01,0.04,185753.0002,64.67,315215482138417,8.0,50167286.03519001,0.1312995716669118,175.0,8.0
12763570,7.23302752293578,0.6666,0.13,0.07,0.2,0.6666,4360000,cosmosvaloper1svwt2mr4x2mx0hcmty0mxsa4rmlfau4lwx2l69,0,1o7sDS6CSPHsZM21he22HspDK9g=,2022-11-08T09:51:39.623651224Z,0.9942857142857144,0.02,0.01,0.04,185753.0002,64.67,315215491630999,8.0,50167929.88714455,0.1312995796108988,175.0,8.0
12763571,7.23302752293578,0.6666,0.13,0.07,0.2,0.6666,4360000,cosmosvaloper1svwt2mr4x2mx0hcmty0mxsa4rmlfau4lwx2l69,0,MZIPm8Ojm2aHbMfW1eWJ4QOTvw4=,2022-11-08T09:51:46.093589855Z,0.9942857142857144,0.02,0.01,0.04,185753.0002,64.67,315215501123582,8.0,50168575.699281245,0.1312995875548906,175.0,8.0
12763572,7.23302752293578,0.6666,0.13,0.07,0.2,0.6666,4360000,cosmosvaloper1svwt2mr4x2mx0hcmty0mxsa4rmlfau4lwx2l69,0,bXAfpZUyaI3xa6+VIRN+jBTLsxY=,2022-11-08T09:51:52.395824679Z,0.9885714285714284,0.02,0.01,0.04,185753.0002,64.67,315215510616166,8.0,50169220.08478332,0.1312995954988891,175.0,8.0
12763573,7.23302752293578,0.6666,0.13,0.07,0.2,0.6666,4360000,cosmosvaloper1svwt2mr4x2mx0hcmty0mxsa4rmlfau4lwx2l69,0,9Zc0qJanaJQ2vDQiJE/YYq4YnFw=,2022-11-08T09:51:59.204669105Z,0.9942857142857144,0.02,0.01,0.04,185753.0002,64.67,315215520108751,8.0,50169863.55380562,0.1312996034428942,175.0,8.0
12763574,7.23302752293578,0.6666,0.13,0.07,0.2,0.6666,4360000,cosmosvaloper1svwt2mr4x2mx0hcmty0mxsa4rmlfau4lwx2l69,0,nPiuH9UH+XoFQlBYL/5SkiyNNwU=,2022-11-08T09:52:06.122068026Z,0.9942857142857144,0.02,0.01,0.04,185753.0002,64.67,315215529601337,8.0,50170507.37789359,0.1312996113868963,175.0,8.0
12763575,7.23302752293578,0.6666,0.13,0.07,0.2,0.6666,4360000,cosmosvaloper1svwt2mr4x2mx0hcmty0mxsa4rmlfau4lwx2l69,0,0tRY+SCey4yiqrHZngZhG4Eqh5c=,2022-11-08T09:52:12.566721273Z,0.9942857142857144,0.02,0.01,0.04,185753.0002,64.67,315215548586510,8.0,50171795.43906424,0.1312996272749205,175.0,8.0
12763576,7.23302752293578,0.6666,0.13,0.07,0.2,0.6666,4360000,cosmosvaloper1svwt2mr4x2mx0hcmty0mxsa4rmlfau4lwx2l69,0,rC1WBXzYR2Xm++MYl5CT6ORKoY8=,2022-11-08T09:52:18.948303947Z,0.9942857142857144,0.02,0.01,0.04,185753.0002,64.67,315215558079098,8.0,50172440.86901991,0.1312996352189427,175.0,8.0
12763577,7.23302752293578,0.6666,0.13,0.07,0.2,0.6666,4360000,cosmosvaloper1svwt2mr4x2mx0hcmty0mxsa4rmlfau4lwx2l69,0,2mqqqVnJ74ij6zex8QfLJmfruqs=,2022-11-08T09:52:25.181801996Z,0.9771428571428572,0.02,0.01,0.04,185753.0002,64.67,315215558079098,8.0,50172440.86901991,0.1312996352189427,175.0,8.0
12763578,7.23302752293578,0.6666,0.13,0.07,0.2,0.6666,4360000,cosmosvaloper1svwt2mr4x2mx0hcmty0mxsa4rmlfau4lwx2l69,0,UdslZiBO4mZCfqimy3GYNasXC+k=,2022-11-08T09:52:27.510017349Z,0.96,0.02,0.01,0.04,185753.0002,64.67,315215567571687,8.0,50173084.52643335,0.1312996431629714,175.0,8.0
12763579,7.23302752293578,0.6666,0.13,0.07,0.2,0.6666,4360000,cosmosvaloper1svwt2mr4x2mx0hcmty0mxsa4rmlfau4lwx2l69,0,uezh17TdgOhoJj6jqvJyucfxKS0=,2022-11-08T09:52:33.828978979Z,0.9942857142857144,0.02,0.01,0.04,185753.0002,64.67,315215577064277,8.0,50173728.33469865,0.1312996511070069,175.0,8.0
12763580,7.23302752293578,0.6666,0.13,0.07,0.2,0.6666,4360000,cosmosvaloper1svwt2mr4x2mx0hcmty0mxsa4rmlfau4lwx2l69,0,ddqzFvTKE2f1MqtxqAt/plq2kDk=,2022-11-08T09:52:40.226019388Z,0.9942857142857144,0.02,0.01,0.04,185753.0002,64.67,315215586556868,8.0,50174372.15543666,0.1312996590510489,175.0,8.0
12763581,7.23302752293578,0.6666,0.13,0.07,0.2,0.6666,4360000,cosmosvaloper1svwt2mr4x2mx0hcmty0mxsa4rmlfau4lwx2l69,0,1o7sDS6CSPHsZM21he22HspDK9g=,2022-11-08T09:52:46.912523431Z,0.9942857142857144,0.02,0.01,0.04,185753.0002,64.67,315215596049460,8.0,50175016.406890064,0.1312996669952251,175.0,8.0
12763582,7.23302752293578,0.6666,0.13,0.07,0.2,0.6666,4360000,cosmosvaloper1svwt2mr4x2mx0hcmty0mxsa4rmlfau4lwx2l69,0,1o7sDS6CSPHsZM21he22HspDK9g=,2022-11-08T09:52:58.154780206Z,0.9828571428571428,0.02,0.01,0.04,185753.0002,64.67,315215605542052,8.0,50175660.56994987,0.131299674939408,175.0,8.0
12763583,7.23302752293578,0.6666,0.13,0.07,0.2,0.6666,4360000,cosmosvaloper1svwt2mr4x2mx0hcmty0mxsa4rmlfau4lwx2l69,0,aPJweVkNysw6wcSJKhoAjzSPWW8=,2022-11-08T09:53:04.577372155Z,0.9942857142857144,0.02,0.01,0.04,185753.0002,64.67,315215615034645,8.0,50176304.03985849,0.1312996828835976,,8.0
12763584,7.23302752293578,0.6666,0.13,0.07,0.2,0.6666,4360000,cosmosvaloper1svwt2mr4x2mx0hcmty0mxsa4rmlfau4lwx2l69,0,hVMOcn+VOq+eLEVjo0STwu9aVcw=,2022-11-08T09:53:11.001178807Z,0.9942857142857144,0.02,0.01,0.04,185753.0002,64.67,315215624527239,8.0,50176948.110762514,0.1312996908277893,175.0,8.0
12763585,7.23302752293578,0.6666,0.13,0.07,0.2,0.6666,4360000,cosmosvaloper1svwt2mr4x2mx0hcmty0mxsa4rmlfau4lwx2l69,0,ppNdh3uXdsRblu6uUmlZo7mlqxo=,2022-11-08T09:53:18.010003854Z,0.9942857142857144,0.02,0.01,0.04,185753.0002,64.67,315215634019834,8.0,50215575.13817362,0.1312996987719875,175.0,8.0
12763586,7.23302752293578,0.6666,0.13,0.07,0.2,0.6666,4360000,cosmosvaloper1svwt2mr4x2mx0hcmty0mxsa4rmlfau4lwx2l69,0,07wmsaneyNVrCjuOzSMRDsTNRac=,2022-11-08T09:53:24.557890731Z,0.9942857142857144,0.02,0.01,0.04,185753.0002,64.67,315215643512430,8.0,50216219.0243467,0.131299706716192,175.0,8.0
12763587,7.23302752293578,0.6666,0.13,0.07,0.2,0.6666,4360000,cosmosvaloper1svwt2mr4x2mx0hcmty0mxsa4rmlfau4lwx2l69,0,sRZ9BDfbnfDVM+4qzeSBBxOb3S4=,2022-11-08T09:53:30.869074045Z,0.9942857142857144,0.02,0.01,0.04,185753.0002,64.67,315215653005027,8.0,50216862.84896646,0.131299714660401,175.0,8.0
12763588,7.23302752293578,0.6666,0.13,0.07,0.2,0.6666,4360000,cosmosvaloper1svwt2mr4x2mx0hcmty0mxsa4rmlfau4lwx2l69,0,ZxRgkwzNybBsXQVeTVUOuNryKR4=,2022-11-08T09:53:37.077440378Z,0.9942857142857144,0.02,0.01,0.04,185753.0002,64.67,315215662497625,8.0,50217506.47259914,0.1312997226046164,175.0,8.0
12763589,7.23302752293578,0.6666,0.13,0.07,0.2,0.6666,4360000,cosmosvaloper1svwt2mr4x2mx0hcmty0mxsa4rmlfau4lwx2l69,0,Wlnch0b9cn/d1cv1y7kMb2Fsz5s=,2022-11-08T09:53:43.721560861Z,0.9942857142857144,0.02,0.01,0.04,185753.0002,64.67,315215671990223,8.0,50218150.36316888,0.1312997305488385,175.0,8.0
12763590,7.23302752293578,0.6666,0.13,0.07,0.2,0.6666,4360000,cosmosvaloper1svwt2mr4x2mx0hcmty0mxsa4rmlfau4lwx2l69,0,Wlnch0b9cn/d1cv1y7kMb2Fsz5s=,2022-11-08T09:53:54.817642190Z,0.9885714285714284,0.02,0.01,0.04,185753.0002,64.67,315215681482822,8.0,50218794.1854098,0.1312997384930673,175.0,8.0
12763591,7.23302752293578,0.6666,0.13,0.07,0.2,0.6666,4360000,cosmosvaloper1svwt2mr4x2mx0hcmty0mxsa4rmlfau4lwx2l69,0,HO0wcz0WJciatphndgbQ43s2dqk=,2022-11-08T09:54:01.101792752Z,0.9942857142857144,0.02,0.01,0.04,185753.0002,64.67,315215690975422,8.0,50219438.53014929,0.1312997464372959,175.0,8.0
